file_id	file_name	file_size	strategy	patient	md5
f6836f6e-9e81-4a88-9ede-9d405fc9a0cf	TCGA-61-1734-11A-01-TS1.c55c7e4a-e73f-4dc1-88e4-c4318da07063.svs	192960191	Tissue Slide	TCGA-61-1734	2409dce74a753a61671a5cfd63252fcf
fee4451f-a89d-4bdc-b485-5e630cf4f8b9	TCGA-61-1734-01B-01-TS1.f85794f4-dc60-42de-91c1-90c8869241e7.svs	208998735	Tissue Slide	TCGA-61-1734	0ab2bfd1c28f017d3cc623630170d146
c07a5fd3-d2d1-4ba1-b35b-02e63353f5ec	TCGA-09-2056-01B-01-TS1.c06a79f0-b3e3-4099-b892-3ac829ebb42d.svs	170131881	Tissue Slide	TCGA-09-2056	c2b227c838816c94a143a7ae0e7ae1e3
0f8df5a9-4160-4013-8e5e-6193aeb2e80f	TCGA-61-1730-01A-01-BS1.0d98be69-ffc8-4e60-bf7b-28a55a88c0f7.svs	136318133	Tissue Slide	TCGA-61-1730	9467a451bc5ac741816a7a201bb3ce8d
8a9565e0-3ba3-483e-982e-33d2c4c1ecb8	TCGA-61-1916-11A-01-TS1.449cb057-aafd-4134-baf8-14ffb616aa84.svs	62537803	Tissue Slide	TCGA-61-1916	16eaf7ae29720ccfc4b133e1de9ca937
57ed1bc3-2285-4f8b-a5c5-8084af1c6dd2	TCGA-57-1992-01A-01-TS1.03e506e4-4962-4fca-8dec-cb50bc2d1e8d.svs	103094163	Tissue Slide	TCGA-57-1992	ff3fee356117739c3fcc256bd4c64c91
b5a9f9f8-0313-4c44-af71-d2562354f4fb	TCGA-13-1489-01A-01-BS1.89a1069f-7323-4169-9dbd-3dd204338851.svs	363464443	Tissue Slide	TCGA-13-1489	c044e4a50d77cc634203892e3b37c301
43b30c52-d59d-434a-a6ff-33ac0b962db8	TCGA-13-1489-01A-01-TS1.afac158d-0de2-4e56-a1e8-1970763d8563.svs	392283497	Tissue Slide	TCGA-13-1489	d2cfddb04d2344e7dd0c43f4c1c9e99f
837dc1f3-2fe0-4f21-98d2-4b78ce51d80a	TCGA-42-2593-01A-01-BS1.f32da966-5246-47e3-8242-e5e7ccf45ce1.svs	97523535	Tissue Slide	TCGA-42-2593	a882d151ee62864527b97f8ca6acf17c
94deda29-f5e8-4c20-8bcb-4626211d36ec	TCGA-13-2059-01A-01-TS1.d019fc24-5a91-42e4-b12f-2ea9301e9270.svs	449394979	Tissue Slide	TCGA-13-2059	a4ce246ee5aa37cb460a20474da59ab9
72f67848-310f-41de-bb38-de9664705c11	TCGA-61-2095-11A-01-TS1.fd64789b-5cb2-4e23-8a07-558207cc70d4.svs	42241409	Tissue Slide	TCGA-61-2095	acb175047f3023830807115ec9da4c4a
bfc3880c-38be-4347-a37e-aa540a5b3602	TCGA-42-2593-01Z-00-DX1.9d506f1d-a5b3-4643-bd12-91c33fae4286.svs	109931477	Diagnostic Slide	TCGA-42-2593	7aafe627c6c3cbb1e763ea05fcd29015
8088f6c1-6cff-4faa-beb9-d3f7fa891706	TCGA-24-2298-11A-01-TS1.d4b2f444-eecd-41d6-97c6-0a356b6a4cb3.svs	102057261	Tissue Slide	TCGA-24-2298	3b1f9caadb278d86fb86beab8e4483d2
f14e222f-64c7-4596-a810-c2a7d665623f	TCGA-24-1852-01A-01-BS1.17a514b8-d32c-4245-987a-ca1d028eed80.svs	108384639	Tissue Slide	TCGA-24-1852	57d1953fd0d10e4c3973fc3954210712
d02cbee9-e80d-4638-9bde-27f4dd1db878	TCGA-24-1852-02A-01-TS1.c73a3b58-6e7e-4949-9a39-77a32e8fcf47.svs	123160519	Tissue Slide	TCGA-24-1852	657cd82c492d0fe9382e43582292df16
778d3501-1d15-4579-90d0-d76c7bc16a5b	TCGA-29-1707-02A-01-TS1.38223c59-9e68-497a-ad88-5cafaaf27191.svs	101271389	Tissue Slide	TCGA-29-1707	edc794e917a2e3cd20a7c644a1dba334
af551bb1-e89d-40bd-b1d2-b8d42812c1da	TCGA-09-2049-01D-01-TS1.d6b6e081-a058-47c8-9445-6740c84b92de.svs	265083923	Tissue Slide	TCGA-09-2049	bc673f90fe054be227b76b66746577b8
1ca27df3-fc57-43e4-80e1-551d952914c0	TCGA-29-1707-01A-01-TS1.ae1266dc-4577-4180-b3f9-b063587254f9.svs	129255403	Tissue Slide	TCGA-29-1707	de8a06dc378314797f5413b4d46746d7
9d990512-1576-4625-8fbd-a8b46fbbdf99	TCGA-29-2414-01A-02-BS2.5006bae6-462f-4310-b8ab-8d7d8809cc0f.svs	141220505	Tissue Slide	TCGA-29-2414	0ef0c1307832bc2c94ad65b2e64eedc4
0b36525a-da68-4966-8c36-22dfc0490ff9	TCGA-61-2008-01A-01-BS1.ebbf8459-bf7b-4836-a990-3b6d50fae361.svs	121073269	Tissue Slide	TCGA-61-2008	9accd3a6842947de226a5cb76b997682
30dd85b3-4cef-4513-a2b0-85bbe2f7cb09	TCGA-61-2008-01A-02-BS2.3e834d4a-0868-4f2e-bf72-03aa2c766449.svs	147134891	Tissue Slide	TCGA-61-2008	f5ff10ad98626b9c571c3e96ce69c490
09a77753-6cdd-45ab-ac9c-61867c26b492	TCGA-29-2435-01A-01-TS1.3302664d-2406-4641-b54f-daf7400522b8.svs	29867407	Tissue Slide	TCGA-29-2435	e1e54444351955f056c52503c142cd46
dc12d1fb-de42-4e6b-9021-500c5a053c07	TCGA-61-2018-01A-01-TS1.41e68a20-ebb2-43f7-bb41-b729de7515a0.svs	97869893	Tissue Slide	TCGA-61-2018	6dde08de586d6f4dda31d2b79be10908
024ac7fb-7c66-4242-8800-85a5fcf7fa02	TCGA-29-1770-02A-01-BS1.446a3c89-4a95-4aed-b096-cab2ec0147b5.svs	29830275	Tissue Slide	TCGA-29-1770	cafdc39bc0564b685a6aa562a4e1253d
0ace2c66-258f-42b5-9e03-164d51ae3e20	TCGA-42-2587-01A-01-BS1.bf222503-8547-4e52-9414-a13a753bd0a7.svs	138824335	Tissue Slide	TCGA-42-2587	6d9fcdb8ff55a415910000e8e958bc9f
4f3960c5-e4f9-4983-a6de-77410e3be4ce	TCGA-20-1687-01A-01-BS1.1dd87cf9-da7f-4f8c-a47b-ae0a1905c2e1.svs	275189483	Tissue Slide	TCGA-20-1687	03fa4d5f5beec64c4e2e559e80139a19
c6befad1-b616-4934-903a-65f10e9fdc77	TCGA-29-1699-01A-01-BS1.60235f11-bfac-4f22-b602-c4c5b0cb0f54.svs	244672349	Tissue Slide	TCGA-29-1699	6e519a3685c03af82f357d131fcadc3d
be3b239f-de86-4e52-8039-62b2c624a5b8	TCGA-59-2363-01A-01-TS1.40e807a6-44b6-41a0-ae0e-0d202fd9cc1d.svs	174987601	Tissue Slide	TCGA-59-2363	7a4a2e8fc258240981095415334b811d
6f7b6fa9-26da-4dbf-994a-afd4febde0e7	TCGA-59-2363-01A-01-BS1.ea7d9017-b715-46a3-aa0a-dca2748be4d4.svs	236213443	Tissue Slide	TCGA-59-2363	312502594ec683af0212d77d8d9edf0d
6e412058-a17b-4398-92c4-7e93f1c3d2e2	TCGA-24-0966-01A-01-BS1.a6800fb7-6124-452d-84d7-29222262792c.svs	182073357	Tissue Slide	TCGA-24-0966	a61c77529563da435a423dc834928978
241984d5-b8d2-47e7-baf1-dce1e4018b11	TCGA-13-1411-01A-01-TS1.8b721a35-974d-4831-90d5-6874833d2a2d.svs	440157113	Tissue Slide	TCGA-13-1411	a961f208f42dd8faeb7ea9edd6cb821e
cd3cf281-f05b-4f5c-88ff-ff057aa08b2f	TCGA-36-2543-01A-01-BS1.1d73b9f0-095a-48de-b81d-1ab80ac6a5ec.svs	148142329	Tissue Slide	TCGA-36-2543	cd9d6b4c025bc939ee761ee05823cd8e
d13aa745-0794-4374-98fd-7c67cd35e3c4	TCGA-25-1878-01A-01-TS1.d6219de6-280f-4dd9-ab5d-4598c4781b14.svs	181168713	Tissue Slide	TCGA-25-1878	5bb1c5b326c9404761e2ecd2f8b0a1c8
7b740844-3133-4d64-9249-8907d9f12a57	TCGA-25-1878-01Z-00-DX1.618F8128-41C4-411B-9B26-B490E066B30D.svs	2919939438	Diagnostic Slide	TCGA-25-1878	63b3d4af99804640b753f41eddf13029
ce44a10b-eada-46ca-8c9f-5eda137a9dc7	TCGA-29-1697-01A-01-BS1.a93e70b2-87b6-41db-ba0d-f370e0abc3c9.svs	133249205	Tissue Slide	TCGA-29-1697	4a2f8faa8b77914a4b9f76cf3ed3bbba
4e9583c3-048b-4269-a77a-f5120f300ddf	TCGA-04-1351-01A-01-BS1.6d0fae8c-a9f3-4ab9-ab8a-d0fb03891610.svs	187152031	Tissue Slide	TCGA-04-1351	6d16cb1aae34ccb433f46e335a91196f
b9d29d27-8d3d-456b-bfb1-e0279603bc25	TCGA-13-1506-01A-01-BS1.790a38ba-47d7-4ac4-a25e-50a17f9a2a87.svs	166013851	Tissue Slide	TCGA-13-1506	406d0ed5d83eb05a9119372caa5d042d
06aaae91-591d-4cb0-b1e7-d89dc2b1979b	TCGA-42-2591-01Z-00-DX1.ea85e14f-5f0a-4ed0-9afe-025bb95fca40.svs	415765713	Diagnostic Slide	TCGA-42-2591	d7975be92b5de0d69c3034b4ab332cc3
352f8e1f-fa88-4f55-8732-3193ad91dae9	TCGA-61-1906-11A-01-BS1.6658eb79-3de3-47c1-870f-5a145ecd5234.svs	97320519	Tissue Slide	TCGA-61-1906	a7d63c4c50ae94714f19038d04e28b0c
3a2c4ae5-c857-4a9a-8ddc-e6381a6369fb	TCGA-04-1652-01A-01-TS1.8267ed7d-79c3-4239-8e56-0d007112d8e6.svs	204502129	Tissue Slide	TCGA-04-1652	8a7b882714da07b3e208ea54f5d5b650
d785ab8b-195b-40fd-ad4f-524e4ebc60e9	TCGA-09-2055-01B-01-BS1.69cd0762-51b1-4f52-832c-7d101500018f.svs	246233703	Tissue Slide	TCGA-09-2055	767470fd09749a86208388ef9e552527
b1471f72-cdf2-4b07-bf6e-ba788353b099	TCGA-25-1320-01A-01-BS1.61670b41-a75a-42e1-a67e-17b3c9e5d31c.svs	884481429	Tissue Slide	TCGA-25-1320	0ead987e9c293f93e0b61656e00d27b3
7b706ead-3336-460e-90f0-c0e91bc0d820	TCGA-61-1899-11A-01-TS1.4068ed55-61cb-4adb-a395-861e0e3bd8b5.svs	113378243	Tissue Slide	TCGA-61-1899	b699ca2528080aaf15d9799b72af5368
7519a9a5-dc89-46e5-bee8-60a64da05f82	TCGA-61-1899-11A-01-BS1.ec607318-874b-4d85-8679-1a5008d8337f.svs	121076091	Tissue Slide	TCGA-61-1899	9c830106965d35373dbc62761ee32733
e7f0b7f7-e19f-4fa5-af17-03b35cd6ba61	TCGA-36-2544-01A-01-TS1.2c02bda1-1709-4c1b-af28-71c233ebd9bc.svs	1391707533	Tissue Slide	TCGA-36-2544	52704901de0bcc6548af57eb0c78c6f2
2afb3347-2a70-4998-953e-7dc743739b69	TCGA-04-1516-01A-01-TS1.c0e535a1-7d76-495b-b3af-a0a3fa1e9cd3.svs	123958927	Tissue Slide	TCGA-04-1516	00bc9d57f194f7abd9c7e2d1f65dc31b
415d2d2e-1df1-428f-8fec-e358caf0cf8a	TCGA-24-1431-01A-01-BS1.cd2b0ba2-18ee-45d6-9b65-28574f20525c.svs	217851879	Tissue Slide	TCGA-24-1431	dc697e3ef0cc0aa3e8120fe6b31ced1a
5643e99a-ece3-42c4-b45d-621a5d6694c6	TCGA-04-1516-01A-01-BS1.bfc317cc-577b-454b-bf12-10c87c136b19.svs	84947097	Tissue Slide	TCGA-04-1516	e4a68345e0468aeb8148f26cea05ef8c
b36c8c4b-e55a-40da-ad7d-f9e6a3e28512	TCGA-04-1516-11B-01-BS1.ea3841e2-27fe-474e-a931-fd43f7cae074.svs	37450955	Tissue Slide	TCGA-04-1516	c33de674c7b7ac8186621bfbd034b2ec
33ff981d-c20c-422d-ad00-d5844d35dbcf	TCGA-04-1516-11B-01-TS1.758a8c6e-a3e8-4c74-a49a-fff0af4df60e.svs	46766477	Tissue Slide	TCGA-04-1516	dc413a7b5eb32e246eee99d06b4c91bb
8bb2a489-5833-46ea-bb2e-8548a4265201	TCGA-24-1850-01A-01-TS1.9fc9bdb4-0398-4cad-8be5-fc656870c9ea.svs	232109181	Tissue Slide	TCGA-24-1850	62f7479b0d9ad6c30c7a3c025a34f1b3
c68ca7d2-0b88-496a-ae18-c344b893f9c4	TCGA-61-2101-01A-01-BS1.ea43cb3b-f8d4-4869-bf64-ce0af7638a57.svs	271161763	Tissue Slide	TCGA-61-2101	1a33752ad0e823f803b757ab8d9965e0
fdac1cfa-a8cd-4933-88a9-4349ef0d3e15	TCGA-61-1743-11A-01-TS1.ad3a7ed2-61c6-4373-a11f-5a46a4f42878.svs	138143267	Tissue Slide	TCGA-61-1743	9252f5e1e98e2e5c1a520de4793c3c49
dee8620f-e9bd-4170-8636-a39bba4c72b0	TCGA-23-1111-01A-01-TS1.2a2f4620-789a-400f-bf1a-10b72d876ef7.svs	92778457	Tissue Slide	TCGA-23-1111	aea88a3c03f5cf043706db95a41be153
c84e3244-284d-4abc-8376-9d57b3aa8392	TCGA-61-2087-11A-01-BS1.1b5f9f9f-2725-4d48-9b1a-47fa2cd00400.svs	101518801	Tissue Slide	TCGA-61-2087	5cfadde96983bc9f986d510303a7bcc0
abca0388-2fdc-4e21-aa67-a5cb2cb1d08e	TCGA-23-2641-01A-01-BS1.dd2cb54e-ffc1-4ba7-a776-9aa12827fae2.svs	87153181	Tissue Slide	TCGA-23-2641	a0110c9f008e4dd9d2c467f8e180cfe4
6283f99c-4e0d-4db1-ae30-4982caa6cc83	TCGA-13-0908-01B-01-TS1.ee2524ac-c719-4a1f-8e39-a71d08e033dc.svs	282665945	Tissue Slide	TCGA-13-0908	8ea481e380e475dd64e44ffff888333c
a9b1a354-8a8d-419b-be9c-3928f88c052f	TCGA-24-2260-11A-01-BS1.2374a3e8-e970-4275-959f-1f20c158b27b.svs	129170261	Tissue Slide	TCGA-24-2260	be69d9034745d3a9c09a44b1402de687
bcc74a44-d415-4f46-8850-4e3beef49727	TCGA-24-2260-01A-01-BS1.4b0ef85c-e125-4b7b-9c89-34ea64a651c7.svs	153878431	Tissue Slide	TCGA-24-2260	4505272cc152e1a5a4be0c1404c2b4b9
366afb00-82d3-48a4-83bc-6c91740a96d4	TCGA-61-1900-11A-01-TS1.c82c3efd-0524-4d2f-a2fa-a8c75204cbd9.svs	117866481	Tissue Slide	TCGA-61-1900	0341f1989eb6c098dcecfe3a48262df3
57dfc076-2aab-44e5-b48f-ed6bbaf6e136	TCGA-25-1313-01Z-00-DX1.5A2732D5-01D6-4285-9283-1839E1703C27.svs	3630426186	Diagnostic Slide	TCGA-25-1313	8e6b91448914207bdb2d751d8c350359
f7a2b0d1-68c5-4c9c-a8fc-da47feb5bf03	TCGA-25-1313-01A-01-TS1.b3bd676b-4dfb-4ab3-9f96-5615490ade91.svs	191578665	Tissue Slide	TCGA-25-1313	50e25c04f7928205af87c828788f59ea
9c2d6cf8-7c5e-4822-96f5-d3684922a176	TCGA-29-1704-02A-01-BS1.9f55e6af-eb38-4346-a710-80d4b69ca95b.svs	63313509	Tissue Slide	TCGA-29-1704	227a11b05de112bbe4d6ed381faa21bb
b3539d5b-a669-42a6-8d78-c5b4774e4d26	TCGA-29-1784-01A-02-BS2.b8defa82-cc0f-44ec-9032-9cd4030304a7.svs	150573155	Tissue Slide	TCGA-29-1784	f2668c403b4bc44b0f30a5adedf1960f
9ccc80ed-cb6d-4205-a552-40f4552f96d5	TCGA-31-1955-01A-01-BS1.b396a342-2812-4975-a717-b9805016ccf9.svs	199836327	Tissue Slide	TCGA-31-1955	d6fb73011ff4c0a67033414d1e7a0f3a
8e739283-6cab-4a0b-a7e8-b2f7fb9ba66c	TCGA-25-2400-01A-01-TS1.881b0e48-63ea-433e-86f2-361f288cfd94.svs	239391145	Tissue Slide	TCGA-25-2400	3287bbd6226a5c0c17920489166295a4
98ccee7b-1c9c-49ff-927a-d3f106e19b91	TCGA-61-1725-01A-01-BS1.19559478-b60e-4af8-b6f0-a6773f29175a.svs	73430355	Tissue Slide	TCGA-61-1725	58e3b448123dfaa7e0f827769eb4168f
bb847f2f-d8fe-4437-b478-7b713b134f79	TCGA-61-1725-11A-01-TS1.f0f14be7-f68e-4216-b2d4-f335a47653de.svs	106869939	Tissue Slide	TCGA-61-1725	4c58e38c071c95025563559bf95b73e1
698006aa-48c3-4f83-90b4-449415015a46	TCGA-61-1918-11A-01-TS1.d2713b09-6b1a-4cae-815f-080e3f019b68.svs	47277553	Tissue Slide	TCGA-61-1918	615825910921901cff00601a195cd59c
2f797713-dafb-40fa-83ad-066da0fe7142	TCGA-61-1918-01A-01-BS1.2839dfd5-d116-494f-b31e-512aad6fc514.svs	298569973	Tissue Slide	TCGA-61-1918	6a11b85505b1abfbe45d6a9a6cd99bf3
37c085c6-5d92-469c-8104-f65ecac70765	TCGA-24-1546-01A-01-TS1.fce4f2d8-a91c-4dd0-a99a-b75361492286.svs	280175851	Tissue Slide	TCGA-24-1546	ba8050c7ad948e71e507a632009f5210
408c3f05-7964-4a30-ab09-627edcf890c4	TCGA-23-1031-01Z-00-DX1.12B1996D-E5BB-424C-B59E-4BE7E1ED6BA1.svs	1327235219	Diagnostic Slide	TCGA-23-1031	57ab46bb6d41cdaafed41de64e20c64f
600a5551-df49-4ae2-bcaf-2503f080b455	TCGA-61-1995-01A-01-BS1.e7dbda48-4123-45ac-aa6d-22b0d1567285.svs	370381077	Tissue Slide	TCGA-61-1995	b9e8b01b7a80bbb8239976ec3b35188c
eb75d448-1d0e-488d-8c18-f2233341dacc	TCGA-23-1031-01A-01-BS1.c2b7d619-b5ba-4879-92d9-9fd7dc6694ff.svs	78968705	Tissue Slide	TCGA-23-1031	37d877cf7519639d3fe382fbaec9dc24
6436048d-683a-4b06-b4d0-f5b86574628b	TCGA-23-2645-01Z-00-DX1.72C0AB89-9A64-4656-B03E-A5D65BA03188.svs	1802508275	Diagnostic Slide	TCGA-23-2645	aba60aa0afe8ac00a17237eae2883a81
20c985c1-ccce-463f-8096-d2714466bff7	TCGA-29-2427-01A-01-TS1.9a2ec747-2714-4a3a-84a5-5d6855ee018f.svs	222047701	Tissue Slide	TCGA-29-2427	5396dac26bd8fbd7a7fd6488505d81e3
8762d908-f09f-450a-bf40-124912b2cb14	TCGA-04-1514-01A-01-TS1.0a727057-86e2-47b9-be79-eeec6e07542b.svs	96537985	Tissue Slide	TCGA-04-1514	30081af6b7e3722a14b780d24e2913fd
f0a69ae5-a27e-4143-86ca-4ad17a77dc03	TCGA-36-2533-01A-01-BS1.b3a533dd-b7f9-49e5-9797-b5406ee1cdb7.svs	148973253	Tissue Slide	TCGA-36-2533	d46b09d2bd06a37614e52dc7a1326182
56c5cb0b-fd95-469e-9b97-2bc85a91d05e	TCGA-29-1704-01B-01-BS1.01c221df-89b2-499c-816c-0ca23aa7b85a.svs	118142201	Tissue Slide	TCGA-29-1704	97a608fbe617c43d849461c728bd3bac
7eb6018f-f4b2-4d9c-bac5-8896cca78891	TCGA-24-1470-01A-01-TS1.b8c86d30-2ff5-4a29-b5c9-deb324c8427a.svs	118113535	Tissue Slide	TCGA-24-1470	27d839ca663cfc5e49025e292fc95dea
5d405719-126a-40f3-9707-699ad8ef92a9	TCGA-36-2537-01A-01-BS1.65c1f90a-9ced-42e3-a894-7602d68dd239.svs	203534107	Tissue Slide	TCGA-36-2537	f311d188167be72dfd1fc99e57e6419a
009c5739-98fe-410e-ada0-dcfa71831e8a	TCGA-29-1701-01A-01-TS1.1e5a96c0-8c8b-49fe-8083-4e9b2248d324.svs	101766631	Tissue Slide	TCGA-29-1701	8d97939b424f33f2df5a317a4d24cce9
e039e116-8ba4-4e71-9b18-489d5fbfad3d	TCGA-61-1917-11A-01-BS1.14cc7a08-8a35-4193-8e4a-ddd96f55eb39.svs	29666169	Tissue Slide	TCGA-61-1917	8bc64bf5913c10be12aa471106923ceb
b54d4a8d-66f5-4df8-a229-2c7376f84dbc	TCGA-09-2054-01A-01-TS1.ca88b75f-1c48-4cce-84e9-97e78412a275.svs	317169605	Tissue Slide	TCGA-09-2054	03977e9db58002697f910d9d4f0f2814
5b7050c8-e24d-4f02-b4d7-9fa219dea5b3	TCGA-61-1917-01A-01-TS1.2da11de5-e96c-4f15-9429-f35b69a56f25.svs	220322269	Tissue Slide	TCGA-61-1917	a85bdccffa8782d3144cf45d7df7d70a
90c28739-32a4-4179-b217-5ff217ce286c	TCGA-04-1654-11A-01-TS1.dc8c9f0e-f202-4c51-a477-c30c7497f6bc.svs	66029335	Tissue Slide	TCGA-04-1654	de2e2e6055ce4f0630060c5fe0dd6fae
3aca4d52-6b4a-4d2b-a579-b8361cdbb873	TCGA-04-1654-01A-02-BS2.e288d3a0-e868-4b5c-9ea5-34ceb70f88c2.svs	73740705	Tissue Slide	TCGA-04-1654	b96e074f2861d89bb72929ca37828a0c
6af449ed-e91c-43bc-8312-96276ff6e554	TCGA-04-1654-01A-01-BS1.f232c15b-e101-4cce-b78b-a224f6a9625f.svs	210889181	Tissue Slide	TCGA-04-1654	c73e05f75651aee4b77bc685c1b9f890
47c34dfa-19e1-463d-aa03-6e1124d1afff	TCGA-24-2035-01A-01-TS1.219f3d14-d927-4732-acfe-9fb918296c53.svs	31887589	Tissue Slide	TCGA-24-2035	43015af18957f5b7165d2501f8597b51
66943574-c70c-47b0-9ec2-c9dabdc6446a	TCGA-25-2399-01A-01-TS1.cf0cf6b0-d4ab-45d5-a7f1-16823526f35e.svs	158097921	Tissue Slide	TCGA-25-2399	4d7eebfb23c3eaee8a6f803118774e70
de33f512-914f-44a0-912c-57dd80bdb1b1	TCGA-24-2035-01A-01-BS1.1ea4d2d3-feff-446e-a198-cd91ce4d56b7.svs	68879653	Tissue Slide	TCGA-24-2035	b6a6b2177107ccc78d806406d12c9af9
3a9d82e5-4581-4ca3-b04f-694cf666a3de	TCGA-25-2399-01A-01-BS1.55932ba7-125d-49c0-bb6d-b1c4b9d2622f.svs	136658763	Tissue Slide	TCGA-25-2399	3e757d7e4b9acc08e4124a2b15faacf9
db845015-be48-44a3-bf00-91916bba2e70	TCGA-13-0765-01A-01-TS1.9d588c3d-dc12-4984-a9d6-c5d048ab5f47.svs	159842985	Tissue Slide	TCGA-13-0765	97aace9410bffe480f7ea0e3ff08a5d7
d452bfac-4eeb-469e-b229-fcb8679e1fe3	TCGA-24-1545-01A-01-BS1.15782ecc-b634-4add-918a-e78c62c77bd0.svs	276562911	Tissue Slide	TCGA-24-1545	f6014c573da762e9b5954f0a4cee4b43
45369dfb-a04d-4d7a-afa4-1c5b8af1cccb	TCGA-24-1842-01A-01-TS1.5d87953b-1468-4ca3-b2ce-035d657d7044.svs	117802387	Tissue Slide	TCGA-24-1842	ddfcabd3969bf2943942698df3a74b17
59cdd2ed-2fa2-49ce-913b-e661ee5e838d	TCGA-25-1634-01Z-00-DX1.6E449C67-922B-409A-84B4-581B9B468682.svs	3364086764	Diagnostic Slide	TCGA-25-1634	f69088f31214c140870318ee932cb229
428bb3dc-16c6-4062-b25c-21fed0b2ea1e	TCGA-24-1103-01A-01-BS1.7318516f-445c-4455-bef7-4229045e6edd.svs	234151175	Tissue Slide	TCGA-24-1103	b1c3d19cf4966c851f55ae6b3e278d2d
c7ea8939-29de-45e6-81aa-8d022765e5c3	TCGA-23-1027-01Z-00-DX1.53F9DFF4-6811-4184-B2FD-1F6706B948FD.svs	1642502065	Diagnostic Slide	TCGA-23-1027	a5ac69f0b8d7a1125483055da72171c8
0a260cb1-cdc8-4b8f-a3f7-25e52c9ecb5a	TCGA-61-1911-01A-01-BS1.668ba554-cdf9-422c-8bdb-3faeccefa07c.svs	346330805	Tissue Slide	TCGA-61-1911	c0fc56980092d06f8fd96a165e5cc5cc
ef2338c3-35d8-430e-88e5-96d1927cb551	TCGA-24-1474-01A-01-TS1.8b1c59c3-2589-42bc-b824-90b082f1e893.svs	167338717	Tissue Slide	TCGA-24-1474	ba876b9fbd1642dbe0e40e66592782be
b69674d5-745d-4d18-8f1f-0e9f8c9876af	TCGA-25-1312-01A-01-TS1.9d91008f-8c12-4e4e-aefe-ee9daff487f8.svs	420844821	Tissue Slide	TCGA-25-1312	fbf3bb38e084e2fd2908f97f5c9bbbb6
e71801b2-20be-4a18-8e7a-c2887566e614	TCGA-29-1766-01A-01-TS1.b06eb26c-0803-4278-b5bb-8a23e94145e0.svs	121852273	Tissue Slide	TCGA-29-1766	b39b4df1ef9d3c85b9081309e46860c2
e9185565-3a50-4282-9159-5f48f698cd28	TCGA-24-1544-01A-01-BS1.8b67402c-67b0-4909-b96c-f8a7f9e85ced.svs	134980611	Tissue Slide	TCGA-24-1544	8304358a6491169f5bec8584c1629a2a
16f80263-50a0-4d07-9d62-750211ab1cd7	TCGA-24-0982-01A-01-TS1.7a24140e-0062-41a3-bf71-a70ce3f4124c.svs	273641123	Tissue Slide	TCGA-24-0982	f827f13fd60f50a7a6defe03b012f3e8
74cf1549-1ece-4abc-b57c-f9b3fdf17900	TCGA-30-1718-01A-01-BS1.1442d515-ab98-42d8-ac97-9a823ef7f0f9.svs	144523959	Tissue Slide	TCGA-30-1718	d0843325d9508832760888ed05fb4dc3
b59b4990-496d-4a29-bb26-c741394c10f7	TCGA-04-1365-01A-01-TS1.136edbd4-a232-411e-9795-7ab0bd785b14.svs	111714319	Tissue Slide	TCGA-04-1365	ab2c4f843eaf69b2cce25e1095be64b3
c813852d-0cbb-4d1f-a3c8-4bcbd7bb1da2	TCGA-23-1114-01B-01-TS1.453252ed-fb64-497a-ad1e-366b5737eaac.svs	68250471	Tissue Slide	TCGA-23-1114	1319d75bd7e7dff884566e884cca7736
a30d24b2-3ae7-4f1b-ac0a-bca144e564de	TCGA-59-2350-11A-01-BS1.7339d269-817e-477a-8b77-8f239960668b.svs	97683903	Tissue Slide	TCGA-59-2350	32e8a6b56085fd5941035bcc8eee8a27
12d4d2b5-9624-4525-9fe3-966a9c63fcd7	TCGA-24-2262-01A-01-BS1.4f040506-3126-4be0-9bd2-91ef4ff0c00f.svs	128296037	Tissue Slide	TCGA-24-2262	ea94eb79bb7b0123c61ded0c09115e60
b0596219-9293-45e5-a4b7-db2492990799	TCGA-24-2262-01A-01-TS1.2458cc8d-8541-420a-a725-db4e4d1e3e6f.svs	135297821	Tissue Slide	TCGA-24-2262	88a53451b30a3647695857b92127c600
76d65c83-49af-4c59-9d46-0a89aec36590	TCGA-20-1685-01A-01-BS1.feed65e0-de49-4233-b948-05c1f13b9375.svs	107859847	Tissue Slide	TCGA-20-1685	15c48f2af8a00a4adcfe6ab808ddce08
f2371cee-3e29-4901-a93f-74038e1797a1	TCGA-25-1325-01Z-00-DX1.FA0DD977-D2F2-4319-B614-3EB20E966D97.svs	3408033806	Diagnostic Slide	TCGA-25-1325	956565e54816b2f311a4aa2e00a9faa0
0b0e390d-a607-4cd4-8dc7-83ac0280e260	TCGA-25-1623-01A-01-TS1.0fe7be03-c1ff-4faf-9c06-fc7a7c5060c4.svs	319953099	Tissue Slide	TCGA-25-1623	91156454cb0bae971a4b019793312e6f
298c1d0b-ea43-451c-a166-c2bb05148b7e	TCGA-25-1623-01A-01-BS1.e305f292-cf49-4cc0-bd23-bc1399e95e4a.svs	148179741	Tissue Slide	TCGA-25-1623	81653a629dd28b4d8704b0942905ec5c
d1a0fe56-1622-4542-9f75-329893415fa7	TCGA-13-0757-01A-01-BS1.1c65aa00-3fda-465c-9d0d-601b9964b111.svs	74442643	Tissue Slide	TCGA-13-0757	e5c713b14f4c5e2a62249697c2f3b24c
389509ee-a0e7-40a1-b693-3febfc0dd2b5	TCGA-25-1623-01Z-00-DX1.28D89405-5F27-47CF-ABC7-01AB494C28D2.svs	3626573712	Diagnostic Slide	TCGA-25-1623	9b8b6eb177c2e3bb4a155c406f97512a
d939eef1-22f0-453b-b20c-66aa0a5979b2	TCGA-36-2540-01A-01-BS1.3e864da9-1039-4e83-ba37-6ae36f322b4e.svs	173811691	Tissue Slide	TCGA-36-2540	6eba0b57e45fc3b91b19dff7e996ba73
6b2b5140-215e-4fce-9325-4669f93ac08e	TCGA-36-2540-01A-01-TS1.f56422f3-894e-4b30-809d-8a841afaee17.svs	544103101	Tissue Slide	TCGA-36-2540	7da27905205b53e7e87c486d2b5158e6
31d1b0e9-d568-4285-900a-68b533fa0468	TCGA-13-0890-01A-01-BS1.6433d874-5a87-4965-9072-6cd85d3ab811.svs	237511547	Tissue Slide	TCGA-13-0890	87bd6cacb9d2c8be6172e609a5bae11f
f20f5fc1-2082-421a-a912-5299497255fc	TCGA-61-1914-11A-01-TS1.f7e5dcf9-abe4-4ca7-ad43-ea087d8e9cfe.svs	103809545	Tissue Slide	TCGA-61-1914	77799a7da39428c2e37442ada7e5ee78
0df15ff8-9b97-4944-a85d-1faf7b338f1d	TCGA-24-1924-01A-01-TS1.fba40711-32d3-4959-96d3-fcbe4bf6021f.svs	63452889	Tissue Slide	TCGA-24-1924	d32eb0e79519ad24c15653e3639f2b57
06e4abb8-2ac8-459a-9709-44ceb9ccd01e	TCGA-61-1733-01A-01-TS1.feaea5e2-8c15-4890-af4c-c81a7c86bff2.svs	135513033	Tissue Slide	TCGA-61-1733	e1e574204021e04f5d193c13866b509a
ac4a38b8-d5af-4ec0-9a68-80f325ac3b7a	TCGA-57-1582-01Z-00-DX1.BDF02DAA-E520-46BD-A479-58CAA4354B1A.svs	90025528	Diagnostic Slide	TCGA-57-1582	1dbe6294d671cb47cec59704b4c884ed
fc04bc19-2db2-44ba-816f-33c995bc7da8	TCGA-57-1582-01A-01-TS1.9e678536-fc06-43d6-8e9b-82f6376eda8e.svs	44614161	Tissue Slide	TCGA-57-1582	b04c267434b83ea1c1c7a3c960b4ce17
2abda166-b60d-45f2-a9dc-62c8132ed6e5	TCGA-13-0755-01A-01-BS1.49bb794c-7825-40f0-89f0-d4a22419e043.svs	103410489	Tissue Slide	TCGA-13-0755	f8d9a51029a375bcf0c80837b5d565bf
9cb265e9-0a30-4674-b0df-7399d956497b	TCGA-29-1761-01A-01-TS1.26b76609-e133-4641-93f1-5497015975a4.svs	105227871	Tissue Slide	TCGA-29-1761	fb0c222a75c8a2f71dae613abb05f6f9
1ccfa45f-dbcf-4576-b9b3-790432c62569	TCGA-24-1422-01A-01-BS1.53e4f6dd-f37e-4292-aac7-083bf40da8b5.svs	256111467	Tissue Slide	TCGA-24-1422	7317a1889279a84eb037c245b4f92b36
5fa3e881-1207-464e-b2c4-d5da354b4f7d	TCGA-24-1563-01A-01-BS1.77a77ca5-d792-4b25-9b37-f9f5ba572e04.svs	152683765	Tissue Slide	TCGA-24-1563	2213861a1a7ab07519868f78e0335267
17351178-6fb1-41b8-a78c-4f86ac13cf1c	TCGA-25-1314-01A-01-TS1.9b4cf016-a495-48c9-b3dc-8ae0663d66e7.svs	747451271	Tissue Slide	TCGA-25-1314	a44c66f2bd0790b50215682ff0523e52
9b8a6fe1-9d2e-439c-bad6-ba4b08e48245	TCGA-13-0807-01B-01-TS1.29c902d6-5a2e-43bc-9913-e0f549876512.svs	226523383	Tissue Slide	TCGA-13-0807	744a3f29aeb7c0013da12ad3f2dfa645
45e8e8cc-3b48-45bf-ac6f-ecbee7dd2d0d	TCGA-24-2024-11A-01-TS1.89ac2264-acc8-4422-9849-511cdf042424.svs	251712627	Tissue Slide	TCGA-24-2024	04fd6467ad3a438d813574f1e893da5d
41e743c1-6dd9-4691-878c-13a9e22f880b	TCGA-13-2071-01A-01-BS1.e97d97ef-580e-4ac0-858f-29e41dac0b86.svs	534448011	Tissue Slide	TCGA-13-2071	a7fa57cfd36325541729503bdfbf79c9
10e22ceb-27a3-401c-9291-dc6d2e87bc95	TCGA-13-2071-01A-02-BS2.f6520f68-3a61-4799-8ab1-6998727698e2.svs	536709977	Tissue Slide	TCGA-13-2071	248284775ba241870db7e754af8e5558
e9d30eb2-a651-47a2-ab85-e54c5bef2f41	TCGA-29-1698-01A-01-BS1.89d30e7a-5494-4d72-aa3b-36dc6e32301e.svs	295428083	Tissue Slide	TCGA-29-1698	972c84f0f94f1d43df87c889199a6149
82a99cad-7fa2-43e3-a503-5c3b22dd243b	TCGA-13-A5FU-01A-01-TSA.3E101E35-4232-47A1-B3E7-CA9CDA59AE4E.svs	262187505	Tissue Slide	TCGA-13-A5FU	473d70cf5af6420cdb9b1dc34a6af961
cb011ceb-7ad3-4327-9360-a9df228596e7	TCGA-13-A5FU-01Z-00-DX1.9AD9E4B9-3F87-4879-BC0F-148B12C09036.svs	544302707	Diagnostic Slide	TCGA-13-A5FU	33300b72e9d1f28de14a8a8197cd2462
e62251db-9dac-441d-bf32-35d96c6a72b9	TCGA-61-1740-01A-01-BS1.5fb2819b-b403-4623-86da-ae6f66b43aa7.svs	153993549	Tissue Slide	TCGA-61-1740	23ac1b81dc7a606d7f1db61d2905caf6
5207d8b0-4992-412c-8774-37d6e266a883	TCGA-13-0720-01A-01-TS1.c541bfd4-c049-4fad-ae6d-efc62810bd60.svs	410315789	Tissue Slide	TCGA-13-0720	049c224a92a27ee2dedb6d25a4904e1c
73e98b71-cd72-4760-aee6-6dbe2b3d711b	TCGA-36-1571-01A-01-TS1.481fbd5a-885c-415d-8462-550e3b4d54b6.svs	55662119	Tissue Slide	TCGA-36-1571	a9d62ec51904be765c18c260f1fe363d
349193ec-1c3d-47c5-accd-109852102531	TCGA-24-1418-01A-01-BS1.8c2fa6a6-86f7-486b-8dda-3c8c0bab4811.svs	159122163	Tissue Slide	TCGA-24-1418	bfa3b0064d17b477d0aba5c57a752d15
422a20d6-eabb-48f9-a707-55c2b1c2ca03	TCGA-25-1318-01A-01-BS1.71909c29-59a7-45ec-945b-d7965aeec9a5.svs	294687277	Tissue Slide	TCGA-25-1318	dc32c39383fddc81157352b20b91318e
ba9550ee-bf3a-4b16-940e-6f9b210e9094	TCGA-13-0797-01A-01-TS1.f73bb3f4-9dac-462a-bbb7-feec138ebf1d.svs	361432489	Tissue Slide	TCGA-13-0797	487793e7945ee8200618c8e954105713
df646557-6113-4c65-b70e-81659bedddce	TCGA-13-0887-01A-01-BS1.8936aa9f-f77e-419d-ae3f-8b88933225ef.svs	182398071	Tissue Slide	TCGA-13-0887	a5c8efd974aa4481d1d80d409da10220
e4ccb1ab-e398-400e-989e-654cbb6427b5	TCGA-61-1741-11A-01-TS1.54285820-8288-440c-b20a-60ffd95c581b.svs	64002353	Tissue Slide	TCGA-61-1741	8eac98300bc80ea70902db439f989b36
678a2523-c12b-4405-b39e-10d489dbe806	TCGA-13-0885-01A-01-BS1.5245b3d4-1105-40ba-aa2a-8f093459f125.svs	115287247	Tissue Slide	TCGA-13-0885	954d2313b35c2be9c02fb99d175faa66
66526196-4144-49c8-b240-e9718d9cf385	TCGA-04-1517-01A-01-TS1.44419f12-78c0-405f-af43-289460beb5f8.svs	188520429	Tissue Slide	TCGA-04-1517	71d6e48b51e1339597f3fe6a66cd6ca3
1a000f79-2c16-4b8e-8a5c-002ccead5f97	TCGA-24-1567-01A-01-TS1.09e67e5f-318c-42e7-a0bf-b00fc7f85356.svs	131467519	Tissue Slide	TCGA-24-1567	71222a8173d4125ffd26d36d67106a16
2cb618d5-07bc-4230-baa6-b06c09095193	TCGA-23-2084-01A-01-BS1.55a32aa7-50fb-4a0a-ac8a-6c62173174ab.svs	74846195	Tissue Slide	TCGA-23-2084	7abea9e851786b7bfb7f02d9070f7737
f35ce04f-9ea3-432d-8800-9dd9ebc5d7d5	TCGA-13-0921-01A-01-BS1.c69b2381-3997-495c-b16f-178cf6c107a1.svs	384194615	Tissue Slide	TCGA-13-0921	e724c0616112925123adb93941b00ecb
5aae670a-8f4a-41a6-bf49-c31ebc9363c1	TCGA-36-2552-01A-01-BS1.b3c96dcc-504a-480c-87b3-9c88b0ea8c33.svs	240199983	Tissue Slide	TCGA-36-2552	4f5c9f2ec52a0b23e91f765a26009d46
f98dd2c2-e0ea-4ba5-8070-64fd9968f2a3	TCGA-13-0901-01B-01-BS1.a01b26f4-7a4c-4529-a400-e6ad62f1a956.svs	305856683	Tissue Slide	TCGA-13-0901	aee72a42e6160032228440798e9ef509
26c6dae5-f15a-4dcd-afa9-aec2efa69371	TCGA-24-2288-01A-01-BS1.a45d4cd8-d5c7-4d1c-9911-335e306097da.svs	111360147	Tissue Slide	TCGA-24-2288	987222fef61cebcef262a7217c1882df
3b288d96-66fa-4e3e-ad63-ea46d9f65d39	TCGA-23-2081-01A-01-BS1.a28a9267-eff3-4e25-aa28-3397f0b0773c.svs	73688509	Tissue Slide	TCGA-23-2081	8472f6b64288154394dddbe9dae2fcda
adb6fcbc-64de-406d-8a00-18474064c0ad	TCGA-13-0730-01A-01-TS1.fde90bcb-ed7b-45b6-954f-fbf94f6aa317.svs	135261959	Tissue Slide	TCGA-13-0730	fa52551bd4d67cdba72dd460a93d38ac
aa112f7a-49f4-4591-974f-198f03c724e9	TCGA-25-2401-01A-01-BS1.8c7e8e52-32b5-4abc-831a-1e32c7780162.svs	304403467	Tissue Slide	TCGA-25-2401	973c5c88c1186a2fb4e0cc675a242a55
80de6c51-16b3-4d70-90ab-7cd1cffa3baf	TCGA-25-2397-01A-01-TS1.ebe0e5f3-86fd-4550-9b05-fa5ee9c47fdf.svs	136093953	Tissue Slide	TCGA-25-2397	47998efd0946174450fa556bf61c4fcb
e805719f-de36-4cc7-ac20-c21ed1b9ffe8	TCGA-09-1664-11A-01-TS1.951f9a91-2081-416c-b030-04650d11ef75.svs	148424231	Tissue Slide	TCGA-09-1664	d03c3a659be8e5ba5e883dceb6f85d41
d68858d4-89ef-4165-9cae-06cf4bf6703e	TCGA-13-1501-01A-01-TS1.955ec489-489b-4ec1-8410-3f5e0bccc505.svs	333897207	Tissue Slide	TCGA-13-1501	cb0baef3cbaf49fdcb9d676f0a81cf12
3700ce99-9d23-4fb5-9e1a-ef38ae5e40b4	TCGA-13-1497-01A-01-TS1.df740e3b-2d04-4a35-8927-ed788875d668.svs	275041029	Tissue Slide	TCGA-13-1497	b0a940292e17925d49616ca486372635
c5fc20dd-2780-49d8-9146-5dabef404f33	TCGA-13-0919-01A-01-BS1.9dba794e-8d22-47f0-b5bf-9e4704b7096e.svs	211528649	Tissue Slide	TCGA-13-0919	ad8854a69eaa2c074f7dfd9e55b622b2
de328bd4-52b5-466b-b83f-df568cf6e877	TCGA-30-1860-01A-01-BS1.3f2f52d2-e19d-4b63-9bf7-d02377f667b7.svs	84367275	Tissue Slide	TCGA-30-1860	cd04d46097fa1699e13ad7f59fec61a1
71a63a19-0ad2-4f5c-89cb-bf17792c0ede	TCGA-30-1860-01A-01-TS1.751e5a7f-2a59-40cc-866f-cc3780f7330b.svs	121420567	Tissue Slide	TCGA-30-1860	7bc0c4a7859b3eaa62f0b14aaa9b8737
779ba38d-22a6-4460-855c-f656f7061bab	TCGA-13-0793-01A-01-TS1.7940619d-5abc-4258-ad64-b28d97447fb2.svs	213492997	Tissue Slide	TCGA-13-0793	06210447c50661baa258f88ec46fbdfb
99cfec5b-e2e3-4a3f-8c75-b16b4e691706	TCGA-04-1369-11A-01-BS1.4a4136e6-e68a-4cdf-8582-e64b27bd2be6.svs	91579127	Tissue Slide	TCGA-04-1369	7059f277f0c457b05c4661c3e618c088
0751c568-64d6-46df-85a2-6dbf6fbd8b45	TCGA-61-2016-01A-01-TS1.594dfeaa-7d8f-4611-a598-47bd791e4340.svs	138518159	Tissue Slide	TCGA-61-2016	1741854f5c39358d69e05efdd512981f
7f0d594d-5b17-4a92-ba43-bff6427ebc87	TCGA-24-0968-01A-01-TS1.0ecb0b53-3dd6-46d9-a492-c179639330a6.svs	141033057	Tissue Slide	TCGA-24-0968	bbbb34c41e4e88041f43974db4b88b2a
b16588f7-8d05-40ea-8e00-e28d3e6b099c	TCGA-04-1331-01A-01-BS1.27aaf831-a80b-4a55-a239-3a24caca9c28.svs	67013105	Tissue Slide	TCGA-04-1331	f1af0c45416a8932dd065d258ccbf149
909f7b6f-1ea0-4ad0-bc8e-594f5d107f2f	TCGA-23-1113-01A-01-TS1.57c411b9-9c95-4c31-a3b5-110683e0e020.svs	65939007	Tissue Slide	TCGA-23-1113	10782a35bbb64d0d13b7568983cf5eb8
c6cb9fb8-b425-43a1-a0b9-fcc32ac455da	TCGA-23-1113-01Z-00-DX1.D72B1587-444A-4DEC-8D92-703699822BE2.svs	988224639	Diagnostic Slide	TCGA-23-1113	d463154281eacfd53e5ec0b5fe4084e9
89da6f9e-7aca-4aa3-b34b-9c6a6e28301f	TCGA-24-1548-01A-01-BS1.f934c9c9-8ca7-4dfa-acf9-9776b6604001.svs	143162143	Tissue Slide	TCGA-24-1548	57c765ccbefad428ff62f7905e1e4434
07f4054a-7f46-49bc-b63e-02e49387f18d	TCGA-24-2023-11A-01-BS1.e147aecb-c7eb-4ff5-b872-4616989a217c.svs	37460239	Tissue Slide	TCGA-24-2023	1dd4f4edd761b0ed04d5503e7c60b8da
0a53a98d-4bd1-44b7-8a40-1f3ee2a2d7e6	TCGA-24-2023-01A-01-BS1.c8d44f47-325c-41b4-99be-a9383fe47b08.svs	177968387	Tissue Slide	TCGA-24-2023	a8b85d39f62aef853cd98dbc93d0872d
13871d51-543f-4c56-9fac-9d23cc7616b9	TCGA-24-1552-01A-01-BS1.7af35fc5-d9df-4cce-a0c6-30dde43ad0a2.svs	121981347	Tissue Slide	TCGA-24-1552	d91ca0be1d1a22c3e652ac61f4613269
2cf3a269-ae0b-4366-ae73-564bbd1f5962	TCGA-13-0804-01A-01-TS1.b9fae803-f9dd-47ee-8417-3f7af1bbf123.svs	503567537	Tissue Slide	TCGA-13-0804	6f6289042bd77390f7e051786dcbc957
c1fc3a5a-7ae7-460a-8245-fc1b2e9e0228	TCGA-24-1434-01A-01-TS1.5c90f4ac-d2c5-4ecc-903e-15c0501db247.svs	256261367	Tissue Slide	TCGA-24-1434	f491b2e3077d5f6b37cf0cede82b869a
ca52cab4-a686-4204-91d1-42954af63d92	TCGA-61-2102-11A-01-TS1.de7e6ee6-805c-4df0-b4f3-d9788c27e384.svs	58849667	Tissue Slide	TCGA-61-2102	af268bccf8c5c77dbac6ab0f18cfbaa9
8b00d9f2-269d-4040-a311-6599764f847a	TCGA-61-2102-01A-01-TS1.560f25cb-a79f-4eee-ad74-a0130d207db1.svs	113036627	Tissue Slide	TCGA-61-2102	ad371f07617e229a1c2aa0448eb43fc6
92f6d7ee-ed51-43ec-b27e-88809fa21e95	TCGA-24-1552-01A-01-TS1.295ebff0-1ee5-4fe1-a6e1-35951c014456.svs	120637201	Tissue Slide	TCGA-24-1552	b7d37455c4f5c4a0707eacfd17b22900
db87b97d-7123-4189-a329-86d45664b50e	TCGA-24-1846-01A-01-BS1.08e47dff-31a5-4515-8b39-58f3e11a4c7a.svs	177158561	Tissue Slide	TCGA-24-1846	004e236b179dd773d74257bfaebe41e8
5d75371b-64fd-46a1-a616-5b2c78663c2b	TCGA-04-1342-01A-01-BS1.60d1ad37-988e-46c9-82a4-a94d69c21ad0.svs	232203223	Tissue Slide	TCGA-04-1342	1ebab9e13bb6d22f43a1ec3a69bec478
496a9678-8a4a-4cd5-8505-09230da8a846	TCGA-25-1631-01Z-00-DX1.7CA82CFB-E5F6-4148-8B5E-088B7FE6331F.svs	4150552750	Diagnostic Slide	TCGA-25-1631	17c6b2ae40ff2a0e8d181304e8128c3c
171ee055-1b03-46c7-9d6f-0dcb1551737f	TCGA-25-1321-01A-01-TS1.3cdd3537-543e-41b9-b024-f4b843205c0e.svs	403106533	Tissue Slide	TCGA-25-1321	1c71d5d108129d2cfd869769f99288b9
2ef04ac2-1702-4fd1-8a7f-c9e9a67dbad0	TCGA-04-1342-01A-01-TS1.66421418-fc94-4215-9ab1-6398f710f6ca.svs	73237847	Tissue Slide	TCGA-04-1342	f345f1aa2f6108b42a711bfcdcbdad46
836438b5-59e8-4040-aba2-45317e94f891	TCGA-13-1512-01A-01-TS1.2fd7c3b6-e8fe-4542-b392-811c192282ae.svs	546655333	Tissue Slide	TCGA-13-1512	2eb66b8a92e904e2e7acbedda04db792
8f3c3bb7-8676-4803-95b6-d2dbe3db457f	TCGA-13-1505-01A-01-TS1.8eca8e28-c530-40b1-840b-2c50c23758fa.svs	175166413	Tissue Slide	TCGA-13-1505	59fca90d3612fd31e96603f5be966e33
302c66f8-3787-4351-8b2d-bb23b139e494	TCGA-29-1768-01A-01-BS1.0bd351c0-aed9-4bb2-a773-e56918399ad5.svs	134498251	Tissue Slide	TCGA-29-1768	fb96a4658d8bd7a129a89fd602833c6d
6566335b-3f5d-46ba-8419-819f71d3bd39	TCGA-61-2110-11A-01-TS1.92c81f02-922c-459c-9a12-f9b95ea031e1.svs	34389987	Tissue Slide	TCGA-61-2110	8c46e98a425f631a189846d95973d0b0
30e18987-aeb5-4e19-9e63-6c221c24ca60	TCGA-13-0795-01A-01-TS1.715a85bd-eb61-468f-8e17-dc8088b4af18.svs	208377755	Tissue Slide	TCGA-13-0795	a1e8f92e27fc3b60efb025dfec7b3ba5
31d9a30a-73e9-4506-8449-ae1ef517aed5	TCGA-23-1024-01A-01-BS1.7c5c688d-74e7-470a-95c5-115c73451c0d.svs	68876313	Tissue Slide	TCGA-23-1024	7dba05d1df7a0c574b87d5b3c13123dc
96fa552f-e2b9-40cf-be6e-c41a9fb9900b	TCGA-13-0799-01A-01-BS1.663bb922-1c7a-4eda-a538-20aac42e3e19.svs	414600173	Tissue Slide	TCGA-13-0799	e374713d20c89336f8fbb753470db25a
997badba-fa70-44d6-93f1-873682dbbea4	TCGA-10-0927-01A-01-BS1.9a7313d6-6b16-4e4f-b530-2a37dbc98170.svs	141402245	Tissue Slide	TCGA-10-0927	483036810a7c645db458458439257c7a
0f0d7ecb-9d99-4e9b-bbb1-145062fec9a9	TCGA-20-1683-01A-01-TS1.d6e3a27b-344e-4566-ad53-33189f1cbe02.svs	42556983	Tissue Slide	TCGA-20-1683	69a28cb19a9fc874cec8cfa51f2f428a
98edfbe8-b989-4b9b-b925-007c35fc0fd9	TCGA-23-2649-01A-01-TS1.0a5282b3-4ae5-4383-a6dd-91f55650e977.svs	121655447	Tissue Slide	TCGA-23-2649	d2da3e608114997d9682471ab5816dab
2a48040c-9ed5-45e5-b5eb-7ef12a077327	TCGA-61-2009-01A-01-TS1.098afc71-5dba-4fcd-8059-9d4d806db2b3.svs	399401239	Tissue Slide	TCGA-61-2009	b7bd65ced97d3c7f940e2c1d7efcaef0
788f2900-2a8f-4fe2-a094-712126480212	TCGA-25-1322-01A-01-BS1.df752342-0132-40ea-96a4-91c9f7f23eb2.svs	605293113	Tissue Slide	TCGA-25-1322	bfaa62996cef1bc3318e8e567548b676
c573ee9c-06de-4b48-9e29-f392d85b7736	TCGA-13-2066-01A-01-BS1.665d85a4-5eea-408b-be3b-055803e5a179.svs	554555227	Tissue Slide	TCGA-13-2066	07d89a0f15bb1c1248d0dda56a1ea92a
3b1d7ead-2f22-4723-8a25-fc0696ca3098	TCGA-29-1764-01A-01-BS1.4a4a7a74-f52d-4121-9d82-1e5d3a9fb782.svs	107089295	Tissue Slide	TCGA-29-1764	74043e9928123543891ca2b3ecc1d392
9276b875-4229-4edd-85f3-15a94764dd8f	TCGA-29-1764-01A-01-TS1.fa2d312b-22b2-4bd8-bcd4-4633fea07279.svs	59556579	Tissue Slide	TCGA-29-1764	19cac566bd00b31226a47611555fc9df
ed3ab741-49c2-45bd-97ba-59ffb713fc56	TCGA-61-2612-01A-01-BS1.09aaa7ac-b1d2-4859-898d-4b72857b201b.svs	526637695	Tissue Slide	TCGA-61-2612	49c6935e1bc2bfa661a493290c1a9f0c
b2c5f61f-67f8-4002-9d10-941e40a11097	TCGA-36-1577-01A-01-TS1.ef2d27c9-2651-483e-916d-bd0f0f9b8cc9.svs	256821639	Tissue Slide	TCGA-36-1577	10ccb92e28c7b84ce7da0e406894708f
0ae06451-ea67-4edc-84b6-a6ca7d21adf6	TCGA-20-0990-01A-01-TS1.f462deeb-65bc-41f6-8a22-81e56f05a789.svs	67603877	Tissue Slide	TCGA-20-0990	5ca0a67af363d622b7105932c7afd501
64b71f8e-5234-40aa-b19f-06c6138f058e	TCGA-13-0910-01A-01-BS1.67bc20f2-0c5e-498c-9da0-a94b8f6126f4.svs	193537277	Tissue Slide	TCGA-13-0910	fc7afc5aa0a5a0027b3310d95691f855
88a0d8cb-68cc-4b4c-b69f-506dd6fe6ac6	TCGA-13-0792-01A-01-TS1.a30c49b8-4ccb-4c17-8858-077fe9c1ff95.svs	124341261	Tissue Slide	TCGA-13-0792	0fd825c0acae0510c218b63a31e40786
84535015-93db-4323-9d19-2a5c7f09baaf	TCGA-04-1655-01A-01-BS1.55f36120-46fb-4c88-b137-81798b011a9f.svs	72816155	Tissue Slide	TCGA-04-1655	eaa3078ace8c0bb2f6090503c225ef84
9ae00c55-c498-4ad9-9485-b3acd8fee28d	TCGA-23-2077-01A-01-TS1.b658f179-d2f9-4a22-a915-22a36159cf9a.svs	85837441	Tissue Slide	TCGA-23-2077	7a99fa925b503fac7af51ea117b49e1a
99937dac-6f4b-4b39-bcbd-df5830558a84	TCGA-23-2077-01Z-00-DX1.9EB664FA-CC13-4A49-89BA-8A4573CE48F1.svs	1531744381	Diagnostic Slide	TCGA-23-2077	4f294d35cfa1ce96e96449cbb93d5dac
add420a6-2153-4300-8539-b2054f3766a4	TCGA-13-1410-01A-01-TS1.d9211bc5-759c-42ad-acbd-a0dc7798d272.svs	383137665	Tissue Slide	TCGA-13-1410	3759eff1fc64d5c2f38bccaf1419b9c0
a98dd31b-2bcf-4605-8a1f-ab7e06f96792	TCGA-13-0889-01A-01-BS1.db0e25a5-cb7b-452d-a45c-1fcb07ba5ac3.svs	379965121	Tissue Slide	TCGA-13-0889	72f74c40835d2e02a3485d43247d2c8a
d5cc9a61-fa6a-433c-aa18-339ae5874c3e	TCGA-13-1481-01A-01-BS1.446cf934-5d0e-463d-8703-cbbf3b8459dc.svs	208695191	Tissue Slide	TCGA-13-1481	e5239d80f9afc935bb7651a7a978f1bb
11f63b17-de48-4528-b0f7-e612e30a9d04	TCGA-23-1026-01B-01-TS1.6d8886c6-37c0-4fd8-b847-b5b40d84742f.svs	26788319	Tissue Slide	TCGA-23-1026	390ecd877ca4ebe885ca4aa76959ac5e
0afef41e-c9da-4998-a1c0-38cfebbdb0fb	TCGA-04-1353-01A-01-BS1.c2b9a9f7-6ccd-4fdd-b16d-366cdc64e513.svs	201631971	Tissue Slide	TCGA-04-1353	c8fbf36d798b6a7bcfc15d1be14d1bda
c217ade1-ffe1-4d68-9c1a-be14478f39ff	TCGA-29-2433-01A-01-BS1.9a050fbb-2710-4aab-9951-1f0dafc8cb84.svs	204048503	Tissue Slide	TCGA-29-2433	6638b826bf087325c39260119e009320
d47220e6-0e1e-454d-b5b9-dd0fbf1145d7	TCGA-13-1482-01A-01-TS1.37b613d9-d73a-4160-992e-35d2aa54520b.svs	346123741	Tissue Slide	TCGA-13-1482	8cc1c5bbc46dbb0c00bfd70e54530730
81a8c4e8-f40d-4e3e-b18c-f869917c50cb	TCGA-13-0906-01A-01-BS1.e8aa0544-cc48-4941-9d7f-bbd41aafaa30.svs	175722371	Tissue Slide	TCGA-13-0906	dff143da3e0fb16bf4b0559a2a92af77
40d113d2-190f-4818-87e2-b01e15b1ddef	TCGA-30-1859-01A-01-TS1.4e743337-464c-4a82-80a4-7df2bb74ca98.svs	96873811	Tissue Slide	TCGA-30-1859	32a7de2e9a69be42204c01851bbf20f7
f4296801-03e6-49d7-84c5-df293f324266	TCGA-24-1565-01A-01-BS1.1dd6e7fb-cbd7-4da0-923d-d43435834cf0.svs	106258015	Tissue Slide	TCGA-24-1565	5d53ff8a677189e7dad7c6347c9c51a2
9821e531-2c4a-4ed8-a4ac-b7a13e9c4ab5	TCGA-30-1859-01A-01-BS1.9b1c22d2-ef67-4cb4-8627-2af44eba2e6a.svs	105863677	Tissue Slide	TCGA-30-1859	192543078112551dac31ef6af478e1e4
85dcbfdd-9da8-4266-be0e-a5d41890302f	TCGA-04-1519-01A-01-BS1.5b6f7391-88ee-44bc-acf6-076d34d8fa53.svs	86068565	Tissue Slide	TCGA-04-1519	af8fd388de5f07a131d81e85fea17c0a
b4cd1004-d9b8-4e51-b2ed-53b83cf8fb6b	TCGA-23-1028-01Z-00-DX1.117B4B7B-F796-4D33-A645-CD80E5C43E6D.svs	894793941	Diagnostic Slide	TCGA-23-1028	54fe083ca06a9629a3dc8516dbc127aa
e38da4d4-e48e-4afe-93ff-958aca423a33	TCGA-23-2078-01Z-00-DX1.E31A9C1E-00EF-4B0D-A15D-6A5C2D00E986.svs	1032145867	Diagnostic Slide	TCGA-23-2078	599f9fda8173192f0d4f4dd0025fb6f5
75e14496-0f5e-4a72-b493-870c68b69ae9	TCGA-23-2078-01A-01-BS1.7db37047-3ad5-4aff-b568-fc496df7f508.svs	111671691	Tissue Slide	TCGA-23-2078	c4abf4a9dec97ebbe08e31a9fe0befa0
e894320e-b69c-4b28-8926-7df1789e2c12	TCGA-30-1887-01A-01-TS1.fe7e1b16-2b5c-403a-8c8a-884ab9683ded.svs	76502821	Tissue Slide	TCGA-30-1887	ededc1bd6139230a75af20ef7d500aeb
1059be91-caf6-4a82-a51a-62eee14b6094	TCGA-23-2078-01A-01-TS1.c1e1c7cc-0a12-4f15-8b94-57414753099e.svs	50329743	Tissue Slide	TCGA-23-2078	aad9c495143927368c982c1a3db5827d
a39e79ad-0d7d-475b-b29b-7c31abb56be6	TCGA-57-1584-01A-01-BS1.f3dcde68-506f-4250-909b-18833b596180.svs	223777651	Tissue Slide	TCGA-57-1584	58edb2aa340d6eafb899ef54af788caa
26500399-9c66-4846-ae25-60a3327a2c9d	TCGA-57-1584-01A-01-TS1.b57410ca-d6e6-484d-96ad-5ed4d8294995.svs	126103623	Tissue Slide	TCGA-57-1584	98892d013fc429fd348105d315fc8cf7
d097ed02-02d6-4a55-b04b-38c2e9a7d4fe	TCGA-25-1871-01A-01-BS1.089d9b28-9918-4329-b34f-b6115a2952c4.svs	25695085	Tissue Slide	TCGA-25-1871	f0be248c38de8a02a4a6cf5644746059
d1b8ed5a-51a0-474c-b386-c9f3a2065273	TCGA-25-1871-01Z-00-DX1.1BF3077E-910F-4992-AD46-B6869A136E98.svs	3383269768	Diagnostic Slide	TCGA-25-1871	372011dfbc0169cf3fdc62929335538f
00781737-74c2-4e80-b58b-c910f15893a1	TCGA-OY-A56Q-01Z-00-DX1.F1556F26-8845-4962-9004-70F9747B46B7.svs	912585610	Diagnostic Slide	TCGA-OY-A56Q	20227779379dfe2ff83c837f7e4a75be
949f6524-62e6-4147-bc67-c1aa58a676d9	TCGA-OY-A56Q-01A-01-TS1.B98349C7-E9B1-4CAB-917B-988A413D8371.svs	123032297	Tissue Slide	TCGA-OY-A56Q	0d3192d91da494cb168e4ad79ab8e78d
324ddca1-3aea-478c-99a6-8b0eca568ef7	TCGA-04-1361-01A-01-BS1.b4e0df05-3e78-4414-9430-b4d97a09befb.svs	132197191	Tissue Slide	TCGA-04-1361	9963c787341e764404a618eccaaea8d2
781f9fb2-a124-457d-9eb9-fae0749a07ec	TCGA-59-2350-11A-01-TS1.050ac402-a680-42ae-94b1-d8baca93843c.svs	81828769	Tissue Slide	TCGA-59-2350	d6cc7e5d101c1b7e33c9ef72547060e9
ffea0670-cc16-4753-aace-a2fecf71fd56	TCGA-24-2262-11A-01-TS1.bfca3f3a-bbc4-4ff5-9d7d-4ce9eb0b9fb3.svs	82196273	Tissue Slide	TCGA-24-2262	856647bcdfae2f29c5231b89daf63594
52e778f4-d98d-428c-b264-30d4240e8f01	TCGA-61-1738-01A-01-TS1.cbef3d98-4444-4703-b76e-0474439cb502.svs	189416875	Tissue Slide	TCGA-61-1738	c00663fc290a3e351c36bb1dc7ae7100
38bdffaa-c5b7-4f7c-8baa-7579b610d5a6	TCGA-61-1738-11A-01-TS1.306f5117-9c9c-4615-8d2b-4b545b13de65.svs	72109157	Tissue Slide	TCGA-61-1738	2ce22699aca789eaba6a483d40e94b18
5c0bd990-e465-484a-be9a-02b8b5a009e8	TCGA-25-1325-01A-01-TS1.a7cb8e2d-ed1b-4c35-95f9-6da43fcfeb14.svs	315187043	Tissue Slide	TCGA-25-1325	12164150d59749ddf1a6fb36d13920ac
1a44c7f4-5b31-48e8-8659-3b6eed37ff39	TCGA-13-0757-01A-01-TS1.8c284a34-e8c9-4399-adb4-fa37cf12c72d.svs	265278325	Tissue Slide	TCGA-13-0757	674f04b489932a668fe572a737b190f6
510f20b1-a9bf-4680-ae42-f63d65a789f4	TCGA-25-1325-01A-01-BS1.68a208dd-5b50-4871-ab19-a6159bc95c87.svs	442210905	Tissue Slide	TCGA-25-1325	5d2a0cc09083274a390bf5f9e8e36f82
d9994979-ca7b-47dd-a482-3b7cbed9d035	TCGA-29-1777-01A-01-BS1.e18509e1-c5b0-4c84-b397-22b8d89f8ccb.svs	159862741	Tissue Slide	TCGA-29-1777	946a9159644d6efadea278f474ee4de7
6c5ef0b4-3868-44ed-bdf3-d1069a0d7fa2	TCGA-13-1409-01A-01-TS1.4226415a-3f9d-4a34-b017-1af964c8be5a.svs	459690017	Tissue Slide	TCGA-13-1409	d548e970bd994e625deb52090465aa6a
c8768c41-4a9b-4db9-be45-e37cee0264a3	TCGA-24-2271-01A-01-TS1.b6591fc7-87de-4c84-968f-5a07d4cb9dcc.svs	154287229	Tissue Slide	TCGA-24-2271	64ec7bf752b5e84c3703a1deb9442744
cece1e67-06de-406c-be97-eeb967405edb	TCGA-24-2271-01A-01-BS1.bed2de0b-65ae-49a2-8fc6-a1ad85be2972.svs	126641871	Tissue Slide	TCGA-24-2271	45c2a53c6796dd2cc6be5221c65b4c2a
55af977b-c2cf-4f65-a330-c1201634b27b	TCGA-24-1556-01A-01-BS1.29948e55-dd31-40a5-a86e-90948524ec9f.svs	206231799	Tissue Slide	TCGA-24-1556	81e25ac255c727749756717cbb6a130b
2c78161f-213e-4fb0-8763-c692003a2c12	TCGA-61-2092-01A-01-BS1.e19c34fd-bcf6-468f-b1a4-689c912ae78f.svs	331219885	Tissue Slide	TCGA-61-2092	d81a0b09b23582055b55a6480c7537ce
177089f6-3a28-45cb-910c-96a5283981e8	TCGA-04-1332-01A-01-BS1.0f52bd8b-65e8-4648-b6b8-05ddc60f143a.svs	148444261	Tissue Slide	TCGA-04-1332	10b9b221f81ff5eb5294ab85de0d94cf
9215eb2a-b3d3-47d6-ba4d-23ddcf63b780	TCGA-13-0890-01A-01-TS1.90e54a40-8822-418a-873b-a395d8cba02c.svs	317759175	Tissue Slide	TCGA-13-0890	d781746fdb5dd909ab0806320ab010bf
9c294164-f22c-4215-aea8-84222656221c	TCGA-24-0979-01A-01-BS1.32ea68ae-904f-4d69-a8ff-5a59e2a65ccd.svs	103525913	Tissue Slide	TCGA-24-0979	b101f4373eb23b807506c33cc34eefa0
9cbb3f36-ad86-41ee-8c3d-664e5d5f4c8d	TCGA-09-1669-01A-01-BS1.f8a5a978-1bfe-40d2-849e-ac225005e7f2.svs	75473055	Tissue Slide	TCGA-09-1669	a5138bb9093433bf2e67580d91f36df2
0857778d-7707-4d28-9e6c-122824bdcd27	TCGA-09-1669-01A-01-TS1.389e7206-51cf-433f-937e-dab344cbc88a.svs	68240975	Tissue Slide	TCGA-09-1669	58bf121ac4ec6d7fe2e08e51872962d8
4db07e99-7c4c-434a-ba70-f3611ad42da5	TCGA-13-0755-01A-01-TS1.eb8f41b0-f350-471c-a799-da5b1f4b38a1.svs	366227083	Tissue Slide	TCGA-13-0755	2a8b9f738ceb41aa19e929cc5cf62dbf
8cd04f4a-7757-4c12-b977-c3f6edb58f53	TCGA-57-1582-01A-01-BS1.178eeee4-86e8-41f6-ac53-394a94d64ccf.svs	69492261	Tissue Slide	TCGA-57-1582	0ca61224534b4b1d1bffa41914e0a88c
d01317f4-4183-4c07-a7b6-275a487e93cb	TCGA-09-2051-01A-01-TS1.09cb2b86-223c-4012-aea0-0fb939abfd46.svs	68996517	Tissue Slide	TCGA-09-2051	aa5e034697c41a1a521b667aba6275d5
4021221c-7db9-498a-ab1f-794181d092a3	TCGA-09-2051-01A-01-BS1.15f52287-f11d-4aff-baa0-407a7db6113f.svs	81556629	Tissue Slide	TCGA-09-2051	b8247fa181d41c677f51d431fd7da493
ef6ae14a-7cd7-4855-a231-a9f75102104f	TCGA-29-1761-01A-01-BS1.4a648bd9-d950-4516-baa1-0ee2937785ef.svs	107013275	Tissue Slide	TCGA-29-1761	fe320b67e1fa176b5f22320eeffe6936
40e23028-5835-4177-aa4e-4c3ed9854079	TCGA-61-1915-11A-01-BS1.72853972-b2d3-40e7-b0f1-a64614cfcf61.svs	42375465	Tissue Slide	TCGA-61-1915	4e56cf765b43bfe9fea2bc2c8fa9ab11
fc0b2a18-7a79-423d-ac7e-848d380603e5	TCGA-57-1583-11A-01-TS1.e7fd462b-c8ba-4881-84f9-75ddb68827c1.svs	45177097	Tissue Slide	TCGA-57-1583	ed92d3c0fae986c88ab8dfd5f3932030
57cfa400-6bbd-440a-9fdc-e860de1848c0	TCGA-57-1583-01Z-00-DX1.88ACB045-1DBD-4F0B-A6D0-53B6C208805C.svs	475885874	Diagnostic Slide	TCGA-57-1583	3be2ca9e46f3e9a5c84f38e9e0f2174f
e2145748-c6f8-4f6d-95b8-1277b47793b9	TCGA-13-0904-01A-02-BS2.4c23a809-79f0-4964-b40b-ef326bd503f2.svs	237326711	Tissue Slide	TCGA-13-0904	f968a641f7c14ec3d62ceeec5373ccf5
fe584763-0131-4966-9c58-78365083327c	TCGA-24-1550-01A-01-TS1.3c468906-1fe3-4438-af83-46db12f8a8cc.svs	154561197	Tissue Slide	TCGA-24-1550	0c00427790e94e6bdd15e94b8a99bbf3
1b96a8a0-8aa1-4bb9-8e53-96704b555998	TCGA-09-1668-01B-01-TS1.a922c1f1-847e-4396-b785-63799e47fc94.svs	69737275	Tissue Slide	TCGA-09-1668	adf90d9a956e69acac4c30b0ff52ca17
22d7fd2e-5d73-490f-8418-b772fbad48c0	TCGA-24-2024-01A-01-BS1.0467ab38-1f2d-4fbb-a6c4-0e38d2e0de33.svs	163350045	Tissue Slide	TCGA-24-2024	adc91ebda86a68eadc348dc53b4b8fb8
92adb2c3-53d4-49de-b675-636967eca4aa	TCGA-61-1740-01A-01-TS1.883377e3-85ad-4319-9b4e-448f3b856bcf.svs	111362705	Tissue Slide	TCGA-61-1740	f8469ab3722c328608a4bf3814fc8408
62633cf5-525d-4318-9121-1de5e53c40ec	TCGA-61-2610-11A-01-BS1.e47fe9c6-94a0-43c5-bee2-d3d8844fd7b6.svs	56571407	Tissue Slide	TCGA-61-2610	1c3a60d1c3b09a7b68b39e4c03b80a0a
66f39f5c-234d-4848-a97c-c97c26454b2f	TCGA-13-1403-01A-01-BS1.ac764ada-e3f7-4b8e-9ba5-6a15e4d53224.svs	210742383	Tissue Slide	TCGA-13-1403	f8bf91c4aeb38a9ef9297abbb90a9b58
daecbac5-faa1-46d2-b3f7-2b6f4f436a91	TCGA-13-2060-01A-01-BS1.dfa4bfe4-24cf-4410-b813-45a7ba514053.svs	582521305	Tissue Slide	TCGA-13-2060	49b951aae4de0e6dcc75a3c452ad3ed9
c5efaf04-4d45-414e-a933-763228b6d8b8	TCGA-29-1785-01A-01-BS1.addf4816-2135-4b77-bf4f-5567c4843928.svs	173522035	Tissue Slide	TCGA-29-1785	d9cdc76b4b784da15d0ac5b9b54f3711
2d598a0a-bb7e-4351-9797-f223e633ce28	TCGA-13-0797-01A-01-BS1.35def05e-dee8-4875-8efd-c2262c07de5c.svs	354839729	Tissue Slide	TCGA-13-0797	3d1b2e90d643e8e51ffe2dc59c1f84ef
68d0ae3a-3ac6-4637-b553-480709d77843	TCGA-25-1633-01A-01-BS1.8a63b727-ea03-48ea-9f9f-7cc786eea30b.svs	237928591	Tissue Slide	TCGA-25-1633	191fcc2586b54d38c9e54f988202a91c
54aabde6-c501-43c3-a8b8-40715672c6a0	TCGA-25-1633-01Z-00-DX1.B3F91D16-A9AA-479F-8326-DD3E280C8759.svs	2061487010	Diagnostic Slide	TCGA-25-1633	a6a71cba6a5af8943e1241508fbeb81b
9f40fa29-e2e5-41e0-a8db-a4a2dd41dd0b	TCGA-29-2436-01A-01-TS1.ed5cf0f1-f93e-4255-a8b3-98d4edb5e944.svs	193440691	Tissue Slide	TCGA-29-2436	d0512608c9a41b4d5e99d884e056bda8
88e97e5e-1579-46ae-85a3-5bbf56bd539a	TCGA-24-1466-01A-01-TS1.90ac3e75-11bd-4104-bc7c-836dad2884d4.svs	174388033	Tissue Slide	TCGA-24-1466	ea53c1a3975be5bc3fd37eece5145093
1b7d2eb8-0d53-44c1-b70d-691956ca371e	TCGA-29-1694-01A-01-BS1.68cc12ec-6b18-48d1-bfda-6b45bafac0da.svs	142882559	Tissue Slide	TCGA-29-1694	bc459c093783425ae5ee864b13f4a809
923c9a7a-77d9-4190-83c5-176a45e264db	TCGA-61-2012-11A-01-TS1.c0a00c5c-6441-4466-83fa-e4efe00f968e.svs	138737385	Tissue Slide	TCGA-61-2012	10b231053a735d3adb68c8a6edadf267
d1ce044a-8081-49dd-a7de-352a04f112b4	TCGA-29-1694-01A-01-TS1.d9e65542-f4c3-4c27-96ae-1d8d3f48862b.svs	181138929	Tissue Slide	TCGA-29-1694	2b004d8df10aed44da4babfe92189603
2078f55b-dead-4f39-98d5-046b6dac41b8	TCGA-61-1915-11A-01-TS1.1cee4d54-a208-4a7d-8668-d53e1185fa65.svs	99897967	Tissue Slide	TCGA-61-1915	5749548d073445dd50790425e3be8304
50b09ef9-30ce-4506-8220-bdb50e917bf0	TCGA-04-1517-11A-01-TS1.65d23488-0e27-4d5e-81ee-aef15c5aaed8.svs	68160367	Tissue Slide	TCGA-04-1517	a4e1585babe3ad0ffde6296ba4f2b1b1
d8407cfd-baa4-4401-ba52-9879fd87ed4f	TCGA-24-1847-01A-01-TS1.feb1ba92-5e6b-473e-a1e3-b8660512a989.svs	87027199	Tissue Slide	TCGA-24-1847	51b87c03c8c15d1d0f21a3bf250cb19c
b5b09725-a8e2-42eb-8d9c-9c3061ae83c1	TCGA-61-2088-01A-01-TS1.aed842d4-ca7b-483e-85f5-2843f4dc7005.svs	316043621	Tissue Slide	TCGA-61-2088	96729cda2dfe7299eb5db928de8b6a8a
d900acdc-8764-4af2-816a-6e5230370114	TCGA-04-1367-01A-01-TS1.e5135817-cdd6-42ed-903a-b76cf02edcca.svs	110607719	Tissue Slide	TCGA-04-1367	51e094415f4eda0a08d91bc9c55af895
e5b8b7f9-da4c-4cec-87a1-72d14f6c4e58	TCGA-23-2084-01A-02-BS2.8ea25871-38c9-45a4-b7ac-ec3095f2b9ae.svs	46533851	Tissue Slide	TCGA-23-2084	81e6181d1ff8314795019edf040e5326
54a03dcb-5016-4f40-a0ef-21252336631d	TCGA-23-2081-01A-01-TS1.19730edb-2ced-493d-95d0-86ec753a6521.svs	61954135	Tissue Slide	TCGA-23-2081	38fa4b6d259c9a454d46183cc349811a
b1effda1-6646-409f-acc6-cd4f78fcbdcf	TCGA-24-1549-01A-01-BS1.9d2f28ad-f2d5-491d-8df7-54afaf3133cc.svs	123368419	Tissue Slide	TCGA-24-1549	a2d6dbf5493dd3aa5c6425037d434b59
90ff3871-de41-471d-9f0a-a71e36d4e9fe	TCGA-13-0726-01A-01-TS1.2a8707fc-2d7b-459a-9707-96c5b4e11f43.svs	263573467	Tissue Slide	TCGA-13-0726	ddf5fad9b073cac5130516bb2358ebfa
68b3a1ad-f732-46ce-902f-43c6a29c8060	TCGA-24-1549-01A-01-TS1.e8282ab7-a954-4aaf-80fb-ca80fc8891c8.svs	81869445	Tissue Slide	TCGA-24-1549	c8c690d919450ffa6b58a98f20f4f10d
0cea4c52-9b07-44f4-a75c-e30593c1e76a	TCGA-24-1464-01A-01-BS1.4629f765-e185-4cee-b30e-2024f6fad17d.svs	126956949	Tissue Slide	TCGA-24-1464	6712b04c6604a0c0ec4f65d2af44db45
403a151d-1348-471d-b627-c85e4a2b181d	TCGA-13-0725-01A-01-TS1.93a2c5e6-57fa-4784-b8cf-29d898406640.svs	345045071	Tissue Slide	TCGA-13-0725	081e2069de086901e29da06513dfca35
7a425fb3-d33c-4655-b74c-7ef7aa11fbe0	TCGA-09-1664-01A-01-BS1.bb851792-5566-45ae-857b-23e6d3d43b51.svs	224235507	Tissue Slide	TCGA-09-1664	9a624e6e1cffe69a4e9d369007b6afe2
d6d201eb-cb09-476a-b36e-b4e7e28d017f	TCGA-09-2050-01A-01-TS1.e53d7602-1bb1-430a-9e16-fa667438063d.svs	64186815	Tissue Slide	TCGA-09-2050	d81d5f64d211d6b4f506c0a075d7a755
1ec4d9d4-0abf-4232-a217-6210ae57ce20	TCGA-31-1950-01A-01-BS1.d428155b-53a5-486a-b938-824b3a3f438f.svs	140658667	Tissue Slide	TCGA-31-1950	e870d58c135910abe8bae1845c8e43c4
e84d5c08-b778-4bc7-a0eb-0ac48df299b9	TCGA-25-1632-01A-01-BS1.150d6173-6bb4-4d09-9da1-e8898c0e50cc.svs	213652631	Tissue Slide	TCGA-25-1632	3a476f72d1f4c56ad484639062fa8d2d
237cd6d0-fbec-481a-b58a-2f798df0c1df	TCGA-23-1029-01Z-00-DX1.0044B39A-51B3-4F76-90A9-00CDF851DE2A.svs	1498211461	Diagnostic Slide	TCGA-23-1029	77b930e643b385631f53ec598ac22222
c904227b-ec24-4d36-a029-3812672a2443	TCGA-13-0762-01A-01-BS1.6f3b37f7-9bef-4866-bb07-dbb60257d37c.svs	71897395	Tissue Slide	TCGA-13-0762	1b7aee8b6b27bd137b961da92de63e20
084fe4cd-a1e3-4424-8ac9-9b5b76a624cb	TCGA-13-0793-01A-01-BS1.c78e6d7f-150a-404b-91f2-438875c365fc.svs	287358871	Tissue Slide	TCGA-13-0793	0ad3398d77893117f00679f687b570bd
16c1c13a-bbd7-46f4-80e8-2603eee13b33	TCGA-30-1862-01A-01-BS1.e21a9aeb-597a-4202-9026-5d8505237256.svs	132101045	Tissue Slide	TCGA-30-1862	b3180837664ae02eb5eb302267057c84
db36484e-83e3-49cf-9955-c955340ae0e3	TCGA-25-1626-01A-01-TS1.84f55106-8f41-49e6-b9e5-2c70a99aaeef.svs	126012557	Tissue Slide	TCGA-25-1626	b0217644450500f3ef8901fcff7d11ea
856db6d5-7989-4f01-b8d3-f01e252c256c	TCGA-24-2281-01A-01-TS1.1f2b1446-69d7-4e61-a21b-4ddbd68a092f.svs	141501413	Tissue Slide	TCGA-24-2281	747bb088182aee2e412a5cb7658b5e9d
c78e5360-ca8f-4d17-9882-ba3dec78e986	TCGA-13-0883-01A-02-BS2.b3603594-ed44-4e5e-861a-52aa4eeb71de.svs	237603445	Tissue Slide	TCGA-13-0883	94766d9170c8f9276cb513ec953ab0fc
0c0c8b51-cf9e-4339-9703-3259061a91bd	TCGA-13-0758-01A-01-TS1.1473e3cd-a7b0-442b-8ecc-cc7f8ac64121.svs	394972839	Tissue Slide	TCGA-13-0758	0e77214474c644e38cadc8eac0267f19
d1906264-3592-4d2c-a8fe-a8869c8116ba	TCGA-24-1616-01A-01-BS1.88f13167-f84b-47af-9e96-c9e2750a70e3.svs	122801773	Tissue Slide	TCGA-24-1616	835abf9901d2aaddecab1fe186c8224e
4f55b161-f217-46cd-a442-b9e04b913cd8	TCGA-13-0897-01A-01-BS1.dcac13fe-5762-4440-8ef6-f20f7add987c.svs	155980483	Tissue Slide	TCGA-13-0897	53d1e59d449d3c54194d70eeb1750690
b96404ad-b588-4cea-9772-f6f0e0fbff6e	TCGA-24-2023-11A-01-TS1.9a64a121-2646-4a16-a579-1de6988c155e.svs	63993591	Tissue Slide	TCGA-24-2023	14a8fd249e5a6ab71aa0c7ad669e63d0
aef197a1-369a-4ec0-bf12-fa7164283ede	TCGA-09-1672-01A-01-BS1.0853a0e6-287d-4eed-add2-e39c59e599f0.svs	74508239	Tissue Slide	TCGA-09-1672	c38468ebb5de6c99fe2acbf85b3cdf89
3e4c4d71-33b9-49dd-82b0-5d407e4393db	TCGA-24-2023-01A-01-TS1.86bdd454-e8a5-4343-a6b9-85c9f0b4c291.svs	95924737	Tissue Slide	TCGA-24-2023	1e26bd2432d363c57186f5bd009598f3
937068ac-c391-4acc-8f7a-4bc7e37313ad	TCGA-24-1436-01A-01-BS1.f7f90832-d8ba-40ae-b5d9-3f9b558d7e65.svs	176927235	Tissue Slide	TCGA-24-1436	755cffd92f686bee69fa763e7c65c577
e2acc743-e96b-4a5c-9de4-fe8efce491e0	TCGA-04-1370-11A-01-BS1.6972543c-484f-44bd-9eea-c8a2908cee6f.svs	87845263	Tissue Slide	TCGA-04-1370	691cda15d96d727f4be60d54325aeb08
8d1cb17e-2736-427b-894c-ce4b6ad5a770	TCGA-24-1846-01A-01-TS1.cbd38011-a782-4c70-8498-79c3d143409e.svs	168807325	Tissue Slide	TCGA-24-1846	675a0b46493266d20552c3a8fcb58974
e3575ed2-2b8f-482e-980d-2af6e370bea9	TCGA-23-1121-01A-01-TS1.e49e7ae7-987c-48ed-840f-6fafbbc58180.svs	101871265	Tissue Slide	TCGA-23-1121	1f2740dd1fc0b768a400fd71a2f23a80
bc1b3ab0-da0b-4e85-bdc3-81f80f31105c	TCGA-23-1121-01A-01-BS1.036710ff-eaf5-41fe-808b-a536ff0a2080.svs	193645773	Tissue Slide	TCGA-23-1121	71017339fa8f9d0f1cc1c9aeabf8df82
76d21eef-b370-42da-b0a6-0c5a5d1d7884	TCGA-24-1930-01A-01-TS1.bb8a446a-db5c-45a5-b5f3-0e7f84a60370.svs	392777169	Tissue Slide	TCGA-24-1930	e8e59e07fe000b0d88d02f452f7799fc
57e7485b-0551-4b1b-b8ec-86f234c94381	TCGA-61-1901-11A-01-TS1.386d4229-605a-493a-9bf3-c173876f0c24.svs	176562013	Tissue Slide	TCGA-61-1901	177b32c94c2c57290008118abb035634
a6e96bbe-980e-4061-910d-3ef70e3641cd	TCGA-25-1631-01A-01-TS1.64da2a3d-515c-4393-9b63-f70b3ddef2b8.svs	504210339	Tissue Slide	TCGA-25-1631	5ac4ba0e5a0edabdbabeb08cb9897c73
f2e230c8-38f9-468c-aee4-eb93377f64b3	TCGA-25-2042-01A-01-TS1.a7d0928a-7742-4678-8183-b9f192787900.svs	78843537	Tissue Slide	TCGA-25-2042	43d44a3849adc91614d261bee301c2d4
ad4fcc73-da59-4693-82e6-00716c1c8a8f	TCGA-36-2542-01A-01-TS1.3785d63b-f4af-4110-bb07-b3bccc3819b0.svs	1150894289	Tissue Slide	TCGA-36-2542	d678b97df007e43f03666961b09a972d
c96b9fe3-f152-4b6b-9dad-16023b579ef0	TCGA-25-1321-01Z-00-DX1.56C898D8-14CE-4C2D-B5C9-AC33FF91FE68.svs	2920456238	Diagnostic Slide	TCGA-25-1321	f555e6cccf229c5dcde5b05d24259dbe
9df53d95-d2ae-4da2-aa47-bc661740fa66	TCGA-29-1771-01A-01-TS1.41d6ec81-8b0d-454f-bb7f-4049fa27ed1d.svs	66474615	Tissue Slide	TCGA-29-1771	a2bf208fb91a059ae58a18fecf84939d
8ac7e644-545d-4c1c-a714-9209715edc8f	TCGA-13-1505-01A-01-BS1.77c5a936-fbd0-44ea-bdca-a1756f1edff1.svs	128251935	Tissue Slide	TCGA-13-1505	6a1b699ab15a97078f710aeda55a6ddb
f048ad6a-0d8c-4dd9-90d3-9a1a3662dda7	TCGA-13-1512-01A-01-BS1.fbdc48b1-7344-41d9-90a4-f585b9b202b5.svs	435182151	Tissue Slide	TCGA-13-1512	291a6abdbfb68c0fbe6f7a6347f617bf
6aaf7b15-8728-424c-9db1-ff2b0acc32e9	TCGA-10-0937-01A-02-BS2.d5858cfe-47d7-442a-a3a0-fde1e69b919e.svs	100385873	Tissue Slide	TCGA-10-0937	59e13086b55d3b11d37b4caac59006da
8bd351ee-7816-4b2b-8558-8b3230fd4aaf	TCGA-24-1560-01A-01-TS1.517e0086-04fb-47e2-8809-4b9768c17ba9.svs	140328869	Tissue Slide	TCGA-24-1560	e50fe3034fb2905602bc36b2d770fbd4
5b9ccda8-256d-4ff1-bd38-35ce8bd0a92c	TCGA-13-0920-01A-01-TS1.865199e6-7b94-40ef-82e8-e65aa9377818.svs	176394973	Tissue Slide	TCGA-13-0920	7baa596e76512ee408c69edfac7b0bdf
35b0a540-6922-4520-8f98-279b2b82f4b2	TCGA-13-0795-01A-01-BS1.2f633977-70d5-4b3b-878e-64cef7142c05.svs	211844663	Tissue Slide	TCGA-13-0795	81f6f7a5ac32e092ebb904525231a662
c98a8c8e-3dcf-407d-a2fd-768592932062	TCGA-10-0930-01A-01-TS1.3ec1ee42-18e6-4a31-96de-f5852709af5b.svs	23084547	Tissue Slide	TCGA-10-0930	965c10e4996a8728ccd79a550b225db6
d997eccf-f815-4d29-a07a-1418179e1ec2	TCGA-09-1662-01A-01-BS1.47ad6cd0-c2f1-4aae-aa2a-ff9dae3583db.svs	192116303	Tissue Slide	TCGA-09-1662	8d120d736ed9ce0c5d9c11948824a666
a5cb8ae7-c62f-435f-a022-99e0b997a516	TCGA-24-2254-01A-01-BS1.8693850b-af0f-47b9-8113-44ab1cde89cb.svs	86724733	Tissue Slide	TCGA-24-2254	aea0425ece6581654c1df85e992e8af2
707a4b6f-9706-4eed-b17c-61510a72bf54	TCGA-23-1117-01A-02-BS2.3fdc6214-2606-447c-b91d-f00036594866.svs	130555741	Tissue Slide	TCGA-23-1117	f1ed29b7a807a70566bdd41a92a12e67
034323ff-d3b1-4cc8-a3dd-9e68034d9812	TCGA-09-0367-01A-01-TS1.e8d46b30-6655-4c5b-9354-0a193e9467b9.svs	29936929	Tissue Slide	TCGA-09-0367	e9722889295af0e7facd82f6f761bf04
d8268c09-d61b-4bad-95b4-7c2978634957	TCGA-13-0911-01A-01-BS1.fbd48661-17fb-44b5-be12-fe788a09667c.svs	424284197	Tissue Slide	TCGA-13-0911	94f0f3d5f92d1a0703d12aa9bfa9f894
f540664b-adbf-411c-9047-e09182945778	TCGA-10-0927-01A-02-BS2.34116420-64e7-415c-bcf4-d6c5c7ba3e7c.svs	63646267	Tissue Slide	TCGA-10-0927	fa9e3665b425bfa24b6240d8484a0308
299adbf1-6df5-41cb-89df-f619efc8d6cd	TCGA-13-1408-01A-01-BS1.daf88d62-ca7c-4479-b027-16e04a5c66e4.svs	222111751	Tissue Slide	TCGA-13-1408	0ccc5e0947f403be99bdd8c2ed0a946b
03878fc5-aee3-48af-8dc8-d2628b52d47b	TCGA-23-2649-01Z-00-DX1.C94C3B32-D5F5-4A85-9F35-50B377FF9E75.svs	1158200527	Diagnostic Slide	TCGA-23-2649	01215390c8b4ae95cb8d3913a0947bce
2c518332-f0ef-4450-9a7f-1128de0017a7	TCGA-20-1684-01A-01-BS1.468d2ed5-91e2-4a7a-ba3f-9c92ec538e03.svs	154032527	Tissue Slide	TCGA-20-1684	c08abba411dc1664b5333124f129d326
48c7fe94-7152-43e7-b2f0-327bf4c54363	TCGA-24-1843-01A-01-TS1.572a0abb-4f27-4520-982f-ef4fa9183652.svs	272640807	Tissue Slide	TCGA-24-1843	f0df1274a0e82f7357ba1c9eba9fc370
d1b419da-35a7-4b51-a517-8f8b0674dbd9	TCGA-04-1343-01A-01-BS1.ffc80a0b-db70-456c-8e52-4f59b621a8be.svs	99949293	Tissue Slide	TCGA-04-1343	b9d4855a6ec3ed01471cd3ac8b8dbcfd
56a81adc-6487-470f-af77-aa313c7d0798	TCGA-29-1774-01A-01-BS1.f02c7673-a415-40ac-8e84-3c7ca38b5188.svs	253661135	Tissue Slide	TCGA-29-1774	34642f94c8a278857cfc369797a019cc
d2c2d1dd-ec34-45b1-9eeb-4e2e4a3c20eb	TCGA-04-1638-11A-01-BS1.e574b7c4-31a6-48fb-b00f-ee52d1d3f181.svs	93940363	Tissue Slide	TCGA-04-1638	b6845aad26fbf621386b0778a2afc4b6
ef603aeb-0c76-41a1-952f-5e81780f1c2c	TCGA-24-1564-01A-01-BS1.088997e0-aa7c-4e52-8f8c-0e69dba63da3.svs	201926613	Tissue Slide	TCGA-24-1564	b385fe25d458f33a86f79b5a6f6f5434
4614278a-2926-4aeb-ac92-cf6abc847368	TCGA-24-2261-11A-01-TS1.997eb28e-622d-4bd4-a591-3d6639d9bc1f.svs	71431161	Tissue Slide	TCGA-24-2261	0d4a1d87b7257d48960a5d5785b9313d
40a89fe2-8db2-49d5-9c12-1ff5887f1ce1	TCGA-59-2354-01A-01-BS1.660ad7d8-618f-4b6e-ab96-a070c05adcd9.svs	201893201	Tissue Slide	TCGA-59-2354	03ef1c5baf28608af02d4400817587d9
c486bcd5-06f5-4bf6-a67e-473acb471f1c	TCGA-59-2354-01A-01-TS1.f9f56cfd-8248-451e-96e1-c803113982fd.svs	145118611	Tissue Slide	TCGA-59-2354	f81c461689adcec94142c3d7fb762647
960ecb5a-1866-4429-8a8b-365f30682c1b	TCGA-3P-A9WA-01Z-00-DX1.A5FDC436-7F0D-4DD2-8644-CEF1BFF9C614.svs	2047208537	Diagnostic Slide	TCGA-3P-A9WA	3fe96558652af35f57e5ac5838120259
7c9f4da1-10f7-4727-92bf-445d7d1cf1bf	TCGA-36-1581-01A-01-TS1.eb8eab2e-7062-48bb-bc87-44ca7b8a1cd9.svs	35667249	Tissue Slide	TCGA-36-1581	def34630db58ef5b0c50d9019dd04a3b
60bc4a95-ed31-4cda-91ca-a0d0cb95bcdb	TCGA-30-1867-01A-01-BS1.4a83d00b-06c2-4885-98a3-180e6e2d3aab.svs	74564875	Tissue Slide	TCGA-30-1867	44ec2e1325697b4a8c1ca69bd58a7498
e08ecf89-60cd-4a24-9701-be74cdf65666	TCGA-13-0924-01A-01-BS1.24f68578-f603-437a-894e-a74abecbb93c.svs	203498465	Tissue Slide	TCGA-13-0924	7b458ab037f9fd7992d415e5c59fd4d0
896b3103-ab62-4353-a7fc-29f3c4855313	TCGA-25-1627-01Z-00-DX1.7596F7F5-D705-46B4-B3A6-833D31482D28.svs	1928378328	Diagnostic Slide	TCGA-25-1627	ad62f36ff0fc584a19abe519800107f6
c0d2f035-d96e-4eec-afa4-8c44171b0f04	TCGA-20-0996-01A-01-BS1.bb161bcf-6c16-46b3-bf16-45f5d64f550f.svs	293467825	Tissue Slide	TCGA-20-0996	c7e21bb044878120bbaed4dcff2a171d
fcdff595-74b8-400a-b78c-e675af2bea48	TCGA-13-0760-01A-01-TS1.197ab768-241c-411d-875f-c84c5c3de1eb.svs	408657017	Tissue Slide	TCGA-13-0760	6dfd1faf6792754dc642f071537a9576
a8e1fddc-62ae-4c6d-ad72-a6b44cd7096e	TCGA-23-1026-01Z-00-DX1.2875B4F7-D6B2-4C72-8A68-4E7C92D04BF0.svs	1776522739	Diagnostic Slide	TCGA-23-1026	2489b63ce662a328f0ff84f21d06722f
08cb8b0a-e86a-4826-87dd-91996e0d9a44	TCGA-23-1026-01B-01-BS1.6f43fabb-d511-4b5f-bd09-37d885a34ddd.svs	74349119	Tissue Slide	TCGA-23-1026	4fded5abae384ef5470e55d4f81f1e17
627a161f-b449-4efe-848f-7afbc35bf2dc	TCGA-29-2433-01A-02-BS2.c726658f-ba29-4834-8d59-14a0decd25f4.svs	186238401	Tissue Slide	TCGA-29-2433	bde085aedd6364f2fe4d89682ab155db
488b4f9d-b35b-4491-9a44-63fea6bbec0c	TCGA-61-1919-01A-01-BS1.6e069202-dc06-4418-bb6f-6f36113ce7b4.svs	343874371	Tissue Slide	TCGA-61-1919	ff9f35fc62c237d358523987f2f609b8
01a7033b-575a-4543-bc33-773f1d54b2a7	TCGA-13-1496-01A-01-BS1.b3b8a7eb-c3a4-406b-8725-ffe82e1427c3.svs	214550273	Tissue Slide	TCGA-13-1496	b1928cee35ec4733b69a66bdacda4b68
8649d166-4c97-409d-9d86-0b6d1bedb1bf	TCGA-13-1482-01A-01-BS1.721cf135-b705-4810-b65e-9e37ab895a34.svs	431813557	Tissue Slide	TCGA-13-1482	0348a5cc71165c847fa7e33250dff3c5
14e2668f-3db7-4bdd-b204-d4eceae6dffe	TCGA-25-2408-01Z-00-DX1.760F6B8D-A61E-4C87-B90D-82E1AF56C204.svs	2656842596	Diagnostic Slide	TCGA-25-2408	a0d2a739bdadbc8f874519ec6faa1d72
2b560450-f45a-4bb0-a200-80656fa5aa6b	TCGA-31-1946-01A-01-TS1.412289ba-f5a6-43b4-a002-8d95cadc246c.svs	200669263	Tissue Slide	TCGA-31-1946	1c38d785450cfa2939ec9b1baf0d082c
257d833b-44be-4471-a63b-3bf524502af0	TCGA-24-1565-01A-01-TS1.2f178ae2-c7f7-444e-902a-212be3f0433d.svs	129423835	Tissue Slide	TCGA-24-1565	e3b367d9c92b265c9a90b4f85e114571
787e749d-7d7c-436d-8e4a-f1f244d85290	TCGA-04-1357-01A-01-TS1.82ac1e1c-e4a7-4ff9-ab5b-bbf3cbe9ba1f.svs	45035005	Tissue Slide	TCGA-04-1357	0010e85e69eed3aa7e8b6137ca299878
f35b2b29-6cb5-40a7-87c5-19d0efa3e2e8	TCGA-10-0926-01A-01-BS1.6cd77de1-2a80-486a-a9dc-aedf82c0921d.svs	89625689	Tissue Slide	TCGA-10-0926	9f40870e5a5eb389fae9439caa7d9a66
a1e1bd64-30aa-4f37-ac5d-517d5f325e5f	TCGA-23-1032-01A-02-BS2.36642d6b-d7d7-427e-9663-4a81542c2daa.svs	99159255	Tissue Slide	TCGA-23-1032	4b308461882731dd0cc10a96c4ef8362
3e28255d-5e19-434a-a38a-11d1c8cf7ab5	TCGA-23-1032-01Z-00-DX1.0C1074AE-D59C-4C74-B929-593AE89E5DC1.svs	1380794393	Diagnostic Slide	TCGA-23-1032	fee8abb992e1ead9f714a74b2901bc9b
601bbf25-21da-421d-ab9a-6fd67dedd82a	TCGA-04-1519-11A-01-TS1.38251474-7ae5-4b72-b1b6-db9654858017.svs	63987029	Tissue Slide	TCGA-04-1519	131ad358415bb0166325f2727d2dc875
5c5de1af-6826-404f-95eb-22cd43349b4c	TCGA-61-2109-11A-01-BS1.48a30c42-b1c8-4c40-bd36-6ed40b6d3868.svs	40929787	Tissue Slide	TCGA-61-2109	004030976190a29fa882aa0052deb0f2
4eb199e4-fae9-412b-8559-efc7c9e0ea3c	TCGA-61-2109-11A-01-TS1.bba0f75b-ac9d-4275-9b43-c93c430dc2cb.svs	28514795	Tissue Slide	TCGA-61-2109	1fee1e256628d97a407ba22e5a72cfe7
019607b4-e183-46ee-b062-9abcbe54ceb5	TCGA-04-1348-01A-01-TS1.ffb07f65-72b7-494c-abf8-c94d8007321b.svs	109640757	Tissue Slide	TCGA-04-1348	1d974d73037217e9a9d97e08023d6eeb
6cf98f8d-1ff6-46a6-877b-9d4bf3d035a0	TCGA-25-1871-01A-01-TS1.5584c8b9-b703-4a7e-b2dd-c8a30454f99c.svs	138391145	Tissue Slide	TCGA-25-1871	0bf85276a6c37cb40afa48442d0f240c
791fcddb-3b17-41d7-8850-7fac5d80dda4	TCGA-13-1483-01A-01-BS1.ddf45f15-dac1-461f-8937-3ac159a33d50.svs	266764005	Tissue Slide	TCGA-13-1483	1cb38d813746a7f4bbb9ada862876266
5891c06e-6e80-4789-853c-e4991b1ce19b	TCGA-13-1483-01A-01-TS1.da3bd09a-1930-49c2-a2c0-592f45fa3859.svs	403370241	Tissue Slide	TCGA-13-1483	631358ca8a04f6964b0564310af6c7be
5dcce83f-968c-4160-a059-c5445b83cb1b	TCGA-24-2289-01A-01-BS1.9a729ef3-7079-43be-a05c-14bba09008f5.svs	216796549	Tissue Slide	TCGA-24-2289	986876473aa558633d66a0baa34661de
a41a6ede-d08d-49b6-bf01-b3e25a6b95e6	TCGA-24-2289-01A-01-TS1.4f5337c4-78ae-449f-8452-71be5ba1dd69.svs	195655709	Tissue Slide	TCGA-24-2289	4791fae64f5c04bd741b06060eb26800
e5d34048-9b2a-4a42-ad94-f738a0207db3	TCGA-04-1361-01A-01-TS1.58eecb9c-dfa5-450a-8057-4545340dc5ac.svs	110357501	Tissue Slide	TCGA-04-1361	7465015024448c557343022fbddfc544
b09078b6-b7d6-4bf2-a880-23e6c09838ba	TCGA-13-0886-01A-01-BS1.d21154a8-2994-4f78-b12c-bd53414d2570.svs	182006813	Tissue Slide	TCGA-13-0886	2e45cb5d7a42c001339d9450f218c2d6
92468198-166a-4b44-955c-80069cd6fed5	TCGA-13-0886-01A-01-TS1.87d770e2-fb08-4fbe-8091-53a12ef5413a.svs	172020761	Tissue Slide	TCGA-13-0886	2bba1edc6d30e3cae09153ff476b96c4
2dd6e350-6cdf-4a8d-9d93-92b5ae78bb55	TCGA-59-2350-01A-01-TS1.57e502c7-e6b8-4ccc-9ff7-6719c58f48e0.svs	62098243	Tissue Slide	TCGA-59-2350	933a2e5c53e8de3d48641533f317dd85
19b09eaa-1268-4035-885a-cac1b8fd8ac3	TCGA-29-1688-01A-01-TS1.0917166e-3623-4f88-bc19-5b3e6fd856f9.svs	121107105	Tissue Slide	TCGA-29-1688	94d0224bd087f07bc345a77da760f6b8
16eddd00-1b0e-4014-a424-dfd78f8bc4bd	TCGA-24-1471-01A-01-BS1.5b870680-19ae-42ff-bbf5-2f0d82ca9caa.svs	254666841	Tissue Slide	TCGA-24-1471	aaf097a75b711f76e4081a6146fe343e
ddbb2a47-3b00-43e0-a2ec-42f4110f995a	TCGA-59-2350-01A-01-BS1.d023d22a-2e51-4f61-8cd6-b45d4cfdc006.svs	31604879	Tissue Slide	TCGA-59-2350	99076b32b31be4279efc83e137f35066
c460b07c-eea2-4246-847f-e7ceecf52c0f	TCGA-24-1471-01A-01-TS1.ff50c1a3-4de7-4dd7-8188-025d1df618d0.svs	288635409	Tissue Slide	TCGA-24-1471	1130ece32b686a95fb5cadd12073c7e7
8e9f5cf8-f302-426d-be6d-9dd4d49adcb3	TCGA-24-2262-11A-01-BS1.99b9e7bb-f2b9-42de-beb9-6045fe79964b.svs	29524049	Tissue Slide	TCGA-24-2262	faa3bfe1389ce3cca2c1a00708fb0367
0c5b4885-a8db-444e-9b15-dad2bbdd3cd0	TCGA-61-1738-01A-01-BS1.941a44db-9fde-4bcb-9a7e-88c3a8afa74c.svs	237461447	Tissue Slide	TCGA-61-1738	b5bfdc5e1dd0f12444fd8a62c3af4232
03b0905f-3add-4b92-b158-9d4fef4a4185	TCGA-36-1568-01A-01-TS1.1a9c6c51-2b6b-4fa9-ab42-ddf6f921adfb.svs	62619075	Tissue Slide	TCGA-36-1568	7534c5c2cf604033385e4b61264b469e
3a86a185-8c32-4124-a09b-d21ddc4dc692	TCGA-36-1568-01A-01-BS1.4356f10e-d4de-400b-8954-eb2e30b693fb.svs	186961533	Tissue Slide	TCGA-36-1568	712097333acce58a5341fba6813f29e1
1fa8f317-3202-4e74-8f33-213fadd7da37	TCGA-20-1685-01A-01-TS1.423bc4cc-37ea-493f-a7cd-67c67eebc4b6.svs	30242613	Tissue Slide	TCGA-20-1685	aa3cc569fb75f14e03be7ffabf3be6ab
9b206dfd-54d1-48da-8ca3-f5e8926deac6	TCGA-29-1777-01A-01-TS1.ebda1d10-aaa2-453b-b650-7d7f128ee0a7.svs	167761561	Tissue Slide	TCGA-29-1777	0b9b9af571d7d049add85fd4bab71742
4aee099c-15b5-4e80-9dee-c8260ea8b288	TCGA-13-1409-01A-01-BS1.dc1c8c75-97e7-4a32-9581-9c7bac1a0a87.svs	379588769	Tissue Slide	TCGA-13-1409	48e24b3a98c2ce2f655c6dd1e07c5976
3942091d-ad71-4cbd-b12e-32fda0b70322	TCGA-24-1553-01A-01-TS1.335b5d27-d22e-4631-a772-ad33e0e3fc49.svs	433030983	Tissue Slide	TCGA-24-1553	313378186992572c49a03483618187fe
076d90f4-c5dc-46bd-aee3-c49c75983142	TCGA-61-2092-01A-01-TS1.060203fd-43c4-4e4c-8b3b-6d537a56e73c.svs	229248309	Tissue Slide	TCGA-61-2092	618cd6968452fa2637403fc6229de7af
acd9b72d-7e13-4be9-8111-147ea11aed3c	TCGA-13-0764-01A-02-BS2.eb6a95ae-2834-424c-b6a4-c37571313f45.svs	82046723	Tissue Slide	TCGA-13-0764	4fa0f41eb05c0656af7da66f37f32863
e872ed87-07cf-4f15-9c72-7db51e449677	TCGA-24-1924-01A-01-BS1.624ef7e2-100f-40c8-b153-82b50e3f35ba.svs	50793071	Tissue Slide	TCGA-24-1924	ae6485b81df5ae885aef4ea0f448a8d7
cb7d3185-1480-4b68-b581-250ea137a1ad	TCGA-61-1724-01A-01-BS1.dc9700ec-ce3c-4286-80bd-a353c376977b.svs	257436251	Tissue Slide	TCGA-61-1724	8e7f8e90e374a1baaf947c2ce55e1d7d
0ae41890-bded-4c65-94fb-8d8f2259d54e	TCGA-61-1724-01A-01-TS1.842b750e-e4ef-493a-aa87-8b270df9a629.svs	474009083	Tissue Slide	TCGA-61-1724	a0c967084d5e8ba15fe748322c349d0a
81caf0f9-3aab-4355-9bbd-b3dc8e8a990c	TCGA-61-1724-11A-01-TS1.61307b21-e39a-454e-b12a-6ed706fa1255.svs	46682313	Tissue Slide	TCGA-61-1724	ad99922cbf0bb3a86cd97a3ba8ebb6cc
565dcf61-4039-43fd-b906-b7231861ed39	TCGA-61-1914-11A-01-BS1.432cf2c1-18e0-4cac-a1a1-91882ee2a101.svs	32602249	Tissue Slide	TCGA-61-1914	0b5e284ae730d966a4546a77d6742e82
494237f5-1f5f-4c2a-abb7-76b73db2d4e1	TCGA-24-1423-01A-01-BS1.8e1e9415-8cf4-41b5-a038-1e6f03193d0f.svs	178301197	Tissue Slide	TCGA-24-1423	da44967c72760fef19c853395f5a34ce
96ea1d8c-4d59-4794-bc21-81751e0a6196	TCGA-61-1733-01A-01-BS1.29704093-9666-4b98-a73e-4451db841e32.svs	96843823	Tissue Slide	TCGA-61-1733	b7150dc21e365b646f623bb8edb5d558
2df38503-0845-413e-9716-38218279a726	TCGA-24-1423-01A-01-TS1.43615c8b-4834-48bd-b92f-251ceb7073fe.svs	152070917	Tissue Slide	TCGA-24-1423	c29ce53dc29ead7295ed61dbf96bfdc1
62edc2a8-edc3-45ab-9030-ba2e237890ca	TCGA-13-1405-01A-01-BS1.75a754e9-5c31-4b53-b8a9-fe6deec738ab.svs	345038501	Tissue Slide	TCGA-13-1405	5e154e1e00c2ea8f3fc2881ba2606401
15af2738-417f-4a79-aaf9-7f2c3b625a89	TCGA-24-1563-01A-01-TS1.3f251140-d701-4deb-b82e-4924e4667a14.svs	344235491	Tissue Slide	TCGA-24-1563	9ceb12ee907879e2f82fe92a4d81f606
2ac4f431-8895-4805-894e-0298d46daccc	TCGA-25-1314-01A-01-BS1.c973eb70-6985-4890-b86b-1a477823b641.svs	922013847	Tissue Slide	TCGA-25-1314	5a00a448cdb4b1eef74bcf8adcb368ca
d807ad3a-cf62-402a-8de3-7d15178cf598	TCGA-09-2045-11A-01-BS1.893d9759-2b40-4b68-9e57-2e80dffe9a58.svs	57434849	Tissue Slide	TCGA-09-2045	8d6152a33a188202fc7b1b3230c5a04f
12ce4ab6-f92b-4e11-b5fe-d403c047dec3	TCGA-36-2551-01A-01-BS1.b221a1f7-0b26-4c8b-b658-d3ccc5f59e35.svs	111155663	Tissue Slide	TCGA-36-2551	5d0acc0901a0e8c8a1f9ba06ac43be35
76326b94-455f-44df-85c1-0b1c5afa65df	TCGA-23-1809-01A-01-BS1.ae9b5dd9-e156-4990-b851-7a63b4f39e60.svs	70704785	Tissue Slide	TCGA-23-1809	f5b0399f6491f098f416eb251be56c03
758781d9-fe86-4cda-b902-4f5da8644ada	TCGA-09-2048-01A-01-BS1.185260f3-68dc-4e18-993c-7ac8bab6fe3c.svs	81813335	Tissue Slide	TCGA-09-2048	7828c2cebec442639a78b830735f3bee
44e9c503-d4ec-49ff-bdb6-5bdfe7158d24	TCGA-29-1698-01A-01-TS1.e59554f2-0729-4985-ac95-a8d46f3f7fcd.svs	172875865	Tissue Slide	TCGA-29-1698	ee67263225375b1f0e994c19dfeb8f6d
82bc4fa3-97ba-4929-83d4-be9a2740979d	TCGA-13-1403-01A-01-TS1.d9d6de3c-5c5c-4966-b028-b914002e89c6.svs	271291895	Tissue Slide	TCGA-13-1403	435ffd7f2b8c3c957d137d28b8ecc6b7
eb56cfa7-448e-4ba3-b9ac-ea21ad3af9fe	TCGA-13-0761-01A-01-BS1.73063369-b448-4bb0-9930-3ccb7ed909e8.svs	84517269	Tissue Slide	TCGA-13-0761	aad23ca66a9a6055ca13d04b3ac6c167
1cd70249-833b-4969-9158-3022aec170e2	TCGA-61-2610-02A-01-TS1.aade8dd8-10dc-446d-a06b-39baf5dc92d2.svs	54596853	Tissue Slide	TCGA-61-2610	e5ec3e45bea0000e9adf339803c14612
d6632ebc-0194-4d6a-bc14-33943ef8ea63	TCGA-36-1571-01A-01-BS1.456cf689-c3f2-47ad-8b8c-8990e20dc816.svs	101953519	Tissue Slide	TCGA-36-1571	81d43e6959110b6f14173dd12f02bb01
42fe1e52-c2c8-41cf-9b0c-1e12b5d4cc30	TCGA-24-1418-01A-01-TS1.384345b7-9a47-4c10-ab17-31a6f1e9a544.svs	135262463	Tissue Slide	TCGA-24-1418	34a1179e77884667f03115cbe5193c6e
6c384090-8bd9-475b-9a66-e85914c090c4	TCGA-61-1895-01A-01-TS1.65f8ded0-cb33-4ac2-8493-32bd00b71cb1.svs	143972537	Tissue Slide	TCGA-61-1895	07e58aa5263dc0191cc8c0a1ebab4b5a
368d7e56-ee9a-4b74-b961-15d32d506c38	TCGA-61-1895-11A-01-TS1.a0cd89bb-69f2-411d-be2e-83d36a936339.svs	115498877	Tissue Slide	TCGA-61-1895	bfd9e9a3daaee75444a35521bbd6bb21
4e14d8ce-dd18-4b91-9d14-5b0127e50eaf	TCGA-25-1318-01Z-00-DX1.742CB28E-DB0A-4BE1-8047-5265FE80F861.svs	3433000966	Diagnostic Slide	TCGA-25-1318	ef77b9d722401780de31f3e6f3179a2d
1f06efa9-a0d2-4e99-a8a2-cc386aa6a9dc	TCGA-29-1785-01A-01-TS1.92dd91fb-debd-463d-bc19-8e9912f80cfc.svs	163376381	Tissue Slide	TCGA-29-1785	b9caa2a0a4590ed7490ea0fb21ea4e00
984ba6f1-d8e6-4821-9668-2570dfb4352b	TCGA-13-0751-01A-01-BS1.e6036b54-4f2d-4fa4-b847-159cf93a6481.svs	154992587	Tissue Slide	TCGA-13-0751	990dee046f747340e078ca3fbaed99d7
b04f21fc-0992-4c09-aefb-6da4ec4ba2fb	TCGA-13-0751-01A-01-TS1.cc04b26d-9b2b-4840-b980-69480ef92d24.svs	164489793	Tissue Slide	TCGA-13-0751	420ae36e16474e077888d47694a576c9
d5b56d91-e0b9-4984-8dce-a6667abfecfe	TCGA-61-2614-01A-01-TS1.9649012a-36a2-4680-9198-32b4f813c11f.svs	172281741	Tissue Slide	TCGA-61-2614	984b203dfaaf6481a92c4ea66c899c72
0b34bca1-362b-4079-bc57-1b66fb432e1e	TCGA-36-2529-01A-01-BS1.9bd50a80-62b6-4105-947d-227addd29014.svs	307671619	Tissue Slide	TCGA-36-2529	e80a8b5a9e4afd859dc622e3a984f64b
4ebbe58f-07f2-4697-bb73-f9ec50f8abe4	TCGA-61-2012-11A-01-BS1.50693f43-010a-441d-adfd-65de5ba5b75f.svs	50732343	Tissue Slide	TCGA-61-2012	75831871985151a65a22e5b2a268b838
1d31b689-dd3a-447b-b88c-aefcc8415fc7	TCGA-24-1466-01A-01-BS1.8d2c7ac8-7c82-4bd1-9a5d-453ee808de57.svs	342109111	Tissue Slide	TCGA-24-1466	cd73decdc1c3b21d7a60cc6917a60662
098eb862-34c3-453e-97f1-7c44eebf7b41	TCGA-61-2012-01A-01-TS1.d68a617d-bd93-4048-895f-46279334d114.svs	171891591	Tissue Slide	TCGA-61-2012	086dbe6b8cd75d45300252eed9a9cd37
7afc498d-4b39-474f-895b-a172ec0b7819	TCGA-61-2012-01A-01-BS1.0360d47c-f42a-4f5f-b317-ff0f55799425.svs	251426077	Tissue Slide	TCGA-61-2012	39f670a92ebd9caa02e9b845f845573e
c46c0e43-3ad0-4daa-8c49-90e15a7592c3	TCGA-13-0885-01A-02-BS2.f81d65cc-0e63-43c6-b022-17d16fa61f9a.svs	57990407	Tissue Slide	TCGA-13-0885	6e6afbe03c42a16824adec4efb959d26
64ec06dc-02aa-4e15-9ae0-7b703db5b7b6	TCGA-09-1674-01A-01-TS1.1548609e-f7e9-40f0-a163-61b669916542.svs	284930929	Tissue Slide	TCGA-09-1674	645cbee2229182e1d8694c4aaae6f558
f17c0795-f2c0-4d61-aac6-f5aac34eae3d	TCGA-09-1674-01A-01-BS1.f3f2ff0f-8c71-4d0c-84d2-744f98232846.svs	351963563	Tissue Slide	TCGA-09-1674	bda944168404e3e5db0569d724efd7f3
f120c93a-545d-4f98-9478-312bdfc43a7b	TCGA-24-1413-01A-01-TS1.8e76a2e6-ab2f-4d66-8017-c128c68763d8.svs	234284219	Tissue Slide	TCGA-24-1413	960e89f4c601bbb430490fd0d05fda87
041d5f6f-ed37-439e-9481-2c8800632187	TCGA-61-2088-01A-01-BS1.3e099147-d41d-42a2-b979-5847180209b4.svs	179823811	Tissue Slide	TCGA-61-2088	1f7b3d614bd04914d94ad3ffc9016560
fcb76bec-559e-4be6-82ed-f7be2c581b47	TCGA-23-2081-01Z-00-DX1.4105A382-4C2B-4C62-AC93-CB21CC360254.svs	1407335385	Diagnostic Slide	TCGA-23-2081	7ded42ebad95fd8c968bc4f867431fa5
6984f0a6-3b4e-4847-b4d1-646b0434d487	TCGA-13-0923-01A-01-BS1.13b1073e-fdb1-4c7c-9899-5251d0b8d32c.svs	228633823	Tissue Slide	TCGA-13-0923	0ef0452bcbede101edba5f3822703371
1f925809-b437-4893-a3ea-2417396f1af5	TCGA-13-0921-01A-01-TS1.6e9b3d75-356e-42a7-8f1f-e0bcaf429977.svs	380312193	Tissue Slide	TCGA-13-0921	01ee110ecd491bbd709adc798663c4f3
20403da2-988d-4185-9f34-e373c1456599	TCGA-13-0923-01A-01-TS1.d9d2ce88-c392-4e1a-abfc-ac656d4d2ed1.svs	260833271	Tissue Slide	TCGA-13-0923	5f33328040bcb29fae7da5edc439f7ce
1c06ce7e-3921-4d4a-a9b1-94e083b4bd0a	TCGA-36-2552-01A-01-TS1.4bbd71a2-f827-4c18-9b68-53f0a6f13840.svs	761402883	Tissue Slide	TCGA-36-2552	7593a09d1be66a6801597d945a59f503
e68ee5e9-e3ba-4348-80bf-2e082a519ecb	TCGA-13-0726-01A-01-BS1.a58bbed2-b315-4182-8965-023c55e37725.svs	135288817	Tissue Slide	TCGA-13-0726	67bc6f156f781b8a0e3743db51fa9ed0
c64a2020-f4f5-41ee-93d0-9ab6e7f7caf9	TCGA-09-2043-01A-01-BS1.42c672f0-e762-43a5-84ca-6ae0b12245f5.svs	336277537	Tissue Slide	TCGA-09-2043	996c97adbdbc316edfefdb7affd9bb71
2d3a8436-16d6-467a-9166-a5c1234f2016	TCGA-09-2043-11A-01-TS1.ddaa01af-b34f-4e60-87db-c93c16cf0120.svs	467156943	Tissue Slide	TCGA-09-2043	5eca95e97d8659ffbd270255bde92165
9f19ff8a-bf9e-474d-bd4d-40b0ae9375e9	TCGA-24-1430-01A-01-BS1.da84d3c2-9588-4907-9a03-4ea2847621aa.svs	332790961	Tissue Slide	TCGA-24-1430	56a989c1308d966adadf7a50a50d4c1a
4b31785a-b972-48d3-8fb1-f55393106067	TCGA-13-1501-01A-01-BS1.8fabb2f9-a340-49c1-ab64-9208a2fe1760.svs	252781307	Tissue Slide	TCGA-13-1501	231b3bd46a0fe978c1cfa96cce3cddda
9531ad84-75c8-47f2-9512-22868cce10e9	TCGA-36-1576-01A-01-TS1.683327b5-b127-439f-9a47-6bf7f1d01203.svs	287381603	Tissue Slide	TCGA-36-1576	3455f55996f2f321b180e722da9ef7fc
dffc6afe-7a25-4f18-8470-8ec58caa80dc	TCGA-61-1998-01A-01-BS1.16a1dc45-c69e-46ef-b90c-e3434676491d.svs	85433753	Tissue Slide	TCGA-61-1998	fedcef8f4087a0bbc2180f4b5d6782e8
9f205c43-a324-4ac0-b7e0-58b672f05efb	TCGA-13-0762-01A-01-TS1.6e3dc8cb-c3cf-4b6c-a27c-7a692b97ee22.svs	149851023	Tissue Slide	TCGA-13-0762	c5ddb62158b387acef536c9356e2975c
e71711a4-d784-4f4a-a4b3-13059c5e12c4	TCGA-09-1666-01A-01-BS1.da8d3b7c-3945-4281-8907-19a24dd29f68.svs	208893361	Tissue Slide	TCGA-09-1666	0dc90c021a476b1021a052e7910dc103
3c433b4d-442b-4cfc-84a1-615704934e02	TCGA-13-1485-01A-02-BS2.d33cd2ff-9521-4ae7-a458-6cd672e3048d.svs	288070331	Tissue Slide	TCGA-13-1485	2945f0e3984587a0aa2d3c09e1d8daa7
db5b186c-66b8-42f1-98d8-dfaf42cf6a79	TCGA-24-1419-01A-01-TS1.4e3b292c-2e03-4a9a-8d8c-4b1c178e2039.svs	244981131	Tissue Slide	TCGA-24-1419	265e66e4ace123868d0330150c7a17f1
a8f0f9a4-4f84-4e60-99df-be59bab4e224	TCGA-29-1690-01A-01-TS1.760c759f-58f3-452d-a7a3-de166e8b1659.svs	197338367	Tissue Slide	TCGA-29-1690	9d3e498120bd31d866e7191b3b5e47e9
7db83de2-1b97-4340-a629-a6f4d474d9cb	TCGA-13-1507-01A-01-BS1.b4f68dd8-44d6-4b1f-afdc-2655cf3246df.svs	268624983	Tissue Slide	TCGA-13-1507	0dce7f413a9c03f2b358ad47dc371503
aa0c48fa-528f-455e-b23f-215dbd0fda5a	TCGA-57-1994-01A-01-TS1.739ef125-4790-490d-bf6b-7e7fbe966335.svs	133197599	Tissue Slide	TCGA-57-1994	6bc4a052dbeb85614c2ba28f3c71e3b3
5e786027-84b9-4b67-b4e2-2ba282bd4ee3	TCGA-25-1626-01A-01-BS1.a288053e-86fd-4189-8dba-641155072fc7.svs	137857593	Tissue Slide	TCGA-25-1626	1aeb4f3cc50bb5976a82ea8ba678ec3d
ec7f96f8-97b9-4215-a6ee-943a81940928	TCGA-25-1626-01Z-00-DX1.2C6EA1FE-8063-40AC-B81A-CC0A630FCFCC.svs	2692887216	Diagnostic Slide	TCGA-25-1626	caad6a4237c10e091fff77bc83945860
5453df9d-ea89-49eb-a42f-78d37a7b9ea8	TCGA-57-1994-11A-01-BS1.12c0ae29-97ed-483f-b9df-fb45cde6a690.svs	82385375	Tissue Slide	TCGA-57-1994	6f420d02ec06b4f37d9699b8552e071c
2973d3f1-6c39-4614-83b0-01d7578878db	TCGA-13-0888-01A-01-BS1.958e8b83-20ce-4ec9-9e0f-62be3c6ba1cb.svs	163689149	Tissue Slide	TCGA-13-0888	616d95bfb975053368e71c2d6f1457eb
e10731f5-46a9-4716-8bd3-ffbb566f9b39	TCGA-04-1331-01A-01-TS1.76f57a19-5698-4204-bb11-7b6a106d620a.svs	225384721	Tissue Slide	TCGA-04-1331	471fefb1debde90f6db4d4a65cf01a58
37d1630d-ac2c-49cf-9366-d01e4b98b645	TCGA-24-0968-01A-01-BS1.75dde44c-1150-4c27-9b81-42cc7c8be0bf.svs	34585885	Tissue Slide	TCGA-24-0968	68c016eef104efa2d39185ae44172807
b9c76c30-4e62-4352-ace5-faa1f299d2d1	TCGA-24-1548-01A-01-TS1.6114d437-d41e-412e-a3ca-80b15ddf73cd.svs	81696765	Tissue Slide	TCGA-24-1548	4423c9779e7ec030029a611025d7449b
8fcded83-784e-43c9-8765-8c7f800967f0	TCGA-13-0897-01A-01-TS1.06f71559-c811-4995-9983-f16452175b36.svs	170081295	Tissue Slide	TCGA-13-0897	658ae59efb4164dcebcdca7ea38dc140
4eeb963a-f3b5-4085-8e47-dccf8c1142dc	TCGA-24-1434-01A-01-BS1.db10a516-27ac-4dde-a922-2b4a804ddead.svs	323204755	Tissue Slide	TCGA-24-1434	d28087554c32f0c39a5daa46af037d31
c04ced2c-e097-47cf-91f2-2f532882407d	TCGA-09-0364-01A-01-BS1.1546ea7d-1678-4910-a51e-2a1a41a96fc7.svs	67444909	Tissue Slide	TCGA-09-0364	adce3b11d904d2d8f56dd557496d39f5
cd3eb96d-b12f-4b4d-8320-ddfdde90bedc	TCGA-23-1121-01Z-00-DX1.E2F25441-32C3-46BF-A845-CB4FA787E8CB.svs	2008119069	Diagnostic Slide	TCGA-23-1121	7f63d15b188ceb033e23d3aa409f3ad5
69b4b393-a8b9-438c-aa1c-ee02bd72badf	TCGA-61-2102-01A-01-BS1.1597b3f0-3481-4fe3-964c-3d54a2db6283.svs	269213889	Tissue Slide	TCGA-61-2102	014faccbac48504ffb53dab962312d7c
10eb0532-e2f7-4009-8465-5265fc815cbc	TCGA-04-1644-01B-01-BS1.43295052-6629-4f4a-bc05-b282819d6c84.svs	63641685	Tissue Slide	TCGA-04-1644	68c13bcd768d85e2638cfa807a796f4c
d05d4458-73ba-4737-ad17-964e57239e90	TCGA-04-1644-11A-01-TS1.c12713fe-c9a2-47e0-a941-261f7536fbbc.svs	28179527	Tissue Slide	TCGA-04-1644	17c52a230013ae747f1b4461468e4718
83bb8c04-153b-45c7-83b4-9ba1ab989279	TCGA-10-0936-01A-01-BS1.3ede0f32-9bf9-46be-aabd-4793365bf020.svs	113244135	Tissue Slide	TCGA-10-0936	23459489c5c83161568b2bcf968b1e1d
7b0ab746-c045-48f4-9103-03cd01e66ca1	TCGA-25-2042-01Z-00-DX1.79198B62-0E0B-46C4-8D35-FE20582B8035.svs	3144896714	Diagnostic Slide	TCGA-25-2042	fe7dd62aba50180e3fb769066f08b27a
90fd2d20-2b5f-40b4-b632-ccca2e538f02	TCGA-29-1771-01A-01-BS1.1b36f867-018c-496c-9e70-3b7b369e92de.svs	189692191	Tissue Slide	TCGA-29-1771	79e6af50498c186bbbcd7e74a112037d
a5c9761b-c54b-41a0-b0ee-aed76d413d70	TCGA-29-1768-01A-01-TS1.62464711-a212-4d0b-8ae8-d4e75c238043.svs	108865647	Tissue Slide	TCGA-29-1768	6038c59c6cd2c50e006bdebe0b59b8aa
0dd40649-727c-4ac0-8441-7f6f50ac7e94	TCGA-10-0938-01A-02-BS2.4143e826-d8fd-41bd-a948-34cbcc3c7518.svs	171411839	Tissue Slide	TCGA-10-0938	94255792e6644d8d6f053ced90708cc2
8125d63e-7e5b-4004-8992-8fe20da13146	TCGA-25-1329-01A-01-TS1.603d7e2c-e298-4d4c-8479-94547312f95a.svs	988480293	Tissue Slide	TCGA-25-1329	f6783f3304e180872934b7c9ed300574
e9aab762-c970-4032-81f5-3a8b8e4e8a00	TCGA-61-2111-11A-01-TS1.9160fa41-6476-47cf-b933-684df50ff263.svs	52684325	Tissue Slide	TCGA-61-2111	a4445a239324e9b1dd4dc28806ee4670
7afbf046-de29-46bd-b83e-348a13f64cf1	TCGA-61-2009-01A-01-BS1.39107a07-daa5-4194-aedc-269f33d3dd2e.svs	458067367	Tissue Slide	TCGA-61-2009	fa9f405c3d9e0e0265d02f9580f4776a
db7b9c91-08be-4af8-be86-3dae153eb29d	TCGA-29-2431-01A-01-TS1.5146b393-8468-48f5-8ad6-a7821695bc22.svs	199062221	Tissue Slide	TCGA-29-2431	0e968233c476059cdd95abe16e5f7e28
12f831e4-181f-4081-800b-8edfbd7e53e9	TCGA-24-1845-01A-01-BS1.fbc4f1c3-ac59-4dab-b77f-61da0511bcad.svs	90494633	Tissue Slide	TCGA-24-1845	affe1fcf0785843091e66026efea0b0c
33909229-accd-42c1-afde-db3a71ce2d3e	TCGA-09-1662-01A-01-TS1.991a3778-5f86-4d75-93d3-93b24310153c.svs	133425547	Tissue Slide	TCGA-09-1662	50d980072191cd0815ad34cd43abef10
5db5910f-657f-43e6-a1eb-8c323a620c4c	TCGA-30-1856-01A-01-TS1.81cdd81e-5115-405e-8750-368028e50845.svs	199376555	Tissue Slide	TCGA-30-1856	3116878f7e2305d8622ab814735653dd
1b6b8e4f-209b-497d-aba2-0e1e4774d5f0	TCGA-61-2110-01A-01-TS1.657eac90-dffd-4a49-815e-751d197a315e.svs	70207679	Tissue Slide	TCGA-61-2110	e784c8c63a806c98a515e565bbc6e9b2
fcc842d8-8dad-4d09-bf20-5ef7b698b469	TCGA-24-2254-01A-01-TS1.de52a9bb-d52a-465e-860a-4fdfacb8f9e2.svs	93921461	Tissue Slide	TCGA-24-2254	3101b6ea91c564c73b0462fc35c5d54d
81f02e2c-68fb-4a9c-b54b-1c578424b8e0	TCGA-61-2094-11A-01-BS1.17740429-3f1b-4472-af42-9a0d24558e8d.svs	29658563	Tissue Slide	TCGA-61-2094	1d54044fffc06268a9132397ef884895
b9d5fc47-9a39-4e99-a108-3ad3382a2ec6	TCGA-10-0925-01B-01-TS1.99e79d6a-c335-4f6e-97b3-ff91f48dd7be.svs	89580525	Tissue Slide	TCGA-10-0925	3dc15867108e4048bd39a5c3e5703637
7cf1d9d1-cead-4413-987a-90c9eaa3a5ab	TCGA-61-2094-11A-01-TS1.97953331-987e-401e-be9a-867d31c2381f.svs	61091335	Tissue Slide	TCGA-61-2094	494eb5d8b9cc0592ec07e6ae8a5df134
3e7a2cb1-a827-449c-92dd-4da289a7c239	TCGA-29-1703-01A-01-BS1.bac4f162-fe80-42ee-91c2-7a3fa4486957.svs	213088359	Tissue Slide	TCGA-29-1703	98ac094268d911e9570a802c4240d389
367c8253-99d3-4d05-a4e6-bae07910bef1	TCGA-13-0724-01A-01-BS1.d39fed4b-f145-4c60-8fd1-81541b8bbbd1.svs	90313721	Tissue Slide	TCGA-13-0724	0e19f572b971693049683f26f7a698a4
66803fd6-f949-490e-b597-2c111db04fe3	TCGA-25-2393-01Z-00-DX1.A311D005-D661-4851-A54F-EE3310C9CD8A.svs	2621017280	Diagnostic Slide	TCGA-25-2393	49e0875d254e85c58beb84ecf4871fe4
119c07cb-d48d-430e-b96e-0e2136856d0e	TCGA-5X-AA5U-01Z-00-DX1.1A03C105-4086-4AAB-B821-A9E8156FA704.svs	1056363595	Diagnostic Slide	TCGA-5X-AA5U	f13949c8c4ae237b80a261b62c895989
1b44bb94-e73d-45d7-ad4a-538bb5bbbaaa	TCGA-30-1880-01A-01-TS1.908bdaf5-5fd4-48d6-a738-cf19cd42367e.svs	96159271	Tissue Slide	TCGA-30-1880	2932b466a55c4daebff00d23af48b8ae
0fcacc3b-5f2e-4dcf-9ecc-9520fd1600cf	TCGA-13-0727-01A-01-TS1.6d8a1ef4-20dd-4641-9f62-9ee2782e24a5.svs	214522533	Tissue Slide	TCGA-13-0727	db692b9269cb1f2511d3c13f87797c5f
9bf353e2-3aff-4c0c-b666-b56045450bcd	TCGA-25-1322-01Z-00-DX1.20DA1932-908F-44E5-B2F2-43E41E06165B.svs	3846321624	Diagnostic Slide	TCGA-25-1322	65a90daccbf42ccffcb0a376f445967a
0944b1f3-30a8-479b-93ab-0dd8c3b9a420	TCGA-23-1110-01A-01-BS1.9586db89-39c2-4109-9575-b2c545d3a490.svs	129705661	Tissue Slide	TCGA-23-1110	eb4c69a8004ce0b3627f58c636bf4735
91449ac0-9d9d-499c-9790-b6dccb5358a5	TCGA-04-1343-01A-01-TS1.75e55c68-3906-434a-8f27-6e0592e859ba.svs	130086643	Tissue Slide	TCGA-04-1343	c110b9571ee728f83b2b2ade3d6a0dae
46526b73-ba6f-4902-b545-6a2f629a452b	TCGA-04-1638-01A-01-BS1.77c11b6c-d934-4d90-8091-759898a577c2.svs	115436455	Tissue Slide	TCGA-04-1638	68b4e0a460960c7af144084739cd5dca
affc9171-28ea-4215-b8a7-84aadb84dca8	TCGA-24-1849-01A-01-BS1.62a67232-6a30-42cd-81c0-f8d714c02a7b.svs	179453389	Tissue Slide	TCGA-24-1849	70af122acaa71bb9942aaf30ed4da9cd
efe8a97a-101a-409d-a6a3-f9fc8262fac6	TCGA-61-2612-01A-01-TS1.99d37374-5619-4342-86df-ed7c6c806e1f.svs	373648385	Tissue Slide	TCGA-61-2612	016bd9a4a485515b49b32d5e2f699890
663908b4-04e4-4d53-bad4-a7ffc6b9f1c1	TCGA-24-2261-11A-01-BS1.58250262-076d-4330-a5c6-49bcd0fa1106.svs	60017905	Tissue Slide	TCGA-24-2261	e2563fdbc40656974206daadbb3d2926
694e71b5-7a04-4d55-b58f-2654a09a398a	TCGA-09-1661-01B-01-TS1.54e51666-b7bb-4bc7-b043-1ce3f71a0d85.svs	41840015	Tissue Slide	TCGA-09-1661	737371c4d5f699902d5519f7fa18d8ea
f28198b3-277a-415f-b60f-5fe11fce978e	TCGA-13-1410-01A-01-BS1.dda5a121-c1dc-4163-a746-af90d53948a8.svs	289977767	Tissue Slide	TCGA-13-1410	9db9aaa91e647670079e394c801f6155
48983f87-44d1-4845-b07d-8161d3eecef7	TCGA-13-1481-01A-01-TS1.e7704255-bd11-4c56-b13c-a5b18dc1f315.svs	372979007	Tissue Slide	TCGA-13-1481	9454fffb43a36c7b1def3afed4d00633
5fd38794-554a-40b2-9d1c-3ed124ce8309	TCGA-13-1407-01A-01-BS1.05372268-5e6e-416e-a3e3-1047cee97d57.svs	219503021	Tissue Slide	TCGA-13-1407	4a6182940fd86cb796eac4b2a434180d
8787468b-a5b8-4582-97ea-df669b9891d4	TCGA-25-2408-01A-01-BS1.6210e735-0610-4267-b5e7-3911f6cecfc4.svs	170882015	Tissue Slide	TCGA-25-2408	8b442174b333c0082defb1d0aeccd211
a3d0274d-3ba6-45a5-8555-279f05b9d130	TCGA-61-1919-11A-01-BS1.96c56cd9-f884-4492-87c6-86c03c27f997.svs	59435399	Tissue Slide	TCGA-61-1919	3988eda75e5b0061b9529bcbd7621ae9
26438d97-7bd3-4f4c-9f09-38d5cef705a0	TCGA-29-2414-02A-01-TS1.9e8b6cda-a655-40f9-a448-d45218dc54c8.svs	99784483	Tissue Slide	TCGA-29-2414	04cb8fd6eb96121626209cea1cf993d5
e107b7de-c88a-4fcf-99a1-e652ca42c470	TCGA-29-2414-01A-01-BS1.c86cba2a-8d47-4657-84ad-1a66647440e9.svs	136683157	Tissue Slide	TCGA-29-2414	3ec1a2c03eb1a9bff3114ed94bf1c2ba
e4a07841-aa92-40d2-94af-01312e9dfbf2	TCGA-13-0913-01A-01-BS1.bcf99833-7903-4104-8814-7b6e5426954f.svs	127175507	Tissue Slide	TCGA-13-0913	4f598d5413a42b355ef244d71bad31db
c90c380a-1a43-4b73-b259-c45df1a5105b	TCGA-61-1721-01A-01-BS1.8a0e1590-8e6d-4c65-b44c-90096f254f6a.svs	165183247	Tissue Slide	TCGA-61-1721	be034986f09b4e7d0c0491d0fb5fa989
1e0419fa-10c0-4c34-b232-553792f58304	TCGA-13-0913-02A-01-BS1.1ac7ab05-f6af-42db-acd0-0d303a1dd585.svs	276512071	Tissue Slide	TCGA-13-0913	a18780584a9133c4481cdf65a3b144af
1b131273-caf3-4776-826c-8d787805d542	TCGA-24-1928-01A-01-TS1.590660da-409a-4caf-891f-c804870b37ef.svs	295199261	Tissue Slide	TCGA-24-1928	377e98ead5cece64e71dad386bfe78c3
d7efab92-7abc-4aa0-a44d-d96cbaf8c970	TCGA-61-2098-11A-01-BS1.7a064a8e-116d-4ac7-a923-01562ece0001.svs	88847843	Tissue Slide	TCGA-61-2098	598ec39ed018727b5a359b85fb9919b0
b5d3aae3-6d57-4630-85b2-0370ea79d9b4	TCGA-29-1770-02A-01-TS1.65332f9d-d051-45da-9b53-3e5f6ed625f8.svs	40039847	Tissue Slide	TCGA-29-1770	a392f2bfa135df086c0886175f617be8
13121960-19dc-4713-bd4f-fec4c506c76d	TCGA-29-1770-01A-01-TS1.ee73a932-fda4-4c43-b713-155de66a089c.svs	174397671	Tissue Slide	TCGA-29-1770	72b53f0c04b8b446e3e72120f9d10670
d404f9d7-1dc6-4bed-befa-cafe5a8c1e0b	TCGA-13-0791-02A-01-BS1.7e3a57cb-8a60-402b-aafa-845d327e89d7.svs	90531001	Tissue Slide	TCGA-13-0791	0813c2987facab4070eadc390ee63665
93505900-ec90-4972-a9f4-d99350a2623c	TCGA-25-1635-01A-01-BS1.bf595f95-9e5f-4b08-8d7e-0b7b08a7c6ee.svs	489407243	Tissue Slide	TCGA-25-1635	21fc9e571031f54522bcc11a9be04f05
95f244aa-bd19-4131-aaf1-839c04ea3472	TCGA-23-1116-01Z-00-DX1.FC5FC1E1-56DD-498C-AA9F-4434C6E733A8.svs	2009665469	Diagnostic Slide	TCGA-23-1116	e01f059716796773b2df665d8b7aed09
e576418b-13ae-4344-b5a8-45e32dce5ed2	TCGA-13-0791-01A-01-TS1.017e80af-092b-47ec-959d-ee2c5f50caa4.svs	204733985	Tissue Slide	TCGA-13-0791	16dfda05216fcf66b2ba8edbf5416ed8
3ff58df1-e612-4ee8-974a-2d6c67d25d8b	TCGA-23-1116-01A-01-BS1.a02dca17-bfe8-419b-b790-944bff16fcf2.svs	179617647	Tissue Slide	TCGA-23-1116	7844caceda4ff9b149363db7eb7fa8d5
2f7a174c-0baf-436f-adf4-85a736a8bf03	TCGA-29-1697-01A-01-TS1.e1588d4d-264d-4973-9cf9-5ade9a3ff5ca.svs	108876031	Tissue Slide	TCGA-29-1697	8af967f7eb2b9a92714dcba449795713
2f1f3b6b-3285-48c0-929a-43e33d73afa9	TCGA-23-2072-01Z-00-DX1.478243FF-BFF0-48A4-ADEA-DE789331A50E.svs	1953258999	Diagnostic Slide	TCGA-23-2072	e350837b69655ec1fbbc6466a47cf109
cc5103c1-bcd1-4a61-8960-bc6096aa8bc9	TCGA-61-1722-11A-01-TS1.33714638-bfa7-4344-bc57-598962f7b831.svs	132809059	Tissue Slide	TCGA-61-1722	27472ba4654499150ad18eb1299acbf0
9851268d-8563-4f20-8d0b-d262cb996339	TCGA-13-0922-01A-01-TS1.66a0df60-e01e-4f47-88bd-789825697837.svs	268316655	Tissue Slide	TCGA-13-0922	0110f5eadfb5d00d8adbd433543eecc7
4938ccb5-e1a2-46d8-9eb9-5468b6eecaab	TCGA-13-0922-01A-01-BS1.8163d1d4-5116-47eb-90c8-a8121e79374c.svs	144453889	Tissue Slide	TCGA-13-0922	7984e8a6220b868c6b08581938a1e6f1
846fbebc-65d8-472c-b180-b516214102b4	TCGA-61-1727-11A-01-TS1.1f4c3265-eee0-4752-afb4-4446dbd521ee.svs	37087623	Tissue Slide	TCGA-61-1727	559f8cd1d6fb01f540f819b0591d84c8
1b59d62d-af3d-4575-b907-e44f62db5db6	TCGA-61-1727-01A-01-TS1.34497557-f144-489a-9068-a279a915e0d9.svs	145066809	Tissue Slide	TCGA-61-1727	8dfe134df2231b3f80013022b6fda6dc
659af4c2-d8e4-4357-a852-ee4c6d6f676b	TCGA-61-1903-11A-01-TS1.2ca2cf14-9a01-408d-be23-73dffb093ead.svs	86573677	Tissue Slide	TCGA-61-1903	7266eda7bc2767e1f02df2d3b531f521
13c2fa97-02ed-4442-aad8-9c4e6b365adc	TCGA-61-1903-01A-01-BS1.77116a06-9e30-4bf6-8854-6a81ba8ed9e3.svs	200210513	Tissue Slide	TCGA-61-1903	05da084e2d65c34aa87bf865483f8b6d
0afa1e88-9778-4070-93c7-8af7a5a559b2	TCGA-42-2587-01Z-00-DX1.7a887a16-a8bc-403b-ab71-a8b43e5613fc.svs	138457713	Diagnostic Slide	TCGA-42-2587	4a277bce3d6edb0a949e83f0d43e2e0b
36639be1-fbc4-4e9c-8cdf-61667d6c7852	TCGA-25-2396-01Z-00-DX1.3E755B49-EFC5-49B8-A381-0B06DAE56961.svs	2928582606	Diagnostic Slide	TCGA-25-2396	fa81ad17cac3f03919dd591ccca5d109
d93b71fa-bfe0-4402-876a-b51edef5ef86	TCGA-42-2587-01A-01-TS1.f9c60f94-e626-4e40-8490-259f02d9ec15.svs	138771709	Tissue Slide	TCGA-42-2587	c9d89dc3808a0df5bcfb7fe39994b8ca
e2480eb3-e250-440a-91b3-6585b4dcb037	TCGA-13-0914-01A-01-TS1.3d070c0c-9af2-4b50-97e1-60ee61ea579f.svs	222760265	Tissue Slide	TCGA-13-0914	f94afe55ec2802b40e6ab84f4ced854a
745d7108-dd8e-4417-b01b-078e71d4e7f4	TCGA-29-1699-01A-01-TS1.afdc3c80-fb8c-473f-9195-c680a82bfc74.svs	164889893	Tissue Slide	TCGA-29-1699	4f9cf29b3370aedac2ef0260e7ba4d86
65e40d21-5faa-410a-b9b9-6c25188721e0	TCGA-31-1959-01A-01-TS1.c9408cb9-448f-47f7-bad3-36f89f225596.svs	165039699	Tissue Slide	TCGA-31-1959	f4927e878373695f3eddb0c0130d7d92
b49ebf67-c370-4fe4-ba25-a1f00e146b52	TCGA-09-2044-01B-01-BS1.3ee9af83-dbc6-4c81-9732-2c174fb32946.svs	404393511	Tissue Slide	TCGA-09-2044	77bd1f6a7d45d06e7e75975f0281ea58
c18148f1-8d0b-4dce-80b9-e1cc5eaa8511	TCGA-24-1416-01A-01-TS1.dbe2dee5-0c05-46cd-baec-7293be19fd17.svs	198965555	Tissue Slide	TCGA-24-1416	bcd1cba73bde3d68031ec97963088bf8
badb6ce4-70b3-4b2f-94d8-509780fb07f0	TCGA-09-2044-01B-01-TS1.e382e900-de5f-4cf6-87b9-afa4aebea4b4.svs	333193479	Tissue Slide	TCGA-09-2044	74f8726db29cbc56d19656a2427f9cdd
d7109640-5ae3-4a60-8902-a0722ac4e7a1	TCGA-24-1104-01A-01-TS1.5f113d14-b733-4f7d-ad0d-3d2a0771bb8b.svs	315482103	Tissue Slide	TCGA-24-1104	444a94f72f02b134e629e176b01bc04b
9a2d3fbe-720c-464e-9025-1eaa5709a216	TCGA-13-1491-01A-01-BS1.81e6c22e-6e3c-44a9-851c-056211af422a.svs	387973011	Tissue Slide	TCGA-13-1491	f2b94dbb700b959ae4d819296a8d7575
fa6f6b3c-ada5-4d4b-9d7d-370df28a8ebd	TCGA-09-1659-01B-01-BS1.e8c4fbf1-6540-4e8e-b163-58d009066a2e.svs	83913623	Tissue Slide	TCGA-09-1659	c6df74f2e9c94fc7fdea944fe81ae8e8
d1dacb58-5d5f-4d80-80fc-6c6759d6d6cf	TCGA-04-1371-01A-01-TS1.c1bfd3e5-ac3a-4b24-9c55-398a1eadc74e.svs	38412179	Tissue Slide	TCGA-04-1371	ebc45b07de5f555182c448bca235db58
1d335673-5ba4-4b25-b833-64d59e4267f1	TCGA-04-1371-01A-01-BS1.1d1e1095-c60f-4378-8cb4-74ad5fac5555.svs	180105847	Tissue Slide	TCGA-04-1371	9bceb13d957eeaefb23b8e3660308fd4
515c848b-2c26-4d3e-906f-1f951dbb0741	TCGA-25-1320-01A-01-TS1.7baccc6e-48b9-4f66-b04a-5a550b77dfce.svs	524330057	Tissue Slide	TCGA-25-1320	1a436e0f2325fb212fb09c1b06036d96
c09d05d4-0b3e-4256-a5cc-10a500d1917b	TCGA-04-1525-01A-01-BS1.eb648605-dfb5-4790-b027-d5f4b8fc21cf.svs	90590603	Tissue Slide	TCGA-04-1525	cab3936f7d9e7a0c26d38c423a1578ee
03256884-9230-4fe0-8a5f-0af13ef7413b	TCGA-04-1525-01A-01-TS1.e3de5902-0717-4df2-b703-7dca07011812.svs	116111873	Tissue Slide	TCGA-04-1525	e7731a29cf5d6a06f676ea30cc630a32
e7792b20-3458-4be5-bafe-1f5a038e6825	TCGA-13-0794-01A-01-BS1.a4d22c1b-4dea-4d51-aa75-0507f7126d98.svs	278572651	Tissue Slide	TCGA-13-0794	9891edf2f9c937776a766dc32eb61e22
96bb6c59-2b19-44af-a473-5a8d2893695b	TCGA-13-0794-01A-01-TS1.ed076fbd-1df3-4a80-aa77-1d94e874df8c.svs	235002055	Tissue Slide	TCGA-13-0794	c7aa7f7e3fb79627752c44a632b25813
f7b222ab-93e7-407b-9f60-b4f305b74b1e	TCGA-24-1431-01A-01-TS1.56af0d60-12ff-42cd-bf25-1a6e1282bf6e.svs	317511683	Tissue Slide	TCGA-24-1431	9ec320cd20daa272b72558a83713a127
e9206264-5233-4f7d-8535-c1bdca572edc	TCGA-09-0366-01A-01-BS1.1a24dcff-2bd0-430f-9b17-d2487425878d.svs	37495565	Tissue Slide	TCGA-09-0366	52af995bb49b6090b67eeb24ef5d67ce
b2fc5e87-628b-4436-a169-b97710eb76c9	TCGA-61-1736-01B-01-TS1.c1c6008e-be3b-453c-8182-6392ee9a02a3.svs	140110259	Tissue Slide	TCGA-61-1736	8d6f03dfe16c0a5341a1aef9ae5d60da
9eb7c9d5-49b8-4aaa-95d8-7877ee3e98f3	TCGA-13-0893-01B-01-TS1.c090cde5-476a-4ba5-a3eb-9ed8e0a04085.svs	264843277	Tissue Slide	TCGA-13-0893	308c52c774b4de4f265f8016e6d14836
ecdcf444-f6e9-40df-899b-efd996795c79	TCGA-36-2548-01A-01-TS1.90afa49f-d98b-475a-807c-7d11a4764bec.svs	883662977	Tissue Slide	TCGA-36-2548	7da0aea3f2f0e93c7137784eb8e1cf33
6675fcee-b3de-4359-af8a-3bea55b886ed	TCGA-13-0803-01A-01-TS1.3e1eb95f-639f-45a7-af5b-da8586d02d26.svs	414508683	Tissue Slide	TCGA-13-0803	6d9ccbf1612c5d2232ba7b7414dee45b
e6bef84b-a87e-4031-996b-cf55bf4e65ab	TCGA-29-1769-01A-01-BS1.2138180e-d18f-41c7-b87d-25a179a17229.svs	115136725	Tissue Slide	TCGA-29-1769	a4f20613273d8a111919cbb338ef7954
a05682bb-9f88-4820-b167-4c7c7a6e107b	TCGA-61-2101-11A-01-BS1.6127cc5b-7d29-4437-9c8c-2541ba86bc57.svs	71493319	Tissue Slide	TCGA-61-2101	85ea69bb33f9fb8eaa55a1d2f2c5afa3
f35f9ef2-9def-49e5-b857-a171be6f8081	TCGA-61-2101-01A-01-TS1.d5aab1ba-183b-4f16-8f4c-5902e34d5ea3.svs	59264935	Tissue Slide	TCGA-61-2101	975b349f9bd71b136dfc15b1e7a4171d
0ca5d76c-d8b8-4263-88f4-1e92cb7bcabf	TCGA-24-1920-01A-01-TS1.8de37cbc-0bcc-460f-bb59-a6c29b432f61.svs	203083457	Tissue Slide	TCGA-24-1920	898a1fcba8b5e5344e590f82e643d710
3fea33f3-3ecd-4787-90f0-52b1f0ba7728	TCGA-23-1111-01Z-00-DX1.A99421E1-C73E-42AE-990F-E5E6D26EDDBE.svs	1016117227	Diagnostic Slide	TCGA-23-1111	84fcc1c035171e5da8c496c30f8ba803
4c91cb24-348b-47fe-9766-54a2722b350c	TCGA-13-0916-01A-01-TS1.af6a32f4-c8f5-42fb-aaed-6d40c9076a1e.svs	277291441	Tissue Slide	TCGA-13-0916	bc9f9239a68ab48f64ea84d6633c6704
fda22ed3-e780-4701-90b5-32e9dbe28946	TCGA-13-1404-01A-01-BS1.04e6176f-aca9-4874-b3d5-baecd5fc11e7.svs	456739171	Tissue Slide	TCGA-13-1404	c6f254e334f4f1a7bd84b8816ebeddb6
58ae63af-535a-4c2a-9e5e-f27f8a71121a	TCGA-61-1900-11A-01-BS1.40ca087c-2a12-48aa-8d78-c77118900183.svs	81393563	Tissue Slide	TCGA-61-1900	0b8ed271e8a7dcb3501002961503524a
765f6939-ac8e-4821-9f3e-604e328dfde0	TCGA-24-2260-01A-01-TS1.2d95e5d5-4325-424d-8eae-7b904a95c006.svs	184605165	Tissue Slide	TCGA-24-2260	8099f6a974318e85fb0031f51402675a
52bfdf51-efeb-45b1-b1a0-03eb9a01e1d9	TCGA-24-2260-11A-01-TS1.aedd06c9-8157-4c7c-8b27-aff5a70316db.svs	80000943	Tissue Slide	TCGA-24-2260	4f690a49396c03a80424f286e1698031
8a670cdc-f949-4f11-8d49-8d8126e5335f	TCGA-24-2019-01A-01-BS1.21f0edf9-0353-482b-8d1e-2ef74562a535.svs	190785265	Tissue Slide	TCGA-24-2019	4a33bada4ef8f0da3833e519e86ddd9b
8fb8cd26-2a97-4cf3-b1ef-9bc157674dde	TCGA-31-1955-01A-01-TS1.3b624890-3cad-4440-97da-342217d68eca.svs	97555939	Tissue Slide	TCGA-31-1955	4014373dc221629f8bf1360100e7e979
7e43eff3-327b-4258-9c22-97e5a05430ca	TCGA-04-1536-11A-01-TS1.0a362bbd-1f22-499a-b95b-4e35a9cccc8f.svs	89613505	Tissue Slide	TCGA-04-1536	5afcbadf9a60eba46f3874747a6850b7
1c48bfff-8768-4367-b195-3145e12441dc	TCGA-23-2641-01Z-00-DX1.DB792236-39EC-4090-9938-B0915C3378A0.svs	2347494343	Diagnostic Slide	TCGA-23-2641	19f923508a75b75c18d427ade04067e3
ee26cdf6-add1-4884-b82c-c758ae89a5f4	TCGA-23-2645-01A-01-TS1.3f6c586e-5c9b-4a62-bc23-d22e39eb3e51.svs	86905031	Tissue Slide	TCGA-23-2645	94c72d1b6df3b067eb296c759f2524c8
683f2b6f-973a-40f3-81fd-6adc8eeefc74	TCGA-29-1775-01A-01-BS1.39b6ab19-cd6a-4e26-86d2-fade59f60d58.svs	206824661	Tissue Slide	TCGA-29-1775	e34fcab043a8b594cb3fee8a9acc9d56
1260c746-7703-4d48-9999-9ee69fb6a948	TCGA-04-1514-01A-01-BS1.e6ce9cf7-7fb0-4dd2-a322-a84becdb2bdc.svs	82430245	Tissue Slide	TCGA-04-1514	b5c4cee6a363e25c83beb5c4f082b3b1
2c20d4bc-d544-4868-a6a3-1bda538afc38	TCGA-36-2533-01A-01-TS1.3a44efa6-39ff-4477-9995-3a9e203a51da.svs	322151203	Tissue Slide	TCGA-36-2533	6093efb1435438e53cb8df3aac5f719f
16432980-5544-466b-ab4a-251f517e63ec	TCGA-57-1993-01Z-00-DX1.464F641B-AA9F-49A7-A224-88D9847159DF.svs	152037448	Diagnostic Slide	TCGA-57-1993	d44761b851ea25d2beefae8b3c5a3132
bf986cd9-9e90-4770-b7fe-1c276ac7c143	TCGA-57-1993-01A-01-BS1.4aecaa34-5d56-489d-b5a5-a7646864c1c6.svs	226139179	Tissue Slide	TCGA-57-1993	8e228b8212ecd7c03553d2a3df570ffc
ffc2f4b1-53db-43cb-a009-a21b27f00c4e	TCGA-57-1993-11A-01-BS1.b5a90513-9737-4e25-8837-b7c0433e2e87.svs	284017339	Tissue Slide	TCGA-57-1993	ab35950e133eef24d9666d8d7a454a91
9fbb1b3e-dd87-41a1-9b3b-7dd249de293e	TCGA-57-1993-11A-01-TS1.71469bcb-f16f-4bec-92a2-e9a822b40a95.svs	107717837	Tissue Slide	TCGA-57-1993	b89df458bdbcc0ecba970ba78b3c8812
02fedccd-7f27-4f9d-82f2-e3228220038d	TCGA-36-2537-01A-01-TS1.08d3a104-f56e-41fc-8bda-30f62ff0ca1c.svs	138673409	Tissue Slide	TCGA-36-2537	8873b7f457737e1486db1045a74035c3
6128df04-7390-4b87-b85e-da13713affef	TCGA-24-1470-01A-01-BS1.b1fce053-0934-489a-b25c-2d05505e4bce.svs	108999181	Tissue Slide	TCGA-24-1470	28be9ab9e4e873e19bb368668253227a
00e0ead8-1067-4e16-90e8-4808bf3efa90	TCGA-61-2002-11A-01-BS1.5824004f-3140-4ea1-8a38-0f84fc77e606.svs	73581995	Tissue Slide	TCGA-61-2002	f45c30595efb5105ec45a355efc5699d
af61cb2d-3f7a-4325-81f0-457f11493041	TCGA-31-1956-01A-01-TS1.e3853ccf-184c-48d1-aeca-6a62e93e3d84.svs	172091247	Tissue Slide	TCGA-31-1956	14365bb99517b64670142e5aba3145d2
3841429d-74d3-42bf-9050-4f2bd4d91c04	TCGA-24-2295-01A-01-BS1.0df1fc36-375b-4e8c-8f64-703f4875b9b5.svs	145887341	Tissue Slide	TCGA-24-2295	a27e300f683ef92eb1052935ac0ee2a9
dab7c89c-0ea4-4de5-98c0-7e88f658404e	TCGA-09-2054-11A-01-BS1.ec845ed0-82be-4f9b-9505-7e5376bd3313.svs	106717471	Tissue Slide	TCGA-09-2054	9f99f8fe8c6f715a0eba5e47eb0a0396
f6c42363-9437-4699-8893-c7c0a2f83d6e	TCGA-09-2054-01A-01-BS1.e68f41e6-572a-40f8-9263-cfdd4fe62e8a.svs	110170489	Tissue Slide	TCGA-09-2054	ec2ba100ae0aa412dc3e912fa84fd07a
dd420af8-5c73-4c38-a02b-52c16ac1795a	TCGA-24-1558-01A-01-TS1.88c2fa99-388d-4924-93a4-44e541bfc064.svs	245877029	Tissue Slide	TCGA-24-1558	ce8dfec8a6a17177d8f5e90bfd65ab55
2578ea96-854a-404d-ad76-e9502cf63587	TCGA-30-1718-01A-01-TS1.882c0856-601e-4428-b950-0d13f28e8da0.svs	131395531	Tissue Slide	TCGA-30-1718	3a3dce30d6b8fb42a63f7f9a5c73bd86
d81440ec-9c13-4112-b5cd-d911a5d1aa19	TCGA-24-1842-01A-01-BS1.9934e7e4-d1e5-4f32-ae50-d290ef1c52eb.svs	204821313	Tissue Slide	TCGA-24-1842	f8926d0c6464ef95738ea6d280638a00
4756ee9e-f1f8-485b-91fd-bf2b96040d41	TCGA-13-0765-01A-01-BS1.8f9bff9c-ecb0-4f82-aef3-6b55da5dc88c.svs	90502659	Tissue Slide	TCGA-13-0765	26d4c84052cdaf46962a181f3c134527
7f308342-53b2-4cab-a732-ee36240b759f	TCGA-61-1911-11A-01-BS1.13df9ea2-2b5d-4b7f-a92c-09806a7241c9.svs	77371373	Tissue Slide	TCGA-61-1911	f485c36e170d3e5d9a0dd9e301194928
b0287f78-c85c-410f-85a7-cc65e616e7d0	TCGA-61-2611-02A-01-BS1.b795cfd0-7a6c-44c9-b643-8a3e6738f40b.svs	142840923	Tissue Slide	TCGA-61-2611	b15b576f1971d1e1ff082b8470462c00
ea208b59-d51a-4b83-8159-86a669199761	TCGA-09-2053-01C-01-BS1.fd41b083-8281-4f38-8b5a-e9b7ee750d65.svs	54062573	Tissue Slide	TCGA-09-2053	8e190765d8bf11391dd3320ded294105
c15cae41-ac51-442f-81ba-e68b2ccabed1	TCGA-25-1312-01A-01-BS1.01f182af-46ce-4838-9897-7a489c40734e.svs	629974795	Tissue Slide	TCGA-25-1312	fd7c829296c266e32ad9201d1ba6dce5
9e2aebb0-b2e7-429f-ba5c-0b2c00f5fe8b	TCGA-25-2392-01A-01-BS1.67d64f48-5192-4066-882d-a373ed1fb8f1.svs	189824063	Tissue Slide	TCGA-25-2392	9469774128d554ec6cd47f55a87b50e4
576a2e26-1f7f-48eb-9779-1ae4b664e2bd	TCGA-25-2392-01Z-00-DX1.C37932E5-973F-444D-8CEB-1BED4279165E.svs	2195886372	Diagnostic Slide	TCGA-25-2392	8934b6130b4c88e83ef708c209fd4c87
32e3e756-7af1-42b4-b248-bca300c5ee4c	TCGA-24-1553-01A-01-BS1.ff75b56d-efb0-48ab-9ae2-ea6013bd6b85.svs	181093229	Tissue Slide	TCGA-24-1553	10f8e8af7566fa5507dee6a3ada2f7fb
a4d2620a-37ca-4981-b0f5-9248cb253cf0	TCGA-04-1332-01A-01-TS1.7d1ae336-5e74-4d12-9048-04d036f8c676.svs	70207309	Tissue Slide	TCGA-04-1332	554cd41c0bd7f9ad0b08103d83c0daad
824f72e1-f698-49ce-9e87-e78585017158	TCGA-23-1118-01Z-00-DX1.D69E130E-33C7-4F8A-99AF-400B81378578.svs	1437585949	Diagnostic Slide	TCGA-23-1118	24fe7aafb7b77b1756fca45a9d463417
2c12f386-0407-461c-9ba5-147ba07e1cb7	TCGA-61-2092-11A-01-TS1.ed9359d4-b7d9-4222-8bfd-984ffd44fb5f.svs	113741557	Tissue Slide	TCGA-61-2092	f451215c4add8a0087b838616dacd257
b18db918-9bca-4ab1-964c-c55c4ae04999	TCGA-24-0979-01A-01-TS1.0dda30a8-16ff-4e27-b1be-bc9327e052c0.svs	153669935	Tissue Slide	TCGA-24-0979	08c3c50e325a5e510bea2ee6160baf58
1d4f5e1e-f6d5-480d-be7d-8ba2cc2d7fd1	TCGA-25-1628-01Z-00-DX1.8275623E-8A30-4ABB-8846-34DAEE43523E.svs	2597671096	Diagnostic Slide	TCGA-25-1628	6333957a976551461eb0f05a637ba0a9
c4788456-b50a-4998-abbb-2831a3173eab	TCGA-61-1733-11A-01-TS1.0b54d714-24aa-4619-ad89-1f753bb4c068.svs	105717409	Tissue Slide	TCGA-61-1733	b1125c5920da7a5b1455d307dd22a535
782f618e-ba06-4783-a8ec-0d7bec8a46bc	TCGA-61-1914-01A-01-TS1.ac6aa78e-762f-4ded-ab0f-7c528cd199e5.svs	247010387	Tissue Slide	TCGA-61-1914	2bf7d396d3123b653cd2a6b0c630f583
ed83e073-a142-44d9-a3e1-5a778e3c8cad	TCGA-61-1914-01A-01-BS1.740aedb0-ca44-4218-8601-cc068d1cac21.svs	319882561	Tissue Slide	TCGA-61-1914	054ac6af47be8498d9d2e76ea0a509ea
5127d592-257a-49b8-95e3-a971d703e8f9	TCGA-24-1422-01A-01-TS1.aafeef2d-1616-480b-a3c6-4b9567c5e2ab.svs	208134411	Tissue Slide	TCGA-24-1422	969288af9e1c9de1ce94b774a990e10a
0f588d07-7040-4bf2-8a10-afc6dafeda2c	TCGA-57-1582-11A-01-TS1.4054d24b-7f2e-440e-a6ee-855758457a88.svs	63173525	Tissue Slide	TCGA-57-1582	84c7efdb17c634da8137ae016348e81c
788d4d45-f989-480f-9a77-30c43fcb168b	TCGA-36-2551-01A-01-TS1.fafea49d-c0a1-4dd0-bcd9-94526b7438f5.svs	610052103	Tissue Slide	TCGA-36-2551	4a0a486233cc9addea535b247781888f
ce1de4b2-e453-436d-90b8-c7623a688090	TCGA-09-2045-01A-01-BS1.0f965c79-cfe6-499e-98a9-a696bfe83f6f.svs	255407509	Tissue Slide	TCGA-09-2045	10cbb502a305cf42a28b68ddf1493323
9e52db57-7c16-4815-b068-f5fb0721d05e	TCGA-25-1314-01Z-00-DX1.E01C2237-E2D6-4D84-9FB4-624734F30375.svs	2993836380	Diagnostic Slide	TCGA-25-1314	2cdcf159fd5fb37b0edfbcc603d94cc4
3015ce87-99c7-4d9b-bc33-c57bc6056a4d	TCGA-13-0807-01B-02-BS2.5f18274c-9867-4569-ab78-70639239657a.svs	142022671	Tissue Slide	TCGA-13-0807	7ed8cb3dc8df6266d84a4c02e2dde9fd
f76fdf6c-0ae3-470a-b638-784662466825	TCGA-24-1550-01A-01-BS1.d3dfc107-2dd1-412c-9649-239b2f3d9970.svs	158477259	Tissue Slide	TCGA-24-1550	51ea40f501e992ed2fd6e4bd4386dcd0
a073de04-40d1-48e5-afc8-1fdb7c950c4c	TCGA-57-1583-01A-01-BS1.77fcc4ab-f8e0-4afd-b935-28aafb05feda.svs	225290245	Tissue Slide	TCGA-57-1583	0394cfe7949977a1c409f647fe404832
42a1db7a-1d60-4515-aa67-f7e0ca2b2d6b	TCGA-13-0904-01A-01-BS1.f9882636-0c4c-43e7-ad19-d536b59cdc7a.svs	194186855	Tissue Slide	TCGA-13-0904	3ff46329ad14231c7c7585aa92610c52
fd6ec7b2-3ed3-41cd-b4ec-cf2656375857	TCGA-57-1583-01A-01-TS1.cef6fee1-8770-4bb4-938d-7f620a481a6a.svs	234428099	Tissue Slide	TCGA-57-1583	067171e693b43cd7b340485a0ea8dd92
c031fe82-f245-4dbb-a623-7f977581e6d6	TCGA-24-2024-01A-02-BS2.bb2cc430-c917-437d-b85e-f8fb69028121.svs	153576193	Tissue Slide	TCGA-24-2024	59236c348bd2e9ee7985c61453e4aa30
05d65a4b-59c7-44fa-907e-a8c811b6906f	TCGA-23-1809-01Z-00-DX1.A8767DEC-EB1A-4EDC-906E-C0560A30455F.svs	1744362619	Diagnostic Slide	TCGA-23-1809	414f59b58e56e6a8694a9a6d3f2ee6b8
a5593b36-657f-4799-9c77-1e6113c6b897	TCGA-61-1740-11A-01-TS1.b7ebbdc0-ba28-4425-a2b3-a87ed70fdeb3.svs	69338941	Tissue Slide	TCGA-61-1740	094f91043463cb81faaca3ea4aa9b56b
ac35972c-5082-4773-bbf8-81f981b1607e	TCGA-61-2610-11A-01-TS1.90174e79-36f4-4f1f-a1c2-357161dd09cb.svs	49183047	Tissue Slide	TCGA-61-2610	20f038806911a7ce73dabc0b16c6a771
4038e0e2-2844-42ba-9f22-abdead7f4720	TCGA-13-0891-01A-01-TS1.720d6bab-786c-4ec2-a692-c70414ced567.svs	308219525	Tissue Slide	TCGA-13-0891	5b99d19446ceb2365f4da2e64d41a228
b797df08-482d-4275-a8cd-653e895ce538	TCGA-13-0891-01A-01-BS1.8d1ded3e-bb87-402e-8103-f421b6ee27dd.svs	242031621	Tissue Slide	TCGA-13-0891	2fb6849d3d51a27216950d4a519a5062
4bea2d85-19c3-4838-ac7e-6ed4c2cbea1d	TCGA-24-1427-01A-01-BS1.03d4bcec-43c8-4b9e-a91f-0aae325fc711.svs	221832155	Tissue Slide	TCGA-24-1427	eb8e1d115f3e0e4b826c7dca04371eb1
f3052287-34e2-4f9b-9758-a475083a9753	TCGA-24-1427-01A-01-TS1.b23b731e-4150-4c0c-b015-e6bbe8933b0b.svs	195973813	Tissue Slide	TCGA-24-1427	2cdf476887775c4b2de5cd55acfe0b55
70fa821f-b4c1-47d6-b281-aa3cd358d01f	TCGA-61-1895-01A-01-BS1.30202d0f-e3d9-45fa-bb7b-fb565e9c0e29.svs	148403303	Tissue Slide	TCGA-61-1895	d337dc20adff9046e8e446e86ab73473
c746e783-4b66-4c2a-8f9e-28f95738ae1b	TCGA-25-1318-01A-01-TS1.328597ad-7246-4ca7-a534-1d265e9c9a59.svs	312090111	Tissue Slide	TCGA-25-1318	c9abbe40c378776ede194c4191c51642
8eea0897-226d-4866-b1b6-b27ae113b1f1	TCGA-61-1728-11A-01-TS1.62ffafd8-605c-41ec-9af7-8478f648cb85.svs	66744529	Tissue Slide	TCGA-61-1728	a38b2c318ff6a33d77787653424f94e4
f0ca223c-8b52-4d8b-be26-df648a5c0f2d	TCGA-29-1702-01A-01-TS1.d7ec5a33-2840-4e3b-a587-272f42e1ffc9.svs	177158243	Tissue Slide	TCGA-29-1702	2f855ee5bffc7fbbbed00667826b3224
49a61f80-6c8f-4570-a8a6-05137c2983c4	TCGA-09-0369-01A-01-TS1.a1c0652a-fca9-4ae7-8df7-a7e37d1c9d7d.svs	41571383	Tissue Slide	TCGA-09-0369	4c453acab30feddcf504de56832ffb37
8f5baa44-7fb7-47cc-b7bd-61724fac1cc6	TCGA-61-2614-01A-01-BS1.90cdb437-6ac9-4a9c-9935-42498d3e2908.svs	135827665	Tissue Slide	TCGA-61-2614	f3fb18a9648e00e142d4d45143bbc31e
c93c1950-f726-4107-9a5e-303f7df7babd	TCGA-61-1741-01A-01-BS1.816f2ee6-2268-4214-8cb3-36bc58a5a060.svs	440598319	Tissue Slide	TCGA-61-1741	435a1629f8b58a9dcd0c4f25946728ed
86ef9ec4-7c89-4a21-a977-d3b70601e33c	TCGA-10-0928-01A-01-BS1.7e1a20f2-31da-4b50-8d26-005e67baa47c.svs	146225079	Tissue Slide	TCGA-10-0928	7a5c90ed296f2fc46199f45884326bc2
9708fa6a-6256-4010-9a01-1d3147863b3f	TCGA-09-2048-01A-01-TS1.a6b08202-bed9-476e-8919-8a4300021f11.svs	68675127	Tissue Slide	TCGA-09-2048	890d511f738812fd694098caaf771d56
1d6eb348-d824-4aae-a92c-b7146f371ea6	TCGA-13-0714-01A-01-TS1.1e09c7c3-482d-45f6-9330-fc2969faa4f7.svs	183839375	Tissue Slide	TCGA-13-0714	b6f4db1f4cdf1d16b59d478471894e8e
880b3913-8b7e-40b3-9f0a-0af873342097	TCGA-13-0714-01A-01-BS1.26bf9350-7b7e-441a-ab21-86861194cb19.svs	69682813	Tissue Slide	TCGA-13-0714	36634301e0bd99b000a6a9e88b243f9b
4b14e9f8-2c58-4eab-bb27-b6127fdca2ec	TCGA-61-1915-01A-01-TS1.63cc03e9-5211-4ac4-9c05-95a857645196.svs	158017103	Tissue Slide	TCGA-61-1915	08755e41b1185926fb372d0c12c075d9
e13e0a1e-9823-4c0e-8f0d-291af4a61975	TCGA-04-1517-01A-01-BS1.78f024b3-f014-4dee-b615-2714790ac290.svs	131036755	Tissue Slide	TCGA-04-1517	f135ae5ea54da135d4c6dc8bba9d73a3
92c20803-a413-42d4-b824-9f0e4bab51c2	TCGA-61-2088-11A-01-TS1.584097b0-d631-4d65-935e-2ed9606de18c.svs	61251721	Tissue Slide	TCGA-61-2088	39ad45e2f94a87b51ff81a54379c3028
15c5fe98-6418-456a-9736-5594dcbcca1f	TCGA-24-1413-01A-01-BS1.963bdc29-e21a-4b5f-9ff7-9bb4d4b6abea.svs	103020839	Tissue Slide	TCGA-24-1413	1867377d5ac997eb28e5c7a35c824aaf
418ff5a2-7474-4d66-a52b-88de35a4312b	TCGA-61-2088-11A-01-BS1.bb83a359-a9d6-4d2b-8349-4212eae02d27.svs	63378239	Tissue Slide	TCGA-61-2088	ad2fd22437e9a14196272e356ad63b81
29240797-1c92-4048-b697-1d25aa0d8cf5	TCGA-20-0991-01A-01-BS1.667c1bb6-434d-47b1-ac92-8a2996613ffe.svs	170830335	Tissue Slide	TCGA-20-0991	911cd3e2d1ca9e0ebc89e94813171436
ef2c5b73-5e7b-4eb9-bc68-afab30757afe	TCGA-25-1630-01A-01-TS1.cd9becbf-211f-473b-9a38-ff0fecc7ea57.svs	229629497	Tissue Slide	TCGA-25-1630	98ff9730ac0fa5b562f3de1f1f25fe4a
5055dfb5-f285-4715-b0f0-d3072262360f	TCGA-25-1630-01A-01-BS1.72d16d97-78e9-46a9-bdfd-db8d5b99041a.svs	173889523	Tissue Slide	TCGA-25-1630	a022f65dabf327a8db13c94ed7e52ee8
aefc4939-c6c4-4a41-b578-c13377076c4b	TCGA-23-2084-01Z-00-DX1.94780F2B-9A88-47ED-982B-0048081309C9.svs	1055561075	Diagnostic Slide	TCGA-23-2084	6b959ae2b46a0165dc69036b3f0fe4a0
b218c2e5-6672-4d7a-b5de-b9ff867b47c7	TCGA-09-2043-01A-01-TS1.197269d7-5f2d-4e4a-b830-f8de45536733.svs	181969435	Tissue Slide	TCGA-09-2043	d080667e5b6942fad75bec4cbaaffa96
b19e3fb4-c717-4ba4-88f4-4edd3793a4b2	TCGA-13-0730-01A-01-BS1.0d18e57d-ba4f-4185-84a0-dc9b489ed29f.svs	40689383	Tissue Slide	TCGA-13-0730	05e713549340a92cbf5291deb8a722f7
402609a1-2bd3-4f9e-b329-77c168f4409a	TCGA-24-1464-01A-01-TS1.33baf922-5467-4b79-8191-fbba9f70c972.svs	157774031	Tissue Slide	TCGA-24-1464	86f0cc8c912504ace9c7fe0d87d7c0a4
cf24617e-5783-4aae-a42b-0da510a396d5	TCGA-24-2288-01A-01-TS1.553695fa-d194-441a-a0b8-05528b9ccb12.svs	107967349	Tissue Slide	TCGA-24-2288	6c1956ba2d1de550b519bdb42be7e1f5
2275aff7-7c70-47e7-a957-eca239f9a8f0	TCGA-25-2397-01A-01-BS1.456a71e7-5889-4716-afab-88b5626885df.svs	202650551	Tissue Slide	TCGA-25-2397	f8220c7e0043622063aa8038cb060988
f41a27a9-2444-492c-8eaa-ac6d674bdd6d	TCGA-09-1664-01A-01-TS1.467d4ac9-aaf5-4720-883d-9ed3d2e9d7e2.svs	196854441	Tissue Slide	TCGA-09-1664	8e1ce8fc87813725fb10819fc94a6358
8ce6f7b2-638f-4ce5-9bc6-542bf4e5785c	TCGA-29-1778-01A-01-BS1.f22cd01a-2d39-464a-9c96-60391fac355e.svs	182863811	Tissue Slide	TCGA-29-1778	5ab8bcedb91ef755cd22a1763a0dd8b7
f367ae17-d3a5-459f-aae6-1219a69de3f4	TCGA-31-1950-01A-01-TS1.42495a8a-15e3-4fc2-aaeb-37f45493e9a5.svs	72466643	Tissue Slide	TCGA-31-1950	e2e8e2817c89948b2572008281256bb2
e9545ebb-e3f2-45d3-963e-bda5eaa49032	TCGA-09-2050-01A-01-BS1.88c8bb66-f3dd-4668-8b58-dbde23d91e47.svs	41174773	Tissue Slide	TCGA-09-2050	afd0c9a78f12beb71b25174212abc0d1
99bd6284-e11e-4386-a9ce-806163e44c9f	TCGA-13-0802-01A-01-BS1.e7173ab7-2672-4b28-be8e-5f4407df6de6.svs	192189081	Tissue Slide	TCGA-13-0802	9aca80b801c0e965d313330dcd349ad8
c4ad96b9-71f7-4b14-972c-f854af4644fa	TCGA-61-1998-01A-01-TS1.594237ab-2edf-49de-b4ab-b59f95a07052.svs	108788935	Tissue Slide	TCGA-61-1998	9e276ff064fd978faacc25e48a06f52f
2b5ed364-d0e1-4c04-be85-461c9ab18dd7	TCGA-10-0935-01A-02-BS2.78f47e7f-e0d2-40df-a5f4-879b84cfbf3a.svs	143015707	Tissue Slide	TCGA-10-0935	174610e30e0a069de2281dfd20f2328d
bc50994e-89d1-41ec-bf55-ba530debb4e5	TCGA-24-1604-01A-01-BS1.723beda5-e12c-4e4a-8023-fd758839a322.svs	227688019	Tissue Slide	TCGA-24-1604	e103efeab012792c9986623ba7747b54
fed55671-1a15-414c-9203-29df1b5da7e3	TCGA-24-1419-01A-01-BS1.08bb7421-dfee-4e8f-8bdb-74a1626872f1.svs	186318403	Tissue Slide	TCGA-24-1419	cdd51c5c4d06fc4a8be36f5f2f1c2e58
203ff2e2-c900-4f15-a3bd-a6f8f308debf	TCGA-09-1670-01A-01-TS1.e32f1bda-c2b1-4475-a544-b4cc03320371.svs	111789857	Tissue Slide	TCGA-09-1670	0eae04d3629d5876c7ee749f424d4434
fbfd86f9-d4a6-4f08-83a1-24656edae5aa	TCGA-04-1369-01A-02-BS2.707c075d-19d8-487d-8b7c-744613c39cd9.svs	78978321	Tissue Slide	TCGA-04-1369	a27f671b2251db65e0d174c039d72428
f5d437b6-6b79-4e8b-be03-85a149fb03eb	TCGA-24-2281-01A-01-BS1.0d68fc45-8e3a-4161-b2e8-34dd9094b284.svs	156590065	Tissue Slide	TCGA-24-2281	ea3afccacdb1ca60ac251495dae6c6df
60e74816-9926-429a-a366-2d075f97cfaf	TCGA-59-2352-01A-01-TS1.ef2a283e-ca0f-47fe-aff7-c10c4423c09a.svs	187922775	Tissue Slide	TCGA-59-2352	b4627bd8098162ba45d110ffabb41431
2ae2bbb1-6846-4415-a60a-074f96ca8ad1	TCGA-13-0888-01A-01-TS1.ffd7136c-4224-4e96-b6bd-91271f3be8be.svs	185388049	Tissue Slide	TCGA-13-0888	10e134513e18527a33842019f9e336b0
0aaff66d-9ae4-430d-aef2-6227a92d2879	TCGA-61-1910-01A-01-BS1.e0a84385-0458-4590-9ff6-ebe9c92e2d08.svs	341767355	Tissue Slide	TCGA-61-1910	76fe3097c5fb19edad6dca033400ee5f
045d8d98-c26f-4d40-9bd9-dacded53db7e	TCGA-57-1994-01Z-00-DX1.A0798185-30C5-4C32-B1A8-B440D4F4ED95.svs	93340338	Diagnostic Slide	TCGA-57-1994	4e97d04dd4b44ed2a9b611830752ab9d
08193a47-cea0-4b03-95fc-e8a08707d45f	TCGA-57-1994-11A-01-TS1.e7543edf-c91a-495d-88d4-902c99a3b58f.svs	27826365	Tissue Slide	TCGA-57-1994	e5b679f2c502dfa3d4c0e6be6a5b8d9d
3d1b6a57-28c5-40ab-95d9-78a3892df39a	TCGA-61-1910-01A-01-TS1.8c1da66c-6d4f-438e-8d73-2f04af158488.svs	242031213	Tissue Slide	TCGA-61-1910	4d867d8399bd4ed0f39417603d4e5beb
11dd5fed-dbe3-4491-819c-abe6b3e77d45	TCGA-24-1555-01A-01-BS1.dc5cdfbc-c7c9-44e2-97f4-176329e01371.svs	62337985	Tissue Slide	TCGA-24-1555	fcb5823840a94fe8f281004dc26ca2c2
b431cfd0-2329-48fb-a9d8-5de2259f62f6	TCGA-09-0364-01A-02-BS2.cc970d57-686a-4e49-b83b-b1b4c6b70410.svs	262032835	Tissue Slide	TCGA-09-0364	6b216fbcc65d90a4e3c1a3064dd785ad
088a7212-f8d6-48e6-b8cb-f0c021ce0eeb	TCGA-13-0804-01A-01-BS1.bc23d958-ae94-4d3f-ad5c-2a42dbc98154.svs	264421275	Tissue Slide	TCGA-13-0804	484d3daa3874838fc8a74f091685f976
e19d57d6-2925-48ee-99aa-906080dd6821	TCGA-24-1436-01A-01-TS1.a8567283-4710-4476-95d5-c3a1ebdfd57b.svs	150438187	Tissue Slide	TCGA-24-1436	811c7a07fa307d23c5bdf59895808113
b6aab9c8-ee7c-40e0-8180-59bb199099ae	TCGA-61-1901-11A-01-BS1.d2484697-6df8-4dd7-9c26-7bf684960627.svs	143386407	Tissue Slide	TCGA-61-1901	ca110f667a0a3d4f8c74cbc9c2be1851
991c94f1-ac3b-4c8f-8d5f-1fa1ed93435b	TCGA-25-1631-01A-01-BS1.0c3e79d3-e8ee-4721-94ee-cf2923f033bc.svs	487327667	Tissue Slide	TCGA-25-1631	5d434a24d5fed3afdd0fe0b03425ecb7
fad2eec1-1fef-4a4d-ab3f-bf707e2c9546	TCGA-25-1321-01A-01-BS1.83ae5429-f69e-4e70-8f65-f27fa68b5d5b.svs	430483049	Tissue Slide	TCGA-25-1321	93c0748d71607e5cb2a06e6a4a5db7c8
d11e29af-366c-48a0-9975-4edf990d6f2d	TCGA-13-1511-01A-01-TS1.4fb08454-15fa-40f8-9d21-d7b75fa68fbe.svs	577843009	Tissue Slide	TCGA-13-1511	2d1836d41101da51d9340bbfd2ecc41a
73eeb90d-89c4-4fc7-a268-43d1b1243c8e	TCGA-25-2042-01A-01-BS1.682d08f1-28cd-4f93-a65b-7d735574c7db.svs	98497485	Tissue Slide	TCGA-25-2042	c0ac23c166aca494d2fcf2a5448a6c21
336e47ad-f8c8-4825-a3c1-96664bf8db5b	TCGA-13-1511-01A-01-BS1.1db24a7e-5116-4fad-a830-8ffa5736985b.svs	524087739	Tissue Slide	TCGA-13-1511	e24dd500e2b8bab2b56e16d303ef1a78
3c5fb259-d7a1-4d4a-b15b-bcbcf31c8527	TCGA-25-1329-01A-01-BS1.53db6a63-1ab7-447b-a356-6af729dad49a.svs	716111979	Tissue Slide	TCGA-25-1329	e7e3e33ccf2061668992f67d464149c6
e7eaf3a5-b1d9-4736-8475-4ce12ca23ce6	TCGA-61-2111-11A-01-BS1.7deb2a5e-5b45-468a-a205-6ccc1ebd4f23.svs	82276283	Tissue Slide	TCGA-61-2111	49ab81073ba70e1f8de3f857db87e0a1
8bb59eb8-4837-4672-a0a8-9249a137d0d5	TCGA-61-2111-01A-01-TS1.f5cf5d70-ae84-4039-a9b7-bc4af6d21516.svs	359929831	Tissue Slide	TCGA-61-2111	f78bbcf84917a0dc1db7e21209f7281d
c88643b4-f104-4109-906b-abb22a35de19	TCGA-10-0937-01A-01-BS1.37919e58-3142-472b-8dc2-f55a22a976ce.svs	152266123	Tissue Slide	TCGA-10-0937	93fdef668190c712e58297cf897eadfb
9b83823f-bd88-4b26-92c8-9af5165ecc69	TCGA-24-2033-01A-01-BS1.c452734b-3ab3-4067-b7d3-fce4e584a18e.svs	81749667	Tissue Slide	TCGA-24-2033	a9f6360ad684465cffc88807513c5748
b8d98fd1-dd9b-4032-9d79-9424ddb7c07f	TCGA-30-1856-01A-01-BS1.19828c18-168f-4e00-b58a-2f037945386b.svs	89105339	Tissue Slide	TCGA-30-1856	5fdf06712c5e976e86e5907f70d130b6
397ba4c8-089e-4fac-b3e2-bbad19ef7e3d	TCGA-04-1341-01A-01-BS1.85fe6a7e-fd57-4f26-a84e-f1688df637b3.svs	103907371	Tissue Slide	TCGA-04-1341	49f500540519e50292104c422d2c8349
d939c89a-41d4-4827-a721-dcf9ae0ba883	TCGA-13-0910-01A-01-TS1.ac310b47-a869-4725-aacd-60196e947f07.svs	209656455	Tissue Slide	TCGA-13-0910	6210b2007564cfb114e903a519d4ea22
95dae905-45cb-4047-9e2a-55780b8ffb1b	TCGA-23-1024-01Z-00-DX1.B9194D3F-C6F4-4FC8-B0CA-6E347FF4F885.svs	1864302957	Diagnostic Slide	TCGA-23-1024	978a98574d5ee883a873e3cea399b8bf
e3a8db33-ebec-47ae-b28b-a39d5cd6aa4f	TCGA-13-0799-01A-01-TS1.7a8d8678-12ef-429b-8286-a6718d779114.svs	328648479	Tissue Slide	TCGA-13-0799	100968696376cd184ff8fc78d6fe8a62
f055714e-f093-4b14-82b8-0eb1bce7edf9	TCGA-29-1703-01A-01-TS1.275260f3-64da-44d8-9488-c53230c4dce2.svs	135935187	Tissue Slide	TCGA-29-1703	e0e392e2669b2f7b2d8c42fa002ded7b
6574d707-34fb-47a0-a35b-1297a364e801	TCGA-13-0911-01A-01-TS1.d038ca6a-0465-4047-a2a9-46ad58627c2e.svs	462811181	Tissue Slide	TCGA-13-0911	b38247257e59142c9132701a9a2be2d7
10189100-27ec-49c7-af60-28053a73b84d	TCGA-20-1683-01A-01-BS1.4fa77b3e-e254-44a5-8dbe-ac9089746160.svs	91523139	Tissue Slide	TCGA-20-1683	4e6f4ae5a0e1e3a8a2e4445ec4688f14
a53766dd-8e8d-44ac-9219-1d61422782c9	TCGA-24-1428-01A-01-TS1.092eb401-0310-4619-8f06-8fd5b46560bc.svs	262697749	Tissue Slide	TCGA-24-1428	c5827290518be661319cdb58e1a83347
2bdbf190-f8de-487f-a869-126479740f42	TCGA-13-1408-01A-01-TS1.8ba1c97e-931d-4dab-8ee6-438648815551.svs	410847381	Tissue Slide	TCGA-13-1408	1033b9f59c87b37baf6fcaee868e936c
7321de78-f7ac-4f4b-946c-08a1556ee0f4	TCGA-30-1880-01A-01-BS1.f4816c93-880a-4a76-8499-43ffe95daf37.svs	102830965	Tissue Slide	TCGA-30-1880	8c130ca736b13d49807d62fe3270a834
6622fc3c-954c-4aaf-86fc-b4adabbb8bcd	TCGA-20-1684-01A-01-TS1.13f4bd57-6d3d-4c3f-97ec-7276ddb88f47.svs	82782049	Tissue Slide	TCGA-20-1684	8236ac6b48ccfe0c1b0b0e942b5d4494
fc762f94-9b37-46e2-a2c0-b749f33fb2f0	TCGA-13-2066-01A-01-TS1.4c6de535-d73a-441c-96a6-49dbde8888be.svs	601282333	Tissue Slide	TCGA-13-2066	1857303155961f8fa9f20412d4a8b742
501d22f6-e957-4847-8c81-c557255ed412	TCGA-24-1849-01A-01-TS1.e8102152-0a58-4ac5-ba56-f53446ca1039.svs	133880873	Tissue Slide	TCGA-24-1849	a8ceea5b6b2bdb68a58ef80dc63d9761
b36e4a93-31d9-47b8-945d-db22a1006e03	TCGA-24-1564-01A-01-TS1.3ba1355e-1542-4882-a805-8d4f1e6549bf.svs	228932269	Tissue Slide	TCGA-24-1564	714ad24b896354a8e66ec1eed877284e
df8128d1-76df-487e-ac50-93a430125b29	TCGA-24-2261-01A-01-BS1.f82e1a66-2764-4fc1-8a91-3b907c7f54ad.svs	273628055	Tissue Slide	TCGA-24-2261	ae95715c7bc1da36b1138fa183f2da14
0c495824-5b75-4044-a3c1-5fd41fb7d946	TCGA-09-1661-01B-01-BS1.0f6d83b1-1a23-4b61-b9c7-6b73071f3d24.svs	29676053	Tissue Slide	TCGA-09-1661	06d0754909238300adf5f7c1557a770a
e788ee22-d0a9-456e-9b78-cc6f28922244	TCGA-13-1487-01A-01-TS1.b14479d4-1994-4b5b-9d2e-ef20b92f57a5.svs	325382273	Tissue Slide	TCGA-13-1487	18fe41cb5055c741be2acd0935bb6c2f
d4f3ee09-c6ee-4863-8e23-e1556841a53b	TCGA-59-2354-11A-01-BS1.5993f858-b3a3-4df6-b7b8-dad445c4606a.svs	127127551	Tissue Slide	TCGA-59-2354	0b78849200249537797e5b53268f833d
4600693f-64c7-4642-b244-42e35f2a46c7	TCGA-3P-A9WA-01A-01-TS1.EC84245E-56A9-46C1-9496-CCF2587D318E.svs	82932381	Tissue Slide	TCGA-3P-A9WA	5bb1a3121828c16f027dc2aaf265413a
9af42b8f-098d-4df6-bd3c-05840735b9fb	TCGA-25-1627-01A-01-BS1.42532801-bad3-4503-8e89-c92084458b14.svs	295090133	Tissue Slide	TCGA-25-1627	df128e6015f60c153e70f761f9266050
aaf3560f-407b-43cf-aa75-cb2b6fde0b68	TCGA-36-1581-01A-01-BS1.1673dba9-dd32-4927-9f51-3525f0d62786.svs	122080283	Tissue Slide	TCGA-36-1581	39e2042ccbd4facdfbf35e94603f4b67
f3737693-c680-4fdd-8b16-15ae99b0079e	TCGA-13-0889-01A-01-TS1.fab7d484-c135-4244-a331-d358e383981b.svs	397529959	Tissue Slide	TCGA-13-0889	68c958b62581252fd761acf1245a2186
1c77af52-6cf3-4f26-8459-b6a748cba8e2	TCGA-25-1627-01A-01-TS1.7d635326-16a2-4ed8-a60f-297b62e42fc0.svs	482007543	Tissue Slide	TCGA-25-1627	23f3b1ba7293cb66c0461087993ac4e1
d1217464-aa0f-4f9e-aeb0-9513886939c5	TCGA-13-0906-01A-01-TS1.7be7e649-9db2-4a60-b120-e912df932701.svs	315044077	Tissue Slide	TCGA-13-0906	2e9988fa5644ccd92fcc669d9d369e24
b9f98074-b46c-4dc7-8d9f-64715893f25d	TCGA-13-1407-01A-01-TS1.a6dbdc72-d387-4fc3-a469-57ea6084908b.svs	245184389	Tissue Slide	TCGA-13-1407	c37df5169f3bf667ccf4c0fbb5f6bb4a
c43c2fa4-1429-4959-a736-3a0a324f6208	TCGA-13-1496-01A-01-TS1.6e8bc620-4631-48ed-8bf8-866854ef6500.svs	420133177	Tissue Slide	TCGA-13-1496	599802ce9923acaefba5524bad7c5139
7cf89a58-4667-4c56-8a8d-6042af753acf	TCGA-31-1946-01A-01-BS1.96e4efe5-cf1e-42eb-bb15-b3e7711fe916.svs	187822829	Tissue Slide	TCGA-31-1946	d64f7a11e912d6a56750ef3b08d04f99
cfc2336d-b13b-48ee-bb85-3478b723f60c	TCGA-36-1578-01A-01-TS1.3dcbd7a4-25bc-4cf5-a4eb-8b22076299b9.svs	48215399	Tissue Slide	TCGA-36-1578	ccea096475bd49948d11b39a8cdc5c77
4bd4789d-8160-468a-a5c6-75bb68fbd815	TCGA-23-1032-01A-01-BS1.6511b494-143f-4a03-bb18-3a143e525ee1.svs	74818623	Tissue Slide	TCGA-23-1032	fa32431a81bb2f0b9f3d636c3380e946
c545aad3-2fac-4279-ae5e-e63affca8935	TCGA-04-1646-01A-01-BS1.6090b105-810a-4a09-b780-765206cf6535.svs	85237781	Tissue Slide	TCGA-04-1646	f8fead2095a319181b9435d6c4cd00c0
a20a6cb2-2da0-491d-a22a-3bd74fb3062e	TCGA-13-1484-01A-01-BS1.dfebf9da-d2d8-42cd-a949-313d5220afb4.svs	271158307	Tissue Slide	TCGA-13-1484	17bad5ae203854c3fa27beeaeb1d51ce
9b82bac5-e027-44b6-9775-87b0f090d127	TCGA-23-1028-01A-01-TS1.56dde40f-224a-49a7-a24c-9fc8b44e0a66.svs	87700837	Tissue Slide	TCGA-23-1028	55fa410adf548b4e2ade3176b262362a
4aed5bb3-bf7b-4ed1-a4c3-a7db69409dd9	TCGA-04-1646-11A-01-TS1.db6abef9-51b1-4056-a208-0029592521d2.svs	99821813	Tissue Slide	TCGA-04-1646	f2878de24943b9b14fcc62ef5c8b617b
33bbe117-26d3-4467-898b-0e46617eb343	TCGA-04-1348-01A-01-BS1.06d57b7b-b6c9-49ae-86a9-9a28de14443d.svs	214089593	Tissue Slide	TCGA-04-1348	8bd958c64e14a7817b9c759342c55d51
e70067f1-ae90-40ea-90b4-c2f07bc955d5	TCGA-23-1028-01A-01-BS1.94323365-fde7-4d57-a4c7-0f6ded12fa41.svs	58476069	Tissue Slide	TCGA-23-1028	4ea362db88fd2962f89477248baf6d49
3cc01c81-ab41-4866-b1e9-75aa2a3d3dd8	TCGA-24-2020-11A-01-TS1.f93ea21a-e70a-43ec-9900-7aceae612d49.svs	68203497	Tissue Slide	TCGA-24-2020	3079c4448b00ad5f4f1acdb12fdeaad1
a1795c50-fd74-4253-818f-b0fab88c00df	TCGA-24-2020-11A-01-BS1.0f1b10e7-d373-497d-808f-043291df1be4.svs	89240877	Tissue Slide	TCGA-24-2020	45e0428e7928b1f4099905ae9242e8e7
cb3ebb34-36bb-4887-8737-ac9666c1a972	TCGA-30-1887-01A-01-BS1.7418e20c-6d76-4566-ab3f-e2323ab87a8b.svs	174334119	Tissue Slide	TCGA-30-1887	a29dfbce6461eccc968ffae0d308b17f
0f2ac113-d9fd-4432-88a5-463498533ed1	TCGA-04-1655-01A-01-TS1.41e4592c-b94d-4f45-bd36-911bf75248bc.svs	84065461	Tissue Slide	TCGA-04-1655	b862a97d8dd2d9720a776a67699992eb
c3e19461-061c-4e0a-a921-7d720762fd45	TCGA-57-1584-11A-01-TS1.017c1576-120f-4b49-b939-cd477534f0e6.svs	49777939	Tissue Slide	TCGA-57-1584	3957cc736777e0a133f8e0941c286870
407cd1bf-9161-4885-b5be-a5ae6c481e45	TCGA-61-2018-11A-01-BS1.0afc9125-b8f5-4e42-b6c9-8ab1dd2bf436.svs	79553569	Tissue Slide	TCGA-61-2018	8a691f96a25370b5609f9b48118ccc11
c7385f2c-4808-4a9b-b261-adddf7063230	TCGA-23-1022-01A-01-BS1.b230a1dc-5e45-4d8a-9668-91a9e105d1a1.svs	132247279	Tissue Slide	TCGA-23-1022	9ae0c2a5edbb6ec21cb0017972919c91
1f36b223-160e-4453-bdab-b38a7bf7611b	TCGA-23-1022-01Z-00-DX1.AF9E523E-CB0F-4AB5-AD43-C96731BF9141.svs	1368851883	Diagnostic Slide	TCGA-23-1022	e9f3edf2597169a6aaaad8d15125b293
b39877eb-c61b-43a4-b374-6a6384962890	TCGA-23-1022-01A-02-BS2.d08fdaaf-e78f-4e6d-ba65-1663cc37ab02.svs	65968463	Tissue Slide	TCGA-23-1022	fa95d2c5b2f92692f030b8907df44bd8
7a3ea161-3b35-40de-a2f7-a5879cdfe245	TCGA-23-1030-01Z-00-DX1.FC93147F-FB55-4C62-B187-337A5C107096.svs	1666318223	Diagnostic Slide	TCGA-23-1030	66e9107dae52d3483020aeb02931db43
145bfb28-958f-489c-9fa4-321a426ef370	TCGA-23-1123-01A-01-BS1.cd3395cb-5e52-4549-8e3d-731ad55c5534.svs	268344539	Tissue Slide	TCGA-23-1123	1bacbb5aba56d3a74aaa7686d5148209
b70fb897-3772-437a-a05f-0bca074c87eb	TCGA-23-1123-01Z-00-DX1.764A8E5C-F2E7-441D-B9FB-23ECF7183740.svs	2092687325	Diagnostic Slide	TCGA-23-1123	97e3bea1296b91f7064e79e26c9e7e71
1005c113-1501-41a6-bea2-89ec32e52971	TCGA-42-2582-01A-01-TS1.647e0cb3-9dd3-474f-adfd-04dc5f1ce366.svs	66248211	Tissue Slide	TCGA-42-2582	658388d55ee1e6c610d89a19242c17be
d67653cf-9c1c-4dee-ac99-4b062eccee68	TCGA-23-1119-01A-02-BS2.22ec8a4f-c913-4531-a71a-c6daaa6ad4f2.svs	94216325	Tissue Slide	TCGA-23-1119	3c30a1af33abe5d54fa3800bae12f5a6
3a31e63d-fe46-4102-b06e-d12322acee4c	TCGA-42-2582-01A-01-BS1.412d99bf-a807-48b1-879f-5e710d665eca.svs	126499717	Tissue Slide	TCGA-42-2582	edb0d661c06888c83e778ce5c3702bf2
88a9169a-82c1-4dd9-ba2c-ee9199db1296	TCGA-23-1119-01Z-00-DX1.44D3D70A-A421-4962-8385-2A3CF8E9880A.svs	2679787667	Diagnostic Slide	TCGA-23-1119	3d4eeb63c05ffb0e24ba90ae4f52b90e
40aedfed-9806-44b4-b789-2652e82c1b94	TCGA-59-2349-11A-01-TS1.29deb7d1-d3b6-45c8-bf78-604c681d3fcd.svs	173905665	Tissue Slide	TCGA-59-2349	704aa830261e4f98fc95340b970c24f9
819c1121-39b6-4713-848d-8fdfb9e8e15a	TCGA-24-2029-01A-01-TS1.fcf823fd-5eef-4be5-9d1b-fa246fc6ccaa.svs	50453175	Tissue Slide	TCGA-24-2029	3d7f0e306d807c693b7af11a84a2dc9f
34d4e7e2-9299-43ed-80b4-98e1e1351933	TCGA-13-1819-02A-01-BS1.e925953e-07be-4676-9fc8-940b4d225bda.svs	313263649	Tissue Slide	TCGA-13-1819	ff5ac3a947698e07c98a98a3305221a9
1d8a8085-3fa5-498c-aa6d-eb24c3db8e7e	TCGA-13-1819-01A-01-TS1.9efa1ee1-4abc-48b4-930a-dea4c76dfc1e.svs	277708639	Tissue Slide	TCGA-13-1819	84326639294ed42664f49eaf245fc57d
69a6f83f-8fd0-4f8f-83be-58bc49811be9	TCGA-13-1819-01A-01-BS1.9528f186-1485-42fb-96a8-a13b01bafe96.svs	219281403	Tissue Slide	TCGA-13-1819	b3bc666bce5ff3f8fc48a7d09a2cb4b9
787e07af-f384-491f-a662-414c161e3d8c	TCGA-25-2398-01A-01-BS1.6cd65019-046f-4701-ba45-95c5a357e0f4.svs	409494153	Tissue Slide	TCGA-25-2398	e84443a9a4dfab8141d653a739f19fc2
de486b3e-50cd-48ce-90b1-30592fb3c33a	TCGA-04-1335-01A-01-TS1.ea56466c-f976-4026-a820-b175d5a3b527.svs	148022949	Tissue Slide	TCGA-04-1335	9371a369db93c912ac52ddafe3afd683
63058812-6759-4ee9-a944-bd9371dbd948	TCGA-29-2429-01A-01-BS1.5584d95a-ffa9-4114-bf7c-b693d5103a81.svs	118741591	Tissue Slide	TCGA-29-2429	40698656a6c2a911c4ac7dd8b452e16e
4e52b64f-a56a-4d77-b5a5-e19931f6b76a	TCGA-61-2096-01A-01-BS1.248d38e8-0fa0-4ee3-8013-9d872c86f17a.svs	202007249	Tissue Slide	TCGA-61-2096	2ad79508979f9d0589d8abc036750119
c162435c-d1a3-4d2e-b16c-a943a16d5461	TCGA-29-2429-01A-01-TS1.d4991386-2009-4a00-bd35-511f6322473c.svs	56295875	Tissue Slide	TCGA-29-2429	1acb2f66764fc84273ceef98b54db300
a44e7d11-03d5-472c-b9ea-187972d9fe0d	TCGA-42-2590-01A-01-TS1.9ad92976-6b27-4413-87fd-2a74ce3ff108.svs	120865233	Tissue Slide	TCGA-42-2590	3164eb592ef441dd58a2895c93b64988
b6431f03-d169-4bc9-af71-088ba8bf64c5	TCGA-24-2036-01A-01-TS1.a09a994b-2da2-4b47-a479-2ac663d0fa9f.svs	142469813	Tissue Slide	TCGA-24-2036	e8e80aa268df29a2a0554fc3b61d73b7
ba7b6fcd-2ea5-47b6-b3d9-fbef601b2d86	TCGA-42-2590-01A-01-BS1.a2121dc9-b4c8-46df-a743-3d44fea9e4c7.svs	355288785	Tissue Slide	TCGA-42-2590	ce96921f1772d89a7b858262ee8b6332
a5833297-ac68-40b2-8e3b-fc0c9fa849a9	TCGA-42-2590-01Z-00-DX1.83ff5df9-0f36-4884-a93e-f2928ff3c719.svs	483499597	Diagnostic Slide	TCGA-42-2590	a5ac770e4aad585bcb8187133c019e84
74e7ad10-48ab-4e36-8beb-b2cfd0b35971	TCGA-36-2539-01A-01-BS1.5af1cf67-427a-46ec-86fc-3063eaf41e5f.svs	145205911	Tissue Slide	TCGA-36-2539	ccfe5f0e6b916b4502d4925b9acacb90
d28c7d0f-4b49-4ada-86c2-99c07c920b1e	TCGA-29-1705-01A-01-TS1.b4cec7c6-267d-4b63-bb60-1e9b618ea03e.svs	245140625	Tissue Slide	TCGA-29-1705	9bb8cc3d24591d5b2d9074efb58e3270
fb619f9a-18d6-4b78-a861-99d1443dd784	TCGA-25-1315-01Z-00-DX1.BC434CCE-7E21-479F-8A5D-1FC7F601C8C5.svs	2516060062	Diagnostic Slide	TCGA-25-1315	9834a3caf6e9d259618282b32da37045
97a6ea3e-a533-4f12-9218-8da0c967dd09	TCGA-61-2097-01A-02-BS2.eb2c3b3f-e0a2-4012-807f-1b49a2493ab8.svs	192379163	Tissue Slide	TCGA-61-2097	bc37c6133916363473aa4a98fee954ac
00c210df-aa0a-4fbe-bfbf-74f5e193f03f	TCGA-25-1315-01A-01-TS1.617ad1a6-305c-4ca3-b86c-b1de86429a0a.svs	482596847	Tissue Slide	TCGA-25-1315	69043cd3119d31b144d698f1677ed617
dc4d43d9-bad4-4e12-88ab-68108a052ed6	TCGA-61-2113-01A-01-TS1.91aa5d6b-d95f-4465-b1a5-d7697dab7d29.svs	237029417	Tissue Slide	TCGA-61-2113	2cb070194ff881445a39de61eacb9336
36ff87d2-7284-4d02-b1cc-5d9044346f55	TCGA-59-2355-01A-01-TS1.07a67953-f1fe-4440-9bc3-a51e2a4a8ab7.svs	47030535	Tissue Slide	TCGA-59-2355	2e38b9fc6fc76a62a5a959edecda8550
77e7cbc3-913a-4e5c-97f3-a4c217b43edd	TCGA-59-2355-01A-01-BS1.d33e6280-0dad-46b2-bb0f-397d05a2f7da.svs	60358963	Tissue Slide	TCGA-59-2355	7f694a67ff53bb9c96e33641a13a4e31
aaf8de52-0575-4056-a799-266043e21ae6	TCGA-36-1575-01A-01-BS1.021beb01-2e1f-45dc-b2fd-aa11ae9f2570.svs	188141213	Tissue Slide	TCGA-36-1575	e9b41905d93d15e82d768c2a1a049408
a363694c-1c76-47c6-a59e-047a53f562c8	TCGA-61-2097-11A-01-BS1.95185c01-014d-4aff-9a57-ab84c30b23c1.svs	90677053	Tissue Slide	TCGA-61-2097	57611e6319df3f209087de992fc676e3
2b270014-cd1a-4322-a950-5ff6c680f8a9	TCGA-36-1575-01A-01-TS1.3790ada2-ef51-47a2-910c-a95d6c5ceecd.svs	125622387	Tissue Slide	TCGA-36-1575	21895a88c1c2222e3bc27da6f755db7c
7f8ac0af-e0a2-4968-ad9b-dd826055c836	TCGA-04-1356-01A-01-TS1.1874f2aa-ad0f-47e3-8e23-367b0d246260.svs	66165121	Tissue Slide	TCGA-04-1356	5d8b700b5b299c4f8893db7f03fba2d0
78580758-0936-4f9c-8c23-ebc8594b34e2	TCGA-04-1346-01A-01-TS1.c0f8cddb-4a99-4d56-a6ab-69f571ac3b30.svs	78260731	Tissue Slide	TCGA-04-1346	4cee7b54c09b911e83f05c2b4dabc5dc
e514cf6f-d0d7-4db7-b1b9-debb8e12aecb	TCGA-24-0975-01A-01-BS1.d32e86c9-9517-4e76-8e5c-d0022828bbdd.svs	175005563	Tissue Slide	TCGA-24-0975	2ef8ec3f9624ce86e18685030819fb27
35d00b8e-58ea-4f02-87a2-7f069559312b	TCGA-13-0801-01A-01-TS1.069af413-dc3c-4e22-aa53-851bdda172ac.svs	334516083	Tissue Slide	TCGA-13-0801	6e5ceb10362f456be0a387f4f94495d2
05b876c6-0a18-48bd-b724-09c956aef5d5	TCGA-24-0975-01B-02-BS2.4063fd57-b185-4f8f-bc09-8a4e0b69e506.svs	152750457	Tissue Slide	TCGA-24-0975	0263303074511b17047a86737b99925d
f42a9e32-d240-4cfb-bf67-7803c9072b36	TCGA-24-1927-01A-01-BS1.17fb54bb-1537-4c82-bfa5-537e250fc0f8.svs	190182371	Tissue Slide	TCGA-24-1927	6f541d8d19c1b1e78b5ac68a0b9af9b6
255a47cf-9e34-4ee3-8932-1cd4ff82a846	TCGA-36-2547-01A-01-TS1.b157373b-7660-4f6c-b46c-2ecd3c2adecf.svs	1128207771	Tissue Slide	TCGA-36-2547	5cdbd223e4747ccb02eb92c8c6b697ec
87878a0f-8aaf-49e1-906c-b7a2e4a59955	TCGA-29-1783-01A-01-BS1.8c7be673-e292-4596-b2e7-7b0691de0755.svs	243540671	Tissue Slide	TCGA-29-1783	9f3bba50bd23ff4c68ee30775456ed89
5baea124-0c49-40f7-aff2-1ceb589e304d	TCGA-24-1927-01A-01-TS1.a5829c6d-ecf9-4bb7-8310-727c42a5c417.svs	201891609	Tissue Slide	TCGA-24-1927	e42ea425357b3d1f24613886325bf09d
0f4cd8ee-c541-41d2-8291-1c728ed2189c	TCGA-61-1904-11A-01-TS1.42da069d-f5b2-4b80-8423-210d746efa6e.svs	70826379	Tissue Slide	TCGA-61-1904	239993b185f40c1612c265c2585ddf76
cc166a1e-c2ec-45eb-b3cb-ffd1a0e8ad10	TCGA-61-1904-01A-01-TS1.329bc3f1-2e07-4758-b3f6-f3400a963171.svs	79973507	Tissue Slide	TCGA-61-1904	e09e5e22afad01ea67564691347904c0
31d750b1-b082-40a7-be3e-ef5dfaacf8cb	TCGA-24-1424-01A-01-BS1.c621b053-57a0-46e5-9cb9-b35216aafef9.svs	66501531	Tissue Slide	TCGA-24-1424	e7297c1fc1cc44ea6f5ceb323b27cf8d
ce445dcf-583e-4b38-bd64-13ae1008ac52	TCGA-24-1424-01A-01-TS1.60fe0b86-27a1-4a3e-ab27-2601008cb58c.svs	89620663	Tissue Slide	TCGA-24-1424	ba8fbc5703252cbe8dea885a9ab9b0f2
7753cc5d-11d4-4d99-8331-79f330d78985	TCGA-23-1107-01A-01-TS1.f36ddc6a-25ec-441b-9e70-57810d827977.svs	57276243	Tissue Slide	TCGA-23-1107	19ee8616444c1d1a04248d30ce052c22
c1f24432-b76a-499d-9a8e-6335b3b5c17a	TCGA-23-1107-01A-01-BS1.d6017cb3-c915-4dd1-a1bd-4fe67600ab38.svs	62319681	Tissue Slide	TCGA-23-1107	5dd72cf10795d4d2c2aa1dd67fdebc31
859a471c-b9d7-465d-9e94-18c88101ae1b	TCGA-61-1907-01A-01-TS1.b0464aeb-8877-43cb-82b3-e993183285a6.svs	218413621	Tissue Slide	TCGA-61-1907	26950d1e562ed175ff0ac599d14db018
c349a83a-57d8-4d58-9f01-2421a7cae8e9	TCGA-23-1021-01Z-00-DX1.F07C221B-D401-47A5-9519-10DE59CA1E9D.svs	1555934033	Diagnostic Slide	TCGA-23-1021	8b3abd20fd420a705068edf3e0bf4aa5
c8bc2d10-9e8f-42da-93d0-2498b5f69dba	TCGA-23-1021-01B-01-BS1.43618d42-5e31-4911-b670-ee2d2773bda2.svs	87497743	Tissue Slide	TCGA-23-1021	72cc212b035276eaff782dc5c198eef1
2696b81b-6f30-4faa-9506-d10b28194b39	TCGA-13-0894-01B-01-TS1.8e814284-4815-4e1b-a811-c2f41aaab591.svs	303129639	Tissue Slide	TCGA-13-0894	043c1039e5122ab75f1d6947062f3954
2492f077-3f2d-45e2-a45b-8d112ea1b1d9	TCGA-09-1665-01B-01-BS1.5a6cb79c-8270-4d29-89f5-ccf0a2192634.svs	156566035	Tissue Slide	TCGA-09-1665	93172fc8451dc6f69389238545c47378
79a73028-94eb-43e0-a1f3-284f0f081810	TCGA-09-1665-01B-01-TS1.34964afd-a82c-411c-9e7e-c3cffa29f204.svs	111312695	Tissue Slide	TCGA-09-1665	0121655fd45a5ebb08a166b38f2eb8f3
c352d6a2-66fe-4e0a-9078-6e2b73abd302	TCGA-29-1762-01A-01-BS1.16561800-adee-4503-aea0-31320f85cc44.svs	250771783	Tissue Slide	TCGA-29-1762	ef5bbf042cb8f1af33ae30c5ffc02bb4
926d642a-b1e5-4cc7-88c9-c6c5b27a4443	TCGA-25-2391-01A-01-TS1.8356e1f7-f054-4869-9793-39e86a37225a.svs	299530049	Tissue Slide	TCGA-25-2391	e6b9a5fc24bafa69f30756e6c9c014f2
f42b3e2a-31bd-4838-bfac-5630ac8188d5	TCGA-29-1693-01A-01-BS1.df0f1f1b-2da4-4ee3-a5c3-77d2ed3830a6.svs	247343619	Tissue Slide	TCGA-29-1693	999f7a0aec71f2ec7d910ff17bc8e96d
1d1b65ff-6060-4a89-9cb5-fc51e811d615	TCGA-24-1425-01A-02-BS2.a6fe1ea1-7b06-4337-8d6e-6a799ef51d5b.svs	25910451	Tissue Slide	TCGA-24-1425	03b198ef263c96c6429d9f6038f2360a
1ac5d3be-d6c2-45c3-85e8-feeece53b1e4	TCGA-36-1570-01A-01-TS1.6fa53e8d-c4e9-4a35-8000-7c1706f46eb6.svs	111636639	Tissue Slide	TCGA-36-1570	86c102bb9dca6c7ca2e216684f169ab2
196152f0-845e-4a64-8f51-f6bfd2757498	TCGA-20-1682-01A-01-BS1.c4f1280c-1e62-4d03-9237-35a4ce37f578.svs	116326585	Tissue Slide	TCGA-20-1682	cd75a1308118f06888ad9ea089dc6905
01ec845b-6b75-4dc2-bd79-33071cf78874	TCGA-25-1324-01A-01-BS1.ad12409a-7546-487b-894c-5b779a4be83c.svs	426360939	Tissue Slide	TCGA-25-1324	4f1d62f21716e0d244797f3c9e30f338
c33a29cc-fbc5-44ca-a810-4e72ca598e27	TCGA-04-1365-01A-01-BS1.e731bd77-daff-44b7-a5cb-19858abb6293.svs	167688673	Tissue Slide	TCGA-04-1365	1a5bb897e931a0c0e9c5234c725dfcf1
af2a3684-d5ee-4e2b-ac1c-1432bbe7a292	TCGA-13-1492-01A-01-TS1.893fd41e-d481-4430-b8e3-b7952e9a4f6a.svs	627793287	Tissue Slide	TCGA-13-1492	d4bc00916a75761d2fdd2e6855058bbd
d9f2ac40-3564-4764-a37c-002b662db88b	TCGA-61-2104-11A-01-BS1.8085be05-40cd-4395-8c5c-bb9d61338669.svs	92146703	Tissue Slide	TCGA-61-2104	a887941d04556b1f6cfbb6df34c67667
60da0ea3-e2d5-4ea1-80c9-03f3fcae3f26	TCGA-04-1349-01A-01-BS1.92de50a7-1788-4064-9cb2-0038db8f270d.svs	197474383	Tissue Slide	TCGA-04-1349	4fc725aaf825a1312e800e1a4021a75b
5e548ccb-0256-4b80-b68a-d74608c4d62b	TCGA-61-2104-11A-01-TS1.a01fc02a-d935-4f6d-9d0e-9c53a5c50b7f.svs	72179555	Tissue Slide	TCGA-61-2104	c7f4881fc8fb312cada4818ca3c1c701
7003a0a6-74df-486d-b375-609856fa8973	TCGA-13-1412-01A-01-BS1.709fc812-e857-43e2-b585-9176d9f809f7.svs	287068375	Tissue Slide	TCGA-13-1412	a00c0d1125e033092b2d1e0c2ce67746
e4e40b8d-9e64-4a35-9169-2e190fb7cfd7	TCGA-04-1542-01A-01-TS1.962fd94a-59f6-49c3-8354-79631e5e19f8.svs	96569423	Tissue Slide	TCGA-04-1542	c2e7bc4c5bafbd09b6feb1fbe9177fdb
9f9d8f37-855c-4878-a7f2-3dec6055dffd	TCGA-23-1124-01A-01-BS1.bce719cf-462c-418c-8646-c52770efe5e0.svs	205522237	Tissue Slide	TCGA-23-1124	55bf4fc571b16570c80d6d0291af2cc8
51473e5e-ed24-42e3-96a9-614ce56cbb47	TCGA-23-1109-01A-01-BS1.36198b33-5879-4991-91b7-f5b6621f8f6d.svs	128628127	Tissue Slide	TCGA-23-1109	a6a50e9e653501a3b69fdcfd4e50ea6a
a2ff442d-4f7e-42ef-8dc9-72fc207b3436	TCGA-10-0931-01A-01-TS1.f6dbb223-2348-40fe-8da2-e93c3071d823.svs	57186197	Tissue Slide	TCGA-10-0931	a0dd95c0ac0411e3e572ce11fbd88b88
4a4507b9-e818-4d4a-9498-ce05a5c5be48	TCGA-13-0800-01A-01-BS1.9a6d87aa-4ea6-4ae9-a1e4-c64f5e9713bf.svs	230987115	Tissue Slide	TCGA-13-0800	3280e7b18d2fccdf053db6f6d1b1bde8
ffe5e3bc-cb50-4a13-a653-d464c540a9be	TCGA-25-1625-01A-01-BS1.c3f7e429-0929-40fd-9b13-e2e3df734776.svs	190274837	Tissue Slide	TCGA-25-1625	7827414a6ff6de95352369cc97d667be
af8b5a3a-8cd8-4e2f-ac25-bed2922600e4	TCGA-25-1625-01A-01-TS1.e40d6e75-c7b0-4835-9e09-ff2efc2e1a27.svs	288378837	Tissue Slide	TCGA-25-1625	d54c3b0dec50fdd9ed9271ef8ad4b2f3
0e8e463c-a6f2-41cc-9458-536b46e211ff	TCGA-20-0987-01A-02-BS2.580a22f9-d1d6-4638-bde8-e2ca93062bf1.svs	298644775	Tissue Slide	TCGA-20-0987	fb43d4c46e1012d2119d69658d865134
370f6c18-2391-43b7-a73a-c3933c4d0c96	TCGA-25-1625-01Z-00-DX1.64A0B073-8EC8-4BE1-BECA-B956A6A96FCC.svs	2433855706	Diagnostic Slide	TCGA-25-1625	283c766626329f9df66c094fe19d7c54
cdba915a-bd57-4385-b4ec-8045d06254da	TCGA-24-1614-01A-01-BS1.901a9b9d-adab-4c2b-be94-7ddc3e2d16e8.svs	80147109	Tissue Slide	TCGA-24-1614	19cbc11d72ca99ba2328159c16425407
28f140c9-0f07-4bfa-ba68-91e511de0f3b	TCGA-24-1614-01A-01-TS1.8a2d9b3e-ab54-4e1f-92fc-f3f1c6d50409.svs	159149895	Tissue Slide	TCGA-24-1614	ce82446abf9989623840e847fda1da7b
30bfe6bd-f3f4-4ee5-9c24-f607246c3a99	TCGA-25-1323-01A-01-TS1.a8ee5dae-63b9-4972-be8b-e1ad21e2d3c4.svs	142335581	Tissue Slide	TCGA-25-1323	a996c1cdf9aed9be5c80d0930525dc19
f75fb9f3-26a1-447a-868e-85ac0300f5b4	TCGA-25-1323-01Z-00-DX1.1B82D1C9-2310-4AAB-B531-45C1191E5FF8.svs	3180539114	Diagnostic Slide	TCGA-25-1323	b8043e622b00f529fc211fd2be2c7283
90f4f10d-bfd3-4f27-9e6d-bd60e44bb787	TCGA-24-2297-01A-01-BS1.7addcb34-e944-4d8d-84e7-03fb2c107745.svs	57117501	Tissue Slide	TCGA-24-2297	34a610f4931f7e421f9dcc249d5e5f02
7e7d6821-d8ac-4a61-95da-f4140c42a3b1	TCGA-24-2297-01A-01-TS1.ef97e135-54be-4846-9f87-c9fe3ab2ddf4.svs	75858629	Tissue Slide	TCGA-24-2297	788edb0dad912c0293f2f7af105dd34f
9863a488-c054-4fd5-83b2-49ed90669f6e	TCGA-04-1648-11A-01-TS1.f88857d9-9bb6-4c1b-bde0-3b016b18002a.svs	41718531	Tissue Slide	TCGA-04-1648	b5d83561febe0085ab831b6382bc74b4
cd104e75-5c65-40e0-8c6b-4f67d3d54c5b	TCGA-04-1651-01A-01-TS1.246daec2-ff44-40f4-a856-89da1f342016.svs	135136571	Tissue Slide	TCGA-04-1651	dd68d6dfb7bb3c1f62558a192600b1bb
88f445a9-7046-47de-ad35-e3557bb6a6f9	TCGA-24-1556-01A-01-TS1.4581d48a-a056-41e6-baf5-69e5ffaf9bac.svs	226798283	Tissue Slide	TCGA-24-1556	3188582c1ec78718d9f6558d273cce36
f0d3770c-c01a-4617-afb6-2f223592951d	TCGA-61-2092-11A-01-BS1.a458cef4-e9cb-4224-96a4-28b4b5ba706b.svs	65223797	Tissue Slide	TCGA-61-2092	a3cebb0a06642bc000e08e9a308c549a
fe9109e8-d561-43ca-8b99-4e44e3390460	TCGA-25-1628-01A-01-BS1.b18022f1-2c8f-4a48-b8e9-df04efe7b09c.svs	289758309	Tissue Slide	TCGA-25-1628	11c237e5c3ce1c3e9fc5bd38a93ae892
ab83df8f-71f4-4e1d-bb90-07c7dd438509	TCGA-25-1628-01A-01-TS1.35d35463-e15c-4be7-b62e-9a8e169c005a.svs	275442033	Tissue Slide	TCGA-25-1628	0b4efa068cc8ad825ca0e2e844755701
e9fb6d0e-330e-425c-857f-255b1fc21ef9	TCGA-13-1405-01A-01-TS1.97fd5c92-85f1-4cb2-9ed6-289072e137bb.svs	353102061	Tissue Slide	TCGA-13-1405	55cbd19a5b89b5843f9eb5655b9b6a5a
f5bb216e-2cd2-4267-8991-69c3d12e5b58	TCGA-13-0807-01B-01-BS1.14c39b21-47ad-49c3-8449-86d0d6bcf709.svs	147115297	Tissue Slide	TCGA-13-0807	071fc75db42130dff3182ed162b98ffd
cd72e610-43be-48ec-bfb6-f3798b6d626f	TCGA-09-2045-11A-01-TS1.f1a1074f-b702-4947-b531-6cbbd9c4b710.svs	65681597	Tissue Slide	TCGA-09-2045	a7f38b8462ddb8f81761c90326ae03f0
abc47e2e-cfb3-4359-a3aa-307ec21fb1fe	TCGA-09-2045-01A-01-TS1.0abe6ecb-c4ba-492f-939f-9dfa84b0af35.svs	168625125	Tissue Slide	TCGA-09-2045	540f5d6f3848b0bb3b7d53d9a1cf4a43
f4e43145-b56a-4614-8bd3-373ea3623f52	TCGA-24-2024-11A-01-BS1.1c1d04e2-5041-42ed-a463-05ad6afe7f76.svs	236017213	Tissue Slide	TCGA-24-2024	e66647d8d242e551ef44c056cf65b14c
f3b19d35-d9e9-4bb5-a54b-14ae6ea1e11e	TCGA-13-0720-01A-01-BS1.4e8d3836-a57b-4629-93ae-36e54976447d.svs	76922529	Tissue Slide	TCGA-13-0720	2b295c9e7090cf5a4416f17adaa6534e
11fbc293-9a83-4836-9d3e-17aeea393fa7	TCGA-61-2610-02A-01-BS1.1612ab29-c206-4fcb-a9de-58338fc4133b.svs	99862949	Tissue Slide	TCGA-61-2610	32b873065112bdb8b635b193ca9b3072
3ad44eaa-b3e5-4317-b4f4-434e15976438	TCGA-13-0761-01A-01-TS1.8c70bf6d-48ea-466c-8a47-d0c2c7bc26d0.svs	145125309	Tissue Slide	TCGA-13-0761	2b34c046692ea7d6241334eeb28ec846
ebe999fd-ec1d-47d8-9dbe-bbc37612e23f	TCGA-61-1728-01A-01-TS1.7436378c-e436-4aba-a1aa-89314dcdccce.svs	133195835	Tissue Slide	TCGA-61-1728	530564719ed474ebd1d3aa7446c7b3b1
bda942b4-98a6-40a9-a50d-8677ad2c5dde	TCGA-13-2060-01A-01-TS1.029d23ee-2d6c-4172-9908-837eeb844719.svs	663283345	Tissue Slide	TCGA-13-2060	c87b28a3474d03a245a1ca517a7df9b7
8693ce40-0a8c-4d9e-b986-5ebd58e81d1c	TCGA-61-1895-11A-01-BS1.da31ee22-ea89-4afa-b331-7c79bb4b3744.svs	120429107	Tissue Slide	TCGA-61-1895	4028c29582af7fe26298e6ef124655d8
645309a7-1040-4ba8-a190-b761b2abbd5e	TCGA-61-1728-01A-01-BS1.52c330f2-48ca-4158-a994-07cdbc130f80.svs	128757693	Tissue Slide	TCGA-61-1728	13b0b60e7fe3c27782786993b3300d41
f0388fc0-9443-4bc5-bb82-2f80036efdd7	TCGA-13-0887-01A-01-TS1.03c9ff20-0795-4bd1-8be1-3d7fcd15b7e9.svs	166476631	Tissue Slide	TCGA-13-0887	1d84621cd7ee30e6c055fa29d0c51389
99163317-c408-4908-a222-f4f34264417c	TCGA-29-1702-01A-01-BS1.37bc8232-0f2b-4d01-b6a2-9ce4059d88dc.svs	232163911	Tissue Slide	TCGA-29-1702	f1af0ad8a50f7c88f09f7ea54e7e6f0a
04582577-b9ea-4ea3-bebb-8a22fb2876d3	TCGA-09-0369-01A-01-BS1.98dcd946-275e-4aab-ba34-62443d4dfc1c.svs	39503935	Tissue Slide	TCGA-09-0369	a1f759299fe85b599b0235cc79028b56
2e41a604-00b3-4402-bcf3-2ece1cb41c41	TCGA-25-1633-01A-01-TS1.f39839fc-b550-43e5-9f57-937cfdf32219.svs	226194401	Tissue Slide	TCGA-25-1633	a4fd94c141e3145cbdb5e6ecf129e88b
91d57b60-0975-44cc-8eb9-290d68a73ec6	TCGA-09-1668-01B-01-BS1.299ef5ea-edf2-4a0e-81b2-b8c28d985121.svs	92069409	Tissue Slide	TCGA-09-1668	57d4acd0cf8ed181226dee0302273ebd
ebc8dbb0-998c-480a-a5ad-d4aa535329da	TCGA-13-0905-01B-01-BS1.bff74514-98ec-4d1e-88af-a00aeabd9686.svs	209171247	Tissue Slide	TCGA-13-0905	4398c6ee96c7c2d73acbac3dc802aec0
ca07b515-33b2-47b9-8ed1-ba4497260ddd	TCGA-29-2436-01A-01-BS1.c6c50809-41b6-46ff-baff-88a5dc5d4ae5.svs	436594563	Tissue Slide	TCGA-29-2436	5c417a5ef12ae07e1f9fa11590ba5029
1ff8d07f-dd70-4cfd-8e18-2afcc217b8a4	TCGA-13-0905-01B-01-TS1.375bb21d-bdbb-43d2-81f7-2c63c90229fd.svs	315603345	Tissue Slide	TCGA-13-0905	0fd398688ba3302dbcf72c1d4b599669
1948ba5f-14c8-419c-907a-50b51a80530e	TCGA-61-1741-01A-02-BS2.609dafe9-9590-45dd-b689-f49bee6a58ec.svs	441527933	Tissue Slide	TCGA-61-1741	971b6c9fd09bbca0de0b5ece74211d8d
9f706f3e-6aa2-4e06-a88a-952503598b3a	TCGA-10-0928-01A-02-BS2.facd92de-6893-4650-a327-1f15554a01fc.svs	74605105	Tissue Slide	TCGA-10-0928	24a60ffe0de84e842efb5556143b13de
bb9211dc-1ba6-4edb-9a19-c8cc98590e38	TCGA-36-2529-01A-01-TS1.33839a85-adb0-408b-ba0a-d69d67ae46c2.svs	823922869	Tissue Slide	TCGA-36-2529	82a765e31978f197fc756027b711113c
b7d05d60-e11e-4f94-a9cc-bf4db5377b6f	TCGA-13-0805-01A-01-TS1.6d73c8e0-390c-4712-b959-502d98c2aba2.svs	141243503	Tissue Slide	TCGA-13-0805	fb477ed02cbf4a35c09de80db90f249a
8ba86e4b-afb9-4ff5-b21f-1b9bee1304bc	TCGA-13-0805-01A-01-BS1.05a4c632-54ef-4184-a768-a3c97402256e.svs	127751989	Tissue Slide	TCGA-13-0805	da2c5393ec1811168789612229fa989c
6bc7d2bf-f378-4d5e-b1d9-8e274722533c	TCGA-24-1430-01A-01-TS1.206fc526-1f7c-49f7-84b3-26ed0be0b14e.svs	430627877	Tissue Slide	TCGA-24-1430	db8cf13f123792772c5c46091938a48e
b775a2b5-f548-4da5-943d-7333e023bc93	TCGA-61-1915-01A-01-BS1.2000f1fa-32a8-479a-b211-1a3a3e6828e7.svs	175577139	Tissue Slide	TCGA-61-1915	52cb00b2ec3f2045aa88c063de5b9e75
c35f7d19-67b8-4458-be2a-3e5b515d2e18	TCGA-24-1847-01A-01-BS1.801bcc7d-3382-42fa-aff1-076ebcc5bdf4.svs	17966443	Tissue Slide	TCGA-24-1847	726b82b1e5233c0d26ad5623d70746f1
14c70251-7561-4748-bae8-f4a0129ed9a7	TCGA-24-1567-01A-01-BS1.1ef24432-6351-443b-9a7d-acbd6a4ab819.svs	105823401	Tissue Slide	TCGA-24-1567	a5e4d6fc08f9ecc89f0173e0798d6a30
0250c45d-8c60-4aec-b9d3-6eb498d9fdc2	TCGA-20-0991-01A-01-TS1.0b680a7c-3b52-40f3-88e7-39ff4fb22cc9.svs	94173687	Tissue Slide	TCGA-20-0991	a78ff054d5e104c9c8219bb432c13b2a
2a7d579e-d730-4bd6-bb1e-1bd5a61c1f78	TCGA-25-1630-01Z-00-DX1.75C53351-1511-4CCE-97AC-1650010AC568.svs	2630508006	Diagnostic Slide	TCGA-25-1630	c29d13c2189ed585c49f87e8940c96a9
1b4bcbc7-ebb3-4254-8dad-d1abe41f5af1	TCGA-13-0901-01B-01-TS1.68cbcd84-0e37-48aa-8e6f-c48b43b93e7b.svs	318466691	Tissue Slide	TCGA-13-0901	6bbb62dc865c88df099422632b284750
1b795ecb-156c-46a8-89b0-1040d464dd9c	TCGA-04-1367-01A-01-BS1.9abdfaf1-c397-4248-ba05-3e88e8e5f66d.svs	110750471	Tissue Slide	TCGA-04-1367	249022078706f79504be03306e2bd5ea
16adebc6-24a2-42f5-bfb8-a856d675903c	TCGA-13-0717-01A-01-TS1.d3d0d0ea-ab0f-411b-a9ac-46429b595603.svs	244227895	Tissue Slide	TCGA-13-0717	09de1ce45d6a73229018ab7185def75d
ee8d33d2-331b-4e65-bd84-7f289b681b85	TCGA-13-0717-01A-01-BS1.d45f5423-612e-4ad1-b064-f87e007d3c3c.svs	78060803	Tissue Slide	TCGA-13-0717	52f2b2e7ce9cb3ab45446c39e7c1314a
bf789105-34a0-4be4-ba2b-98f308d25ba5	TCGA-09-2043-11A-01-BS1.d3230f89-ce50-46ae-b528-16c2d422fdd8.svs	204827989	Tissue Slide	TCGA-09-2043	3da8f4f105e027153fba549f454bcb11
00ec3fbe-26c2-4f14-a665-13c719cd740e	TCGA-25-2401-01A-01-TS1.998ebf95-b49a-46c5-b501-b877912cbd44.svs	241017615	Tissue Slide	TCGA-25-2401	f5d5a947feb90fe750e709435a925dbe
ca7a94b6-42bc-4a65-bbb1-c9063c836a82	TCGA-29-1695-01A-01-TS1.7fd5b824-6a98-4ed3-b6e9-6564b12229a6.svs	160089093	Tissue Slide	TCGA-29-1695	5270638766cee4a61bdd6ba546fc155f
e981862d-f93a-490b-aeb2-dcb1c447c6f0	TCGA-29-1695-01A-01-BS1.06ff1b46-dadd-4aa2-a606-8ef843d8374e.svs	304673845	Tissue Slide	TCGA-29-1695	2b630b34b7d4005277a621076bc674ce
af3250f3-0f7c-4086-a535-23b35421c65c	TCGA-25-2401-01Z-00-DX1.AEA99982-DB6B-4178-BEDC-6E1F605B8D7C.svs	2229177980	Diagnostic Slide	TCGA-25-2401	3e013701cf28d0ef3746e10501972179
868a910f-dddb-4462-ac8f-df937eec18a6	TCGA-13-0725-01A-01-BS1.6cd2a2f7-689b-4674-a98e-a7ab00beaa84.svs	162892609	Tissue Slide	TCGA-13-0725	ba1c345f6c72390ffd2e2a354c298f20
7498c8ba-b33b-48f0-9b5d-18a5196b9ff1	TCGA-29-1778-01A-01-TS1.03053642-c87d-488d-b2e6-d75900c0cca3.svs	162434197	Tissue Slide	TCGA-29-1778	bb1ccc98b32e495eed1d2e1f787c9c3d
5dd461f8-c944-4e1d-86b3-a7857e97991f	TCGA-36-1576-01A-01-BS1.82732edc-569c-4b5c-80d5-31f530cd30aa.svs	191042435	Tissue Slide	TCGA-36-1576	0c2a377e374068cbab2b9b63c965fbca
9c7d0451-5307-493c-91f0-8d9fba1ed60c	TCGA-13-1497-01A-01-BS1.4fb415dd-e72d-451a-9064-99c2f28934d5.svs	166544815	Tissue Slide	TCGA-13-1497	4d9df16e9052a0c4d0232c1a3ba886b7
88789dc6-2d46-4c78-9ed8-fe5a130282de	TCGA-23-1029-01B-01-TS1.cd4d75b5-bc4f-448a-84a3-f34c172f8d61.svs	90920139	Tissue Slide	TCGA-23-1029	f80306ca6908e70764b4660c726efc10
317ca2ae-09f2-411f-b7b1-c3e4af9bd53a	TCGA-13-0912-01A-01-BS1.c34364a5-8bb3-4f84-8226-e0183c6874b9.svs	139288585	Tissue Slide	TCGA-13-0912	740d50e2a1534005fa11e6c8d00a5b88
dd5ded63-5fbc-480a-a2dd-7aeef917709f	TCGA-09-1666-01A-01-TS1.0176ba08-e81b-4392-b6ae-2be1aac6b1f4.svs	209300757	Tissue Slide	TCGA-09-1666	7a10d5f4d7e4ffe4dd04cd9c318e003e
4d360d10-8c87-4c35-8a4b-a4e9a4698ca4	TCGA-10-0934-01A-02-BS2.9d515b55-0fa2-4ce2-9997-6a906c044489.svs	196410575	Tissue Slide	TCGA-10-0934	099a17c4f13f65b94e9985b6407d4268
dbfd6ec6-baf2-4a0f-a22e-e5f3c797eced	TCGA-10-0934-01A-01-BS1.01aac644-35c3-4a9d-baaa-74f6c5322362.svs	136243627	Tissue Slide	TCGA-10-0934	e8d726d46e5c68e74f0e760a1488d62e
450ed3dd-1cd7-47fd-a5f6-50cf1b9ec705	TCGA-04-1369-11A-01-TS1.09dba94c-a5ea-42af-9c09-60388557fc67.svs	83879487	Tissue Slide	TCGA-04-1369	a32a6f10d254c19363d0c20e78d17b37
e81e592e-55d3-4d52-8056-2fb7528d68d0	TCGA-13-1507-01A-01-TS1.d693a034-776b-4726-b248-fa02fce6680e.svs	347977767	Tissue Slide	TCGA-13-1507	623ea9368cfffd910aa39ae79c6c2141
65ef79e3-e8d8-4e5b-9647-acf2b516196a	TCGA-04-1369-01A-01-BS1.149f133d-6e85-4a1b-b6dd-e3a64c82a7e1.svs	202032625	Tissue Slide	TCGA-04-1369	02b331ce4691b06985f0059835d72e9f
ca64b37a-73f8-4c39-be99-c098d76c22ab	TCGA-59-2352-01A-01-BS1.a137850c-18c0-48b5-91aa-dafec1feb1ff.svs	215793263	Tissue Slide	TCGA-59-2352	0f8f0de3abcbc757cc557c74ec53204d
c87b3861-6ebb-476f-827f-24403f59e292	TCGA-13-0883-01A-01-BS1.a00b3891-5c61-43b1-a0d3-9857ac0d942a.svs	250842873	Tissue Slide	TCGA-13-0883	36493d9628e60d7642c15445f7e70f4a
dff72ee5-472c-4a4b-bddf-8557412b29a1	TCGA-57-1994-01A-01-BS1.1c54ff54-4fce-4f01-b009-5c75dbbf525e.svs	172914715	Tissue Slide	TCGA-57-1994	3927af9ff390ee258875d021a3402fd3
efd6c5b1-da76-46ce-a951-4a4c46a1a8e7	TCGA-09-0365-01A-02-BS2.1d81c850-3161-4aab-b772-cfba72a6d66e.svs	62585741	Tissue Slide	TCGA-09-0365	37c755e4bc870d08d511fa62831e80e6
f5725033-d569-4311-8c72-09cd3ef95263	TCGA-24-1555-01A-01-TS1.e0c74d87-fa4e-45f2-8ba8-f481917d6022.svs	90616025	Tissue Slide	TCGA-24-1555	1bcf3d695e59cfabc14625ef2789d989
02bff622-eb4d-4738-8fb5-f8a3cf00adc1	TCGA-09-0365-01A-01-BS1.986f3321-713d-4c9c-9910-fa3d521060ce.svs	65598351	Tissue Slide	TCGA-09-0365	440761cd1af01881a97c7d1b1777f56f
d630fc23-851b-4c01-9d79-34b4a219b6c1	TCGA-23-1113-01A-01-BS1.2458fccf-526c-4639-84fa-54061bcc3cd5.svs	162024475	Tissue Slide	TCGA-23-1113	821b7dbd151ff18a10224f199da780c5
51bcb947-6737-42c0-9933-2774f0939dfb	TCGA-13-0758-01A-01-BS1.cbfcbe05-64c9-4ed4-a349-0788bcf843e8.svs	122539277	Tissue Slide	TCGA-13-0758	a5773249201ec229158b6cd5563cda58
eaeb1ec2-e70a-47ae-b5d7-415beb774fbc	TCGA-25-1328-01Z-00-DX1.A0145C96-19A9-4F2D-8570-ECF039F99405.svs	1788544134	Diagnostic Slide	TCGA-25-1328	d69d49c8f280ad69e42cb161bf29d693
2221a9fb-12c0-4a4d-ab39-df342894801f	TCGA-25-1328-01A-01-BS1.8d6019d0-3250-41ee-9af3-cb18b44ee0ea.svs	278340933	Tissue Slide	TCGA-25-1328	2fc30ae48905f3060d1d9029b4e36703
465fd0ea-9de9-469b-8d39-09e5b267aa1e	TCGA-04-1370-01A-01-TS1.db572647-8f5f-4794-8bdb-a67bdc207516.svs	154683429	Tissue Slide	TCGA-04-1370	bcc29c7b113e441e88982edf19e19944
67d8c84b-b7af-45fb-bbb4-426d5ad3948a	TCGA-04-1370-01A-01-BS1.66a6921f-99cf-4fa3-8ef7-08cc95bbd186.svs	219515567	Tissue Slide	TCGA-04-1370	a7ebacf51e61742453a3dcb0cae21b2f
ace81e31-6397-4491-9a42-5174e4e2062d	TCGA-04-1370-11A-01-TS1.485a1a9f-f9c7-4566-861d-13b493016ee8.svs	56090423	Tissue Slide	TCGA-04-1370	1e25a31aec303be1d7d9baf6498c289f
69fcea0f-216e-4f2e-8f4a-2c42dd9dafc9	TCGA-61-2102-11A-01-BS1.2c51b152-f056-4473-b1b1-7b930be7cef4.svs	71721293	Tissue Slide	TCGA-61-2102	9708bb5c4728e5028bea0ee521826c23
23546da3-2a5c-4680-a31c-e6f79c156646	TCGA-04-1644-11A-01-BS1.33c7e0e1-7a2a-4964-835a-ad17c0061da1.svs	44517501	Tissue Slide	TCGA-04-1644	b850d9a75c45b9adb5f95c57851bca2e
9e9c1e36-4810-44e0-b43b-3be5fa877f18	TCGA-04-1644-01B-01-TS1.b91fa4ba-f85e-43c0-a0a9-e20eecb2b55e.svs	89338597	Tissue Slide	TCGA-04-1644	32125fac6ac350759c48b6b820ebc11c
af5daed5-e091-4d13-b625-b64032a2cc3f	TCGA-61-1901-01A-01-BS1.e1591507-f350-43c0-a8d1-de76d48f3280.svs	189357703	Tissue Slide	TCGA-61-1901	d913cd4484b8a6bf438784f87199bbcf
7243f6d6-84f9-4b8c-bd0e-9079807e9558	TCGA-61-1901-01A-01-TS1.2b2da3fd-9ec4-49d2-a609-3cfad03dc222.svs	145152607	Tissue Slide	TCGA-61-1901	859a32f853e6030c88bacbd76d3b4f98
77011065-a63b-4486-9924-dae484b1e614	TCGA-10-0936-01A-01-TS1.e5976a6c-f284-43bd-9597-6f9d3b5439dc.svs	60613423	Tissue Slide	TCGA-10-0936	577d673d4309baa32cc9594a8c8e2086
1a1c4dd8-708c-40ce-ab08-5757693de69b	TCGA-24-1930-01A-01-BS1.0e6935ab-52a7-41ec-b55a-af0ffd17022c.svs	149328313	Tissue Slide	TCGA-24-1930	243504c5dbbb9cf01132293291d9418e
f6ec6be7-7f4a-435e-9796-7de2c5ba3a6f	TCGA-36-2542-01A-01-BS1.818abadb-d751-427a-825a-f6cc7611229c.svs	44901661	Tissue Slide	TCGA-36-2542	29d0418c53f1b76238320d913e9dac8b
a12c9b57-88df-490d-a79c-2de25bcd34b0	TCGA-10-0938-01A-01-BS1.22a8ea74-7de1-453c-857c-2e7001fa42fe.svs	118293433	Tissue Slide	TCGA-10-0938	88d2d0f4861e72ae583e8069c997befa
04953f26-592e-480d-a56a-bba3f61ed800	TCGA-25-1329-01Z-00-DX1.6DD994F3-E426-4749-8ECA-9A0B87FF04DC.svs	3950703384	Diagnostic Slide	TCGA-25-1329	324b4da85042aa8b043e2a43603474a9
c12344d5-940c-4e40-bd28-e9ba35ae3f4e	TCGA-61-2111-01A-01-BS1.1dbf80e0-c681-41e6-a309-a61787c3ffa2.svs	310848463	Tissue Slide	TCGA-61-2111	36b2e560533af406380f66fd60086e1f
f50f4870-e4d8-40e1-9016-9b0abc7017ee	TCGA-36-2549-01A-01-BS1.aad558d7-4b2f-41ea-9649-7c1ff4a4240b.svs	254089463	Tissue Slide	TCGA-36-2549	62ea4906392f2bb786f3872df8b7e5e8
010fc715-0098-4967-a36f-a8922c03e40e	TCGA-13-0920-01A-01-BS1.b7b9daea-d790-433c-93b2-db5e26827f30.svs	112205535	Tissue Slide	TCGA-13-0920	44b614f043726fa3e5c22337477921b4
5e447f3b-d377-440c-934a-d98b09193bf2	TCGA-13-0903-01A-01-BS1.7669fb9d-afe9-4201-b397-e21322818293.svs	195501197	Tissue Slide	TCGA-13-0903	f76de2fd40c75561bfbef3e663f7476d
85166290-6fe0-4763-a693-afb9d29b44c4	TCGA-10-0930-01A-02-BS2.88672071-8558-4a27-8842-b1bb58c22830.svs	69871473	Tissue Slide	TCGA-10-0930	2a6359b6000b8623c45b189b3b0651c9
af9c3870-7cfc-4b58-8373-1fa950f5c7c2	TCGA-13-1488-01A-01-TS1.3972462a-d30c-473e-a62b-dae7de1ef2bd.svs	349718859	Tissue Slide	TCGA-13-1488	67b218016afce741f96b677c40e066e2
19589364-2350-4b3f-b302-142a3f383d14	TCGA-61-2110-11A-01-BS1.4d7ebe5e-aae5-4cef-a445-ec104ed4226a.svs	51264011	Tissue Slide	TCGA-61-2110	43cf5432e2847511186747f11e33e567
5b3fc94e-4988-4c5d-9d76-b22bab7f2012	TCGA-36-2530-01A-01-BS1.2624f520-accc-4d03-9b4a-71648cb8768e.svs	502233953	Tissue Slide	TCGA-36-2530	16feb09fa03d5eb52b3b32707b66a723
65583f4e-492d-42b1-9a08-4651c63ad1e6	TCGA-10-0925-01B-01-BS1.b65aa999-275a-42d2-881d-5892ee873ee8.svs	104588893	Tissue Slide	TCGA-10-0925	5c4d2794ce69cb0c4fa5983960f70abd
88d026bf-0c98-4383-ba72-d284346cf415	TCGA-61-2094-01A-01-BS1.9000f5e5-fec8-4f69-b706-e3a29e96e3e0.svs	325355745	Tissue Slide	TCGA-61-2094	95777f4425c3ee0bdfc4d2105b5651b1
add49fda-7584-47c1-a00d-578d28e7fb91	TCGA-29-1696-01A-01-TS1.9f136ba5-516c-439d-8e2d-a9061cce1191.svs	35957191	Tissue Slide	TCGA-29-1696	3e3c017032c83134bbea2a889f58ad49
c280071a-b47a-4f27-9311-ac1fb9990aa7	TCGA-09-0367-01A-01-BS1.03399067-8b76-4a57-aa39-ba0a642ebe2c.svs	87608883	Tissue Slide	TCGA-09-0367	05f24f068b101f54d80e037534ff4e18
8972032e-5ca0-495e-81fb-3df4a15dbe07	TCGA-24-1428-01A-01-BS1.cc2baf2f-05d9-4e2a-9dbc-35a2729b00b8.svs	243274309	Tissue Slide	TCGA-24-1428	930986a6511b832edddef1db7e2473fd
0e66d6b7-24e1-45f5-b214-e4d9ed6acd2b	TCGA-25-2393-01A-01-TS1.a20e3f24-82c2-4886-a478-09dc932809fe.svs	192594317	Tissue Slide	TCGA-25-2393	386b85972bc581459f36f0822121ec38
5b11a665-2837-43ae-82e1-094596e9be11	TCGA-5X-AA5U-01A-01-TSA.9D54B87F-491D-4482-A0DD-194417619D7A.svs	318409773	Tissue Slide	TCGA-5X-AA5U	6ff05fe25f3a6080efd4439af21c0c59
b411d9aa-cbb8-43be-abb4-03d9fae65f10	TCGA-13-0900-01B-01-BS1.a7ab33bd-827e-4ab7-b7c5-7163a3518e93.svs	189292049	Tissue Slide	TCGA-13-0900	4d0f8d4870c2928671a5c6c72068c7fe
30ee56f3-540f-469b-a6b9-e94c070ed9e6	TCGA-13-0727-01A-01-BS1.aeb63964-0616-4be1-9203-91ea1c0794d4.svs	119312381	Tissue Slide	TCGA-13-0727	8b9af25e6f77cc8ab89299ba08804990
36b5157b-4fd2-4ccc-bf01-5bd8dc177c19	TCGA-10-0933-01A-01-BS1.56e3863d-bfc6-4a9c-95e0-e6ee735e134f.svs	119394737	Tissue Slide	TCGA-10-0933	ab7e20b05a30acc30033fdc0e43c4b24
58763829-c19a-4341-9230-27f023c84050	TCGA-25-1322-01A-01-TS1.5678ec6d-331d-43fc-9a9a-0ef43c274f73.svs	359471939	Tissue Slide	TCGA-25-1322	ebcd5aea85019f2f21483bec5d13bdaf
a4f820d9-52ef-45f6-b708-485100f562ce	TCGA-23-1110-01A-01-TS1.04ccc391-1194-4dc4-8692-607901904c83.svs	60592045	Tissue Slide	TCGA-23-1110	a8b6b2571fe5ac6d23544592aa09f986
727c35b7-cd5b-4551-8ab5-0ef4ff640600	TCGA-10-0933-01A-01-TS1.4193c207-aac8-400e-be84-1ff6ebccd090.svs	85379701	Tissue Slide	TCGA-10-0933	265472603b777a51053f83cd9903e09c
b9b8b27b-e055-4f82-ad01-35a4ac0dcf1b	TCGA-61-2612-11A-01-TS1.6c08dc3b-bac0-41f2-ab2e-cb5e4e4738d5.svs	105896649	Tissue Slide	TCGA-61-2612	b49ce3c380beaa0f4d535d26fb4709a9
16f3bbb2-498f-43f1-afff-f7803de6d5b3	TCGA-24-2020-01A-01-BS1.a863f994-8289-43c8-b1de-2263f5d3bc28.svs	210366699	Tissue Slide	TCGA-24-2020	592d39e9cad5be551f90ebe6a00b6391
4fcb33d1-13cc-42f3-8357-587ce8904be7	TCGA-13-0792-01A-01-BS1.3635dcf4-9d96-4684-a45f-f3c30e29b443.svs	61367095	Tissue Slide	TCGA-13-0792	5b23c6c488be2fbb84b3539edd9cfebf
20eeeb78-7d80-4218-8973-e9ffd35720bb	TCGA-23-2077-01A-01-BS1.fe4d3109-2e84-44ee-8599-04c1931d2012.svs	105814583	Tissue Slide	TCGA-23-2077	92e3af7406e5f26bd9dc21a618536612
7e84f32d-34a8-47e2-ad94-2da1bd4df520	TCGA-20-0996-01A-01-TS1.2b81e413-abb8-4139-8fc9-074fab59174f.svs	93187003	Tissue Slide	TCGA-20-0996	aab23d475171ecb80f102e57571cb958
a6cfc062-ae9c-40c2-9734-f83df7346fcd	TCGA-04-1353-01A-01-TS1.bdfdb71c-6e79-42c6-a880-ba3c223cde4d.svs	91318833	Tissue Slide	TCGA-04-1353	543f86e9fd0aad45e8feb78ff2ab5b84
0f769f82-5e7c-43f1-bdc0-0b8b4c58c0b6	TCGA-13-0760-01A-01-BS1.47216554-8878-4390-ab9c-497c94fa9e09.svs	147641781	Tissue Slide	TCGA-13-0760	7c4375921ab71b97700b05c345eac4c5
9a32337a-5ea3-46ca-af0a-21c0e2dd103b	TCGA-61-1919-01A-01-TS1.a2bfef73-10d7-4593-9c5b-4b93eddd160b.svs	213675935	Tissue Slide	TCGA-61-1919	505ef6e4422d41fc7e3d90d8894370fc
e3f48657-34e8-41eb-a55b-46234d627b44	TCGA-23-1120-01A-01-BS1.7a9f0eb0-59d5-46ee-ae3e-4c9c21218ded.svs	118306091	Tissue Slide	TCGA-23-1120	60f705c157bd67fd1b3eef07a1180a06
d0501634-420c-42e2-a98f-30d2c0ae23e0	TCGA-23-1120-01A-02-BS2.4cbf84a4-9b8f-4448-a066-3978b5fca0aa.svs	156022163	Tissue Slide	TCGA-23-1120	6342d96b9927271f01dc640016be17b4
9323ac30-1568-45ce-af71-9346d1bc2244	TCGA-36-2545-01A-01-TS1.7815572d-7919-46a6-8918-bf631fca30b1.svs	1286300695	Tissue Slide	TCGA-36-2545	5c25f40bcdf7bcab2104f7eba5c1f786
66b0cf7c-7753-4fc3-9c53-c9ce9869f1e7	TCGA-61-2109-01A-01-BS1.3b0f024a-5fd6-430c-8197-649c17917ebf.svs	226182981	Tissue Slide	TCGA-61-2109	c286c01c470171a5b816663f1c003b79
ff128361-773c-4971-9e35-7481b095484d	TCGA-36-1578-01A-01-BS1.2481bf3c-f696-4858-b10e-71bee3337268.svs	87701495	Tissue Slide	TCGA-36-1578	e517d266421384bb0a6cf73f067a1e5c
33b90bec-4dbb-4267-a688-7081bf6388d0	TCGA-04-1519-01A-01-TS1.46c38c26-c736-4338-8989-5442872dd89b.svs	113433787	Tissue Slide	TCGA-04-1519	42cbe97f24d7e0bad1f21ba6d3802aad
5804a2c9-cc3b-4b4f-b0ef-185865ca139e	TCGA-13-0723-01A-01-BS1.90d4491d-8fa8-48a6-a4e3-857e23ea5486.svs	104930095	Tissue Slide	TCGA-13-0723	b5729ac5f9d662a0dd0df9c51f4c60d0
f50a6b5c-69a8-42b1-bc6a-c87215b8f69c	TCGA-13-0723-01A-02-BS2.7a09ee51-aa44-4df6-88fc-6396453e3fd2.svs	99469517	Tissue Slide	TCGA-13-0723	07ac871dacd803dc802d1eb42ced7038
ff06ad85-d1e2-49e6-975a-6d34bcf38fba	TCGA-24-2020-01A-01-TS1.e210ebcd-ea37-4fe7-9531-1c526757d70a.svs	111180723	Tissue Slide	TCGA-24-2020	8d4a7486f7d66442508675dd54c65f10
dc2609c9-2494-4153-84d5-1740177c052d	TCGA-29-1705-02A-01-BS1.86d821d7-64f1-4d24-9708-7877b856b1a2.svs	65760589	Tissue Slide	TCGA-29-1705	f598c5993249a7ecf8211b041e7daf6d
d0cb0ab3-807a-4555-bd13-c7ab476ce8b2	TCGA-24-2280-01A-01-BS1.fb1d3270-6539-4e93-b546-a1bcb1d7efe2.svs	147729563	Tissue Slide	TCGA-24-2280	61455de468085f603567ea2a5f89009b
31f28d7e-f865-484d-9038-9af2fbf31dd4	TCGA-23-1023-01Z-00-DX1.0C96E118-A4D9-4A9A-B95E-C0AA114D2483.svs	1753648025	Diagnostic Slide	TCGA-23-1023	13c25aecef035d781e1332f2e0d80406
174732b5-cbed-4791-994e-f045ebf95723	TCGA-29-1710-01A-02-BS2.8ed645cf-dd4b-4bff-b4c3-db614586760f.svs	417243303	Tissue Slide	TCGA-29-1710	d038e9d2318dc681f9ea477d87c2d7f6
37954791-385a-47d3-b64d-f7e7521309c9	TCGA-29-2425-01A-01-TS1.b02b7e9c-7826-4dda-9fc2-70867e37e9c7.svs	147633421	Tissue Slide	TCGA-29-2425	6fb37033077fe175dcfe06c7cbed11de
aee57af5-e103-45af-a366-65a159ec71d2	TCGA-29-1710-02A-01-TS1.a955d77c-35b3-4257-90ba-7ed2a91acbb4.svs	18222195	Tissue Slide	TCGA-29-1710	d2a31a6f882852cd0a81ac4f6bb3fe5d
72dac5f8-31aa-4ffe-ab7e-16dd0d2a0ff4	TCGA-09-2056-11A-01-BS1.1fd57fb7-230c-484b-8ffc-0448d813f60e.svs	159506673	Tissue Slide	TCGA-09-2056	2c3e5e1b3c3991dbbb0fb2b913f2aaac
63f958aa-79a6-463d-aca9-d3b633239ae7	TCGA-29-1691-01A-01-BS1.eec0bed3-fe05-4128-9bac-92a84c021875.svs	120112099	Tissue Slide	TCGA-29-1691	bacd6a5744a0424233064026a228b147
d9be70a5-e6fa-4f87-85fc-ff3453cc789b	TCGA-61-1734-01B-01-BS1.b87c0b56-cc73-49de-a3b6-0e13c5c4c94f.svs	175274529	Tissue Slide	TCGA-61-1734	e783f91e53267da27efe1346e41f31e8
3698a9fc-cdc3-4f80-af43-43b3f80e9b43	TCGA-09-2056-11A-01-TS1.5fab879a-053f-4c1f-a140-31793a6e45b9.svs	260693057	Tissue Slide	TCGA-09-2056	2b865b2daacedeff99cd1067240f0a9f
206d77ce-5f98-4d66-b6d0-9f63f803439a	TCGA-04-1360-01A-01-BS1.32677417-9160-4af7-8303-23c9af76dcd7.svs	79103863	Tissue Slide	TCGA-04-1360	e1fbbe868608f2bf684c2c4bd3e91f74
97fca232-4416-4327-8ba8-03c7dc01f5ac	TCGA-61-1730-11A-01-TS1.a0fc6875-c330-48d9-afb0-db8315dde437.svs	97715995	Tissue Slide	TCGA-61-1730	1ebf04c630662376ce4414c865e53265
e4263b29-493b-4b42-8d94-fc4d85ad546d	TCGA-13-1817-02A-01-TS1.60da8c5c-3bfa-476e-840a-f4884514599d.svs	252130519	Tissue Slide	TCGA-13-1817	b66f24e87deeeafe8d128e85ca4678f9
6f3ccb31-698b-431f-b785-2aace727bd24	TCGA-13-1817-02A-01-BS1.2f9967b6-cb04-4d01-ad90-52c30ee97836.svs	342448307	Tissue Slide	TCGA-13-1817	a5d3fbb93fb2ae20c3989371bed84af4
bf13625a-73a5-4dac-9695-f8b7cd82246c	TCGA-61-1916-11A-01-BS1.5214e5c4-99e5-4841-bc23-e8b85676c6bf.svs	47775015	Tissue Slide	TCGA-61-1916	b1ad873c0c9a282ea09a9168b2860df6
131cc077-16f2-4ecf-b86a-df75ebb0c818	TCGA-13-1817-01A-01-BS1.c86e17e9-0cf6-402b-974d-1f00d6b16a0a.svs	241126349	Tissue Slide	TCGA-13-1817	3d4172bf370616be1f8380ee83040aef
8cfcfd27-4baf-4886-8ae4-409270d47886	TCGA-61-1916-02A-01-BS1.676672ea-6bd9-4ec5-b405-460e6873010a.svs	147694879	Tissue Slide	TCGA-61-1916	132020fdf49e54d15aa22fb3cbddc07a
d78dac31-fa4e-4c52-8e69-9b9af78213eb	TCGA-13-1817-01A-01-TS1.ca3b2fe2-3d4d-42e8-b292-2f9ce45ed5d9.svs	376562679	Tissue Slide	TCGA-13-1817	c2ce6fb5ca834f3b0905d9c8a1dcb112
1d51d527-f2f5-45d7-ace3-b8a3c5c44276	TCGA-57-1992-11A-01-BS1.5bde7102-0e67-4a0f-8804-21be2a137f1e.svs	436004227	Tissue Slide	TCGA-57-1992	39a1211414c8e4ce6fe4a976ca547da4
bac4152d-d368-469e-a1a0-2d24a4a3d685	TCGA-57-1992-11A-01-TS1.4126a0b7-7adb-455f-a8e2-5a945440e80a.svs	320105671	Tissue Slide	TCGA-57-1992	d7e1cb24f6c232f4f46b2337a3b2c1e0
66f3362c-2ee3-403d-9c1b-9faf64642d19	TCGA-13-2059-01A-01-BS1.f4a0b6c4-94ad-4412-ba8d-369e518af8be.svs	457251629	Tissue Slide	TCGA-13-2059	cbc7973847c78a17d5caa41229118170
6f7821c9-b2b9-4b0e-9383-0f418c1cab7b	TCGA-04-1364-01A-01-TS1.9fef64ee-6549-4b5b-a306-401d62d57d92.svs	185082425	Tissue Slide	TCGA-04-1364	425aa9250b988f96dfbb7db1edea4463
5bf0fd26-d8a8-4262-9ba0-ec02d9625958	TCGA-24-2298-01A-01-TS1.17f016db-5fb5-4bdb-a5b3-5d3ae85e69fb.svs	108305353	Tissue Slide	TCGA-24-2298	44f3e3a084e0625506e4cbe1b1426ec0
4d3fc78c-5d40-4ebc-8990-d6ee8ec6aa1f	TCGA-61-2095-02A-01-TS1.0194ea0f-cd29-4eb5-b91a-c5309eb368c9.svs	111578951	Tissue Slide	TCGA-61-2095	998e08adf900ee723d5fbd3b545c37ea
1db13a0c-2fae-4c1b-aedc-3eb6abfe3e33	TCGA-04-1364-01A-01-BS1.d155a2aa-3dd7-4418-9c71-d6529df0f381.svs	110873965	Tissue Slide	TCGA-04-1364	13879eb10f9c3410ce661c9ec64556a0
c49fcddf-8af4-4494-8942-79c2aa327f80	TCGA-29-1707-01A-01-BS1.e2caa0ac-ca04-4331-8079-1fd41c086c9c.svs	134160129	Tissue Slide	TCGA-29-1707	847ddb05202e6556937ff26988d23073
0766b689-51b5-40c7-bfe4-361661faa1cf	TCGA-25-2390-01A-01-BS1.755bb36f-5911-414c-bef6-6a1c330300be.svs	243134057	Tissue Slide	TCGA-25-2390	7d5ebd01bd4e19275e682fc2f944e071
2f9297d0-4623-4e10-a8e3-268bb84675d4	TCGA-24-1852-01A-01-TS1.f1175914-dced-464e-b2f3-db266ce7e3ae.svs	55750403	Tissue Slide	TCGA-24-1852	df1075f1211e0bc5ef56c8621f45578d
9c00e23e-e79d-4403-836b-af95a5710cda	TCGA-25-2390-01A-01-TS1.44ca2fff-b319-4e21-966f-ebbd17ff7c73.svs	133057843	Tissue Slide	TCGA-25-2390	2755d45bc6dce9c85c40b5102f848234
13c2304b-6dc3-403c-8d60-b7396b2ea718	TCGA-61-1721-01A-01-TS1.eacba516-57de-4a57-8c1a-28d301941281.svs	175285865	Tissue Slide	TCGA-61-1721	61addd2a91b70af42922ff20b3c757fc
65084cac-27d5-4f0e-8609-c612b0f85e9d	TCGA-23-1023-01A-02-BS2.1a4fa055-18ac-4c34-aa07-3e6fbba79d49.svs	178632929	Tissue Slide	TCGA-23-1023	64cf3e9c6518eb95c608516dcabdfa03
cd084f3e-484c-4960-a80c-36f46e5215c4	TCGA-23-1023-01R-01-BS1.3d1eee4c-c054-420c-bf05-2cf25dc53305.svs	26036153	Tissue Slide	TCGA-23-1023	0d21d09904848f2ecadd782661105295
9893a177-2728-4b6c-9f0f-661277462266	TCGA-09-2049-01D-01-BS1.0b95b2fc-559a-4eb8-becd-c5affbec4009.svs	148227839	Tissue Slide	TCGA-09-2049	f0a1cfb5e45bc164804ae67baa26d342
6e422fcb-dabc-4f3f-b8de-34e588737d4b	TCGA-61-2008-11A-01-BS1.49ff86b0-b714-4c97-8556-64f6e4e60128.svs	121153847	Tissue Slide	TCGA-61-2008	7765df82100067a19523c2d7e8ea6a74
8bead199-3847-47bf-86ac-60fd091641a9	TCGA-61-2008-02A-01-TS1.f04bb94a-6caf-4ba5-a918-08db1b26b964.svs	199519111	Tissue Slide	TCGA-61-2008	6f35b3e408d7a3b21a694a402362ff61
c571ac17-1de5-4f5f-a5b4-d32c7e49443f	TCGA-29-2435-01A-01-BS1.b317672c-b196-428f-9c3f-077fdd24e96e.svs	149851553	Tissue Slide	TCGA-29-2435	3168e082978ff93618a23bf18aa52571
fc83f492-2b41-4641-9c2f-7cd2ec79e575	TCGA-61-2098-01A-01-TS1.a353a944-d562-4992-bea2-6c23d01c685a.svs	174546649	Tissue Slide	TCGA-61-2098	abe7311b680d2843227e03dea486c6c6
ca5d644f-c432-4b9b-afb8-0f4d6c45c6f3	TCGA-25-1635-01Z-00-DX1.D21D2855-43F0-4766-934A-3CE1E3A099B9.svs	3257709758	Diagnostic Slide	TCGA-25-1635	4271ab1ca2413b13d0fb62a543cc87fe
283d3a7e-7acb-44c1-aa6b-4b09a5024310	TCGA-29-1770-01A-01-BS1.60fcddf8-3637-40ae-8ab1-135c28d702e2.svs	231737747	Tissue Slide	TCGA-29-1770	8a498cddce1923c5e924148484473ba2
cefcee5f-7abd-497b-9a56-6ca36bbe29e4	TCGA-61-1722-01A-01-TS1.2749dee1-49f3-4cd0-9f3d-5db3c7dc18a4.svs	174136597	Tissue Slide	TCGA-61-1722	1329a47f447e4f606ea6eb9e52401d06
42483226-bba9-459d-a6b1-f5d27bdfd333	TCGA-13-0791-01A-01-BS1.5d2a48a1-4b81-41bc-98a4-89926f0327d4.svs	201712647	Tissue Slide	TCGA-13-0791	698b00f926f3206c26ec36bdda96c278
26a4eb0f-40df-44ca-8284-264058c418c9	TCGA-23-2072-01A-01-TS1.b7966d72-b2e2-4aa7-88c7-7fc386aed4c3.svs	171089019	Tissue Slide	TCGA-23-2072	32a3a22520f7598915eeb556f39510e1
8ca22ad5-3ad7-41a7-9b82-3a6273957751	TCGA-25-2409-01Z-00-DX1.34FFD6A9-4919-4DF5-8415-215CC833F12D.svs	3432072424	Diagnostic Slide	TCGA-25-2409	61282c5deef8c960ccf52f259e827a7e
4cbd38ae-164d-43be-83db-5577bfcedf78	TCGA-29-2428-01A-01-BS1.e5b6420f-0b66-4b78-b396-6bf8a075f55b.svs	305150287	Tissue Slide	TCGA-29-2428	7c0016efb25ab31c68e22a030485e690
8e2ee362-0e8c-4332-885e-cbc953c6ec43	TCGA-13-0766-01A-01-BS1.50c7234c-9da1-4c26-8ef8-137c0c0c07e8.svs	240984345	Tissue Slide	TCGA-13-0766	b7c56d05ad7b73594f5e60012e6129a4
fdfdd2db-3e6c-42ae-ab43-318442d02166	TCGA-13-0766-01A-02-BS2.3710a5cd-90f0-4d8a-9b23-a85b0640f834.svs	144162307	Tissue Slide	TCGA-13-0766	4772e1f887ebd956aeda1ba25908d622
d78c69bf-bddc-42bf-89ea-c782891714df	TCGA-09-1673-01A-01-TS1.6c3902a7-444c-4d7d-97c2-4d1dd7c9e19c.svs	375927813	Tissue Slide	TCGA-09-1673	21f3e9515823ee84f9d2f10e044eb4c1
756512b9-2977-4f07-a96a-34bc59328874	TCGA-59-2351-01A-01-BS1.2bc77b82-f44c-4879-ae75-4d55872e6a9d.svs	162334795	Tissue Slide	TCGA-59-2351	04b22576830f95a2500cb346da10b4ad
a2140bde-709a-4f6f-8bdd-9ba011491da2	TCGA-25-1870-01A-01-TS1.e29642cc-97ec-4d8b-b09d-ba85be57dd44.svs	80928775	Tissue Slide	TCGA-25-1870	04349e24b8b92b9dcf1e851b343232ab
6075c48a-170d-40ac-a041-ffcc87f8e8f6	TCGA-04-1350-01A-01-BS1.5c94303e-4b9a-48d9-8e64-2541eade8a6b.svs	148174631	Tissue Slide	TCGA-04-1350	9e59e4c56eb1c84f6340e88023feec30
c20422af-1990-4809-bb94-f6704db52e38	TCGA-30-1892-01A-01-BS1.eea7bc4a-8967-4b50-a476-e5ce862958d9.svs	112963105	Tissue Slide	TCGA-30-1892	bdeaa26ebe45c8f4f667078f3c227038
6893d507-4049-4f22-9c59-2a872096f76a	TCGA-36-2548-01A-01-BS1.9bea9937-f2b1-4ff5-9170-9dad430da5dc.svs	230756685	Tissue Slide	TCGA-36-2548	2c5dd4975723d916291621e86fd78fee
bf1900c6-9cf6-46f3-bec9-f89eba114e37	TCGA-13-0803-01A-01-BS1.163abc06-9d99-440e-92b6-628f60f4aa5e.svs	246199199	Tissue Slide	TCGA-13-0803	00a9e933de8248013b246eacbc401a40
9bc15af2-7c43-40cf-9caa-c53260b2b33f	TCGA-36-2532-01A-01-TS1.8088be0b-48e1-4af9-85ec-ebdfd87d6dc2.svs	1049824977	Tissue Slide	TCGA-36-2532	c6749dee80ce722b4a7c1c13042c6c28
3c67ed84-79bd-4008-8630-b90fe80f24bb	TCGA-36-2532-01A-01-BS1.acb0df6f-8ce4-4af7-a5d7-95aea55596a5.svs	415500775	Tissue Slide	TCGA-36-2532	deea5e6c55be1ed83e9dd604db07d197
b451a472-a375-4690-9a88-4a3b08bcdf70	TCGA-24-1463-01A-01-BS1.18fd488c-a7e7-4254-9e9f-2fd4b0cf1496.svs	328824225	Tissue Slide	TCGA-24-1463	24a5592d17efa4cbcc8b636aa3dc2a89
f86ea865-32e5-4113-a82a-67e93688daff	TCGA-23-2079-01Z-00-DX1.01383205-B7A7-4529-9207-880687650A50.svs	1586922623	Diagnostic Slide	TCGA-23-2079	90f8bcec36e8f54c891a8dba23e3c7ed
67d249f9-e114-4f5a-ab14-d1d9d9447c6e	TCGA-29-1704-02A-01-TS1.ffd35254-8d90-48e3-a233-c82c2ca0affb.svs	36501851	Tissue Slide	TCGA-29-1704	0399508988f8bd456422facfcb296e36
16f6fa09-c52b-4ce6-9314-23738f582757	TCGA-23-2079-01A-01-BS1.5bdeb54d-adb7-45fa-9fb3-842106e43ad9.svs	70683177	Tissue Slide	TCGA-23-2079	dbf25e0b54a8254e6f92cd0bd1e661e3
31d00e74-6b25-4ff5-a5de-6c3c576d8b2d	TCGA-24-2027-01A-01-TS1.d6d55952-e8db-460f-aaff-9cc1b9044610.svs	41669453	Tissue Slide	TCGA-24-2027	eef0546d54578eef4852ddbec6b3d265
59c454d0-8fca-4746-8b4d-2b15b1e4eb9d	TCGA-24-2019-01A-02-BS2.521fa96d-e555-496a-822f-d56f2f48d6bd.svs	163083649	Tissue Slide	TCGA-24-2019	cb720e81fbc3787a4ff91550aef9b7d3
777572f1-83bb-4eae-a374-b9f1310be1be	TCGA-24-2027-01A-01-BS1.84920977-5b25-4424-a913-41bc08ac0250.svs	192323081	Tissue Slide	TCGA-24-2027	8196bb709489f9133308ab8be7f07617
24b3af3b-c157-4120-bd89-c1046174dcb3	TCGA-29-1784-01A-01-BS1.5eb21daa-2637-47ca-ada9-b987cd1621ee.svs	289398529	Tissue Slide	TCGA-29-1784	8386930d5dc2074eee93e5b3aabe9b5e
0aeb3051-a7d4-4a6d-8822-44371581b1b6	TCGA-61-1918-01A-01-TS1.1f691318-7bee-4a1f-a5ef-09a24185d119.svs	136927409	Tissue Slide	TCGA-61-1918	0ceb5bc50e29fb25f0231934093e31be
8cc6e81a-319b-4606-9da5-5e20ff9b433a	TCGA-04-1536-01A-01-BS1.269c835e-ebb2-4a0b-a428-8eacb2774937.svs	159093149	Tissue Slide	TCGA-04-1536	a7b031d38f30b2eeee1d21bff1acc4d8
a12eeda7-1954-4129-a12a-8cce00d4f25a	TCGA-24-1435-01A-01-BS1.3429e07b-d614-4c41-bf6e-9bfb4fc1e325.svs	261160149	Tissue Slide	TCGA-24-1435	f9c8ffae59db6458515ce7bc5049991f
57beeefd-4e25-4a64-a5a9-fb31107d61c2	TCGA-24-1435-01A-01-TS1.d678e541-f8bc-4a7e-87ca-e1df06b156ec.svs	418259435	Tissue Slide	TCGA-24-1435	ed4086ea4c47876cafed0bc5353837fd
0d80c15f-732b-4993-bc2d-a03754e5daf6	TCGA-23-2641-01A-01-TS1.b9c56790-b746-457a-a8c9-2d20b6a2b0ab.svs	130930341	Tissue Slide	TCGA-23-2641	5d31227498e7f3c0d1d3441e5001c892
ac4339d2-2941-4a76-bca9-c35823e45a3c	TCGA-23-1031-01A-01-TS1.8cff6ca1-8a40-42c7-b537-38c25f5301a1.svs	72149871	Tissue Slide	TCGA-23-1031	39fb51eb6c744a6a86d65b6257c9f6d0
126f9106-2d6f-4853-85ca-c40876436853	TCGA-29-1775-01A-01-TS1.781ef663-1665-4b9d-9077-8e96b71756b4.svs	73315891	Tissue Slide	TCGA-29-1775	20da7b85f0e2988686be85a7abd7d7be
6969b1be-b1fa-4c37-8872-dcbb84e6856c	TCGA-61-1995-11A-01-TS1.8fff91fa-d56d-42e7-b2ff-a5d605dc6bc7.svs	144847569	Tissue Slide	TCGA-61-1995	e3325ac469c2d9db30f90dd9c9db5b2c
d1dad4ea-d56c-4195-be34-570c6ec6dbfa	TCGA-61-1995-11A-01-BS1.c1d22e86-e842-4159-a648-349f1f932b08.svs	235157107	Tissue Slide	TCGA-61-1995	247cbc7edccbe617732ede4e9a27dc85
1e6409c2-9bc5-4ac2-9e0f-9d50c81da280	TCGA-57-1993-01A-01-TS1.26748d79-df35-48ad-9c58-57203a229d85.svs	107592869	Tissue Slide	TCGA-57-1993	ba4b6b8dc1d65cf8c12862617dd4725d
7165a6c2-a385-412e-a68f-e5bb329e19db	TCGA-VG-A8LO-01A-01-DX1.B39A4D64-82A1-4A04-8AB6-918F3058B83B.svs	133282492	Diagnostic Slide	TCGA-VG-A8LO	5cb848efd1634e0fe3cdc87afe7266d1
5b8e1bb5-781f-4a20-90e6-df7897951607	TCGA-VG-A8LO-01A-02-DX2.9B58474C-DAC0-4D45-B13C-0A1EA9E1BC32.svs	225422354	Diagnostic Slide	TCGA-VG-A8LO	0740651ba0311234a68d1d034fb01561
14c60154-3f52-4acf-9d4f-a21370957c08	TCGA-13-0884-01B-01-TS1.4bcf3062-6cc6-4759-9515-4d1674763ca5.svs	249822771	Tissue Slide	TCGA-13-0884	c383a260c14d4bc755a83423b1b3fe53
e9a7531c-733a-4824-a9ad-3806f2f67a18	TCGA-59-2372-01A-01-BS1.c071ae8f-1a61-4e9b-bb18-c5bc3643dc2e.svs	109067695	Tissue Slide	TCGA-59-2372	91405e7758c64186a73c018e50715040
45033ef2-fa88-4743-869c-2ff38ed81f57	TCGA-04-1654-11A-01-BS1.f4110146-86cb-4b7a-97fe-dc6ad4d27765.svs	51918361	Tissue Slide	TCGA-04-1654	1e61f9d4af4a18d82fd3d7eafa2b6e05
14d86891-39c9-429d-9ca8-709d38dce47b	TCGA-13-1477-01A-01-TS1.40cfd8ee-5054-4b2f-9a66-0820397a0d75.svs	339010541	Tissue Slide	TCGA-13-1477	29d96b3cc56e5d0df23863ca0a5a47a4
7d6cbf48-fa54-4b7a-938a-45bdcd1d1a2f	TCGA-59-2348-11A-01-BS1.d89553e8-336f-4c2b-8f4a-75584583935a.svs	146569649	Tissue Slide	TCGA-59-2348	4d08a3fd58a934dc21d7f4de90a6e193
1f84133f-3109-48d1-922b-a7b7fcd65a0d	TCGA-59-2348-11A-01-TS1.e5fdf450-cf29-41ee-8c70-0a522dc78739.svs	113127139	Tissue Slide	TCGA-59-2348	2b10c6223124e07d2a91002013f70245
02dc3c23-e803-44e6-9651-ee8742372efd	TCGA-42-2593-01A-01-TS1.0aa136c4-90e2-49f3-adf8-73d334f9e6ec.svs	19198595	Tissue Slide	TCGA-42-2593	584ec7accd16228f85cf350351238ba9
c0dc855d-bd94-427b-a759-a2b341e133b3	TCGA-24-2298-11A-01-BS1.ec247a4e-1efd-40bd-a26e-3f825dd69689.svs	93967739	Tissue Slide	TCGA-24-2298	a5533d295e958767b27dfc828304c815
ed27525d-60cf-447a-bd00-f580ba328d49	TCGA-24-1852-02A-01-BS1.52881700-5ae8-41cd-b1f1-030018c7dce7.svs	177291401	Tissue Slide	TCGA-24-1852	35f7bac1e8ad737f17d48765f5e043ae
adc97d71-8910-406c-b8da-54b16d13fd59	TCGA-61-2008-11A-01-TS1.7d627c98-07a7-4238-aeb9-aa43b96a54bc.svs	112110035	Tissue Slide	TCGA-61-2008	031ea3449b57cd386e843a3564c4911b
662b18b5-bbef-441c-92f1-b43c807b2e62	TCGA-61-2098-11A-01-TS1.e7f9af98-ef12-4798-84c2-991d812f4817.svs	77711227	Tissue Slide	TCGA-61-2098	d1a28c1c1266ea6575c8ad8359e0225a
3d699421-e87a-4643-a126-5bd22b3951e8	TCGA-61-2098-01A-01-BS1.7640aaad-f469-464d-a0cd-efee54d913b9.svs	206138119	Tissue Slide	TCGA-61-2098	e26830726eb6a0b079a9d998e27f276f
3acfb6c4-a58c-414f-afff-ce59d1f20245	TCGA-42-2588-01Z-00-DX1.e0bd9f78-2078-4bc3-867b-136d117f7b13.svs	252398217	Diagnostic Slide	TCGA-42-2588	c65c13eef503650df388f9c0a3f7e8aa
89035cbc-2d0c-4d7f-942f-26764e8d50e6	TCGA-13-0791-02A-01-TS1.2c967bce-c53e-46b7-9c10-624628f031b2.svs	127267987	Tissue Slide	TCGA-13-0791	e4e531ed6241a10eaed6ed9915346a11
3232d9ca-014f-4bac-86b8-abe604619353	TCGA-23-1116-01A-01-TS1.e0a68198-f101-4469-9dbf-f9b0c9c8ca63.svs	86394107	Tissue Slide	TCGA-23-1116	19c2d8a792ddc2a7f7e62442dc223522
4d32d69d-e118-497e-9f68-90c5e94ab54e	TCGA-42-2588-01A-01-BS1.e2068a61-9aba-438b-97a0-a96ade88c47d.svs	142883561	Tissue Slide	TCGA-42-2588	befdf407b9c722b9366f95f38d8e52cc
59221081-a129-42e7-8cf8-b14de621adb5	TCGA-29-1781-01A-01-BS1.cfa47f58-9a94-4faf-ad7e-2e5901d649f9.svs	131218559	Tissue Slide	TCGA-29-1781	cb4eb62bac2c1bf3beedd20342ad9b0a
1c610d80-8b2f-40dc-986b-605771f66e99	TCGA-57-1586-01A-01-BS1.fea4c08b-05ba-4dde-943f-c01766ffac06.svs	312334807	Tissue Slide	TCGA-57-1586	30d7d1d7e5b29bfe60c41071db1e10a7
7a365a06-d62f-40ba-a3b5-40df873a4932	TCGA-57-1586-01A-02-BS2.e764dd3a-c4f4-4243-9ec1-8f62274fb5ab.svs	176860883	Tissue Slide	TCGA-57-1586	02d271f953e04de0c14c5f0e3ed3b0bb
0f395fd8-0944-499b-8a4a-98a09dc467f2	TCGA-29-1781-01A-01-TS1.9de32ae8-99c2-4de0-8dfe-0a7431145cce.svs	84527061	Tissue Slide	TCGA-29-1781	b32466660f514811198617d3467b01f6
fe781c6c-ebf2-464d-9550-2809dca3145d	TCGA-57-1586-11A-01-TS1.dc79cc66-933d-40a9-80c1-501c3bae5334.svs	97159841	Tissue Slide	TCGA-57-1586	37597b081b111a1800a2d5052442476d
87294280-a32e-4f17-8208-dd751179ab67	TCGA-25-2409-01A-01-BS1.91c79a10-fdff-4095-929c-b1b1e1c3b9a0.svs	492518619	Tissue Slide	TCGA-25-2409	0e229f836abcac26b02871b6030e29d5
f4143077-d23f-4099-b24e-87c1ead56ad6	TCGA-24-1603-01A-01-BS1.10b614a2-04d5-437a-896b-34d0ecf2db37.svs	191220211	Tissue Slide	TCGA-24-1603	cb0bc0329e4211589d32d57876a8f6b5
abf5c79a-2891-4379-aa1e-3318d5850f88	TCGA-WR-A838-01Z-00-DX1.5FE22DE4-CEFB-45F6-9299-505023A8F3BA.svs	997188345	Diagnostic Slide	TCGA-WR-A838	864b1750e4017eab7b5dafbdaa96d897
a7ab0692-e188-4712-8dac-f83547f03eb4	TCGA-20-1687-01A-01-TS1.5f56bb43-6913-4695-a791-568daa718090.svs	98356011	Tissue Slide	TCGA-20-1687	77b279ac0841afb949bfe64006de143d
6469d550-6a66-4789-a385-bf7181fc73bf	TCGA-31-1959-01A-01-BS1.13ffdaa0-16e9-4e42-b74a-bd8374cbbf8f.svs	59566501	Tissue Slide	TCGA-31-1959	3d2815581e4f2703b15c016fd39fd23f
07298007-12d5-4b0a-868f-4cba452d802f	TCGA-61-2017-01A-01-BS1.764953cc-47dc-4965-96d2-6dc47b61852f.svs	134571599	Tissue Slide	TCGA-61-2017	00cff5c2f00e87baa3e2f662491e6810
202cdfee-b669-451c-b354-851cb7aaf802	TCGA-24-0966-01A-01-TS1.c31b0a81-6484-4f31-a765-008b25eb5f1e.svs	58694243	Tissue Slide	TCGA-24-0966	42dcde04e4fd172a1dcb5f4cf2b22526
3170f418-ead5-48b7-9e49-6bc256f36e75	TCGA-24-1416-01A-01-BS1.9af08ca1-7925-4689-9ade-e5a848e9ca19.svs	160023955	Tissue Slide	TCGA-24-1416	d3d86ff3007ce6ac4adf69bd91dee64d
2e11dfd4-2e55-4f3f-bb28-556e1dba7446	TCGA-13-1411-01A-01-BS1.6ad1b17a-2edc-4e90-a769-781e192666b7.svs	339582147	Tissue Slide	TCGA-13-1411	36f1431d312c52c33227c49e70dac0a0
4697f441-6fbe-4f44-bd90-155b15c27ccd	TCGA-13-1506-01A-01-TS1.d6daf712-ccb4-4ecd-859f-c24b37baee13.svs	223181415	Tissue Slide	TCGA-13-1506	5cfe329db9feff8095efd43880463dd0
45479561-bc21-44a1-8af9-4b46ccf1850f	TCGA-04-1347-01A-01-TS1.c1c1b478-dc0f-4680-955b-2a40aeece34f.svs	128083711	Tissue Slide	TCGA-04-1347	065d5866db657b8e9a971ca7d6baa898
30b17e25-3a03-466a-a895-49ac603accc7	TCGA-OY-A56P-01A-01-TS1.8A88DA85-D084-483A-9552-CEBA164F1783.svs	402736163	Tissue Slide	TCGA-OY-A56P	2bc1f6c910bad90408830bd8630a5f6e
71f2bb56-f0aa-41b9-a36d-b94456c62d18	TCGA-13-1495-01A-01-BS1.ae354aba-3dfc-4e7c-a02b-bfa4d5562264.svs	371822975	Tissue Slide	TCGA-13-1495	19c440942cdbac3aaace5312854f4aa6
7f37a62f-07d9-4fcd-bce2-49c1a2948ae7	TCGA-13-1495-01A-01-TS1.beca9d8a-6867-45d1-a81e-03dc4e7989b0.svs	707314937	Tissue Slide	TCGA-13-1495	3d2eab664073b827232c6824d633638d
e313a950-9ac9-4668-b650-0bec2f3bbad0	TCGA-59-2351-01A-01-TS1.966e6ef8-f18b-48d1-86e8-f9c626a4f7cc.svs	155322793	Tissue Slide	TCGA-59-2351	6016daca0c69fe32f8e5a108a8bb3274
f231af0f-15d2-4bb6-9d49-7ebe65c35198	TCGA-61-2018-11A-01-TS1.5f4f2d8a-4863-4797-a861-9009de4e019a.svs	85764833	Tissue Slide	TCGA-61-2018	2df2b554218e6dd268173734afe07d98
49400e4f-b0f5-496c-b8e1-77d7be37396e	TCGA-61-1906-11A-01-TS1.6052cb86-ba60-4a76-a2ed-2b98c5590fc7.svs	72781619	Tissue Slide	TCGA-61-1906	8dac9f4c90218f5ba816b8b0575ec6b4
bc0acd0c-9da2-40e9-a15e-f1e58ef15bb6	TCGA-61-1906-01A-01-BS1.925b4bd2-67ec-4004-9550-bf52442c594d.svs	127447263	Tissue Slide	TCGA-61-1906	278052ac59e482ae522cace18d8e1b0d
175c2a31-367e-46c1-a2fc-3893036619ba	TCGA-25-1870-01Z-00-DX1.780BB62D-71C1-4B21-A2F4-61AC4B0234EE.svs	2120321276	Diagnostic Slide	TCGA-25-1870	c240f2613e3d50e4ca5b5cea4299995d
5fd16cd9-631a-475a-90fa-3c845f8ec40d	TCGA-04-1652-01A-01-BS1.fb25d8c5-3ac6-4783-a946-af40e87e504c.svs	153609849	Tissue Slide	TCGA-04-1652	485732d1ab214f106a1f810ba4707c92
a5ab8e9e-f606-45c1-a701-56ae307380fd	TCGA-25-1870-01A-01-BS1.d4ab8919-bcf7-440f-af7b-f66bc835ccfa.svs	40546241	Tissue Slide	TCGA-25-1870	0c622e24b53501c554e9d2e1dd8623fa
0a825494-17d5-497c-8089-68690a41c14a	TCGA-04-1350-01A-01-TS1.0013c195-a6a5-45d3-8d87-1025e5a8f258.svs	151337635	Tissue Slide	TCGA-04-1350	a3ced5f478c37301f85cddf350c95ec9
8ffaafed-a62b-4860-9f2c-de055626ddc6	TCGA-09-2055-01B-01-TS1.5dd901ce-9661-494a-abd2-7e2173f14a97.svs	182995201	Tissue Slide	TCGA-09-2055	22010885756ac8f56c1e2f40226a7eb4
d1a7e4c8-0d91-46df-89cc-1db7f22bfd75	TCGA-25-1320-01Z-00-DX1.30C154CE-C75B-4815-BF05-7D011B761993.svs	4056272902	Diagnostic Slide	TCGA-25-1320	3676956389b7df838d88431a65f5e252
0efeae47-39a4-40e4-a6d2-23676d033e33	TCGA-61-1736-01B-01-BS1.e4d5faf5-250e-4f99-bf5e-72d87d5ee298.svs	182387311	Tissue Slide	TCGA-61-1736	e8dfdfe4b44d17ff6408d4de025a66bb
1e21b38d-b93a-461a-8a95-dd2a765c6b96	TCGA-61-1899-01A-01-TS1.f6f01d9f-0081-4e4c-8dfb-7959e4d99517.svs	326915201	Tissue Slide	TCGA-61-1899	58d1196bcdca50369a535a207316cdfe
150d6a92-d9ff-48b1-bf89-fad6f20f05bd	TCGA-36-2544-01A-01-BS1.f3f68c7c-46c4-46fd-a4bc-4d47731fa233.svs	292317143	Tissue Slide	TCGA-36-2544	312f2976b4054312f0763f25f140e437
7ab7ce8b-1085-401c-9272-dbdfa68caf0c	TCGA-09-0366-01A-01-TS1.8221da81-0e4d-48fd-a814-123e49fdb0b5.svs	76328117	Tissue Slide	TCGA-09-0366	0c769c1bd9f2ffd11e4beb1ba01ce6bd
79daeea6-1617-48e4-af41-73a790f28a1f	TCGA-24-1850-01A-01-BS1.1229a1be-6ac6-49dd-a170-f6a6c4cf796a.svs	228784115	Tissue Slide	TCGA-24-1850	603e57c8d3d78b4a34eaad77d38eeb58
ea22cf79-61e0-4fd8-9ab5-0714df6dc344	TCGA-30-1892-01A-01-TS1.65549f07-9148-43b5-8c8c-94d17148a918.svs	59289365	Tissue Slide	TCGA-30-1892	eb2272eaf00263958b9c4ccf5455000d
3e0b6d85-1980-4d12-bb3d-8cdf7c7cfdc9	TCGA-29-1769-01A-01-TS1.11d4cb8d-65cc-466b-b776-9488e40cbd13.svs	107678077	Tissue Slide	TCGA-29-1769	c0b547cc0570184e343b0bd0e731a0fb
b4da80cb-bab2-4ec3-b371-b132d9c616d9	TCGA-61-2101-11A-01-TS1.3fd8a8ff-dcef-41b9-b812-ae7329e7808b.svs	46086035	Tissue Slide	TCGA-61-2101	c782c90cbeb4d78fe73bc534560ad44e
aa690ec6-6514-42f3-a5f3-a9197a394baa	TCGA-61-1743-01A-01-TS1.86fa0bbe-e71b-4451-8b78-a801394d9a85.svs	219735395	Tissue Slide	TCGA-61-1743	ceeda55dafa20ad0531b284d0def001f
34493c3f-71f3-4939-aede-14b1f76ce7a1	TCGA-23-1111-01A-01-BS1.9949d5f1-ef9c-493a-b04e-3b617d2b30c6.svs	110358819	Tissue Slide	TCGA-23-1111	e21409211fc22a152bd64c96bf43cb94
3c3ca637-4f62-4fe8-8f83-275e0228d983	TCGA-24-1920-01A-01-BS1.21ed05c0-8ab0-4a02-b0d0-55889160377a.svs	177729899	Tissue Slide	TCGA-24-1920	7ce633091b3e7d4637159c4923bb25e3
05b50e92-4f8e-4cf9-acbe-f745de98fe0b	TCGA-61-2087-01A-01-BS1.66b8d6fa-b7e5-45b8-bf2c-4effd7cab000.svs	219436207	Tissue Slide	TCGA-61-2087	105e9e80c5f47212ba00f61b97c72b9b
6ace375b-b305-4d36-be78-dba692bd2ce9	TCGA-24-2290-01A-01-TS1.298bd41d-f2e2-4db3-9582-62d0be13aa8c.svs	268407187	Tissue Slide	TCGA-24-2290	4ab6be8ae3088ea4e9f5f271bb1deec0
e968375e-ef58-4607-b457-e6818b2e8431	TCGA-13-1404-01A-01-TS1.cecf7044-1d29-4d14-b137-821f8d48881e.svs	407678969	Tissue Slide	TCGA-13-1404	2968c093f5598d3391cf65cf56fc45a8
50cbf7ab-3c70-4e1a-a4c1-06e45d41ca83	TCGA-24-2290-01A-01-BS1.f5d185e3-f27f-4ad4-9f81-8721b109da1d.svs	253240105	Tissue Slide	TCGA-24-2290	b05b4597b5cbe8d8ab9984ad78f1f1a3
604f9ae2-3af4-4c01-8a19-82e5e2a84206	TCGA-13-0916-01A-01-BS1.1f9f945b-dbd0-4bec-99c7-350d23343b9c.svs	451583607	Tissue Slide	TCGA-13-0916	89de276d542f0a237b0e39e7ac1cdb19
89760700-ff7d-4aaf-a962-3a819b35e620	TCGA-13-0908-01B-01-BS1.c5bc1ddd-1c6c-4ab1-aee0-e0885990e553.svs	170513471	Tissue Slide	TCGA-13-0908	4d4ab0ee12ba6485163304aab76b753a
1788bfe1-7437-4be2-bfe4-90b19d15f86d	TCGA-61-1900-01A-01-BS1.b39e97c1-2493-4131-a66b-67e95511ce4b.svs	257719259	Tissue Slide	TCGA-61-1900	4e8e0855667b604a4f194037af1cf721
73ccecef-7a42-42bc-a089-97e882b62de3	TCGA-61-1900-01A-01-TS1.cc98d24b-5f6f-4732-ba40-1592f7a5a538.svs	198458227	Tissue Slide	TCGA-61-1900	eafaa65f83d064d3a36a4e10e7342228
ff3d3854-e0bd-4709-9d8c-d8e41eecd1c1	TCGA-24-1463-01A-01-TS1.922365e3-495c-4005-8228-710a60603714.svs	283990573	Tissue Slide	TCGA-24-1463	9635d82c3e7d1080c8a6af58f87ae534
5f204a0b-b5ec-4c05-bece-6c0f32649121	TCGA-25-1313-01A-01-BS1.737ad7a3-621b-4690-aed5-2c8f6fe5a4e6.svs	379792917	Tissue Slide	TCGA-25-1313	39d316ef0aef89ca8beac5028d2f1a5a
0e6b5861-0101-4880-8ee7-8a2e258ff240	TCGA-61-2087-01A-01-TS1.26c76c70-e396-4dfc-8ed4-502656883622.svs	145687385	Tissue Slide	TCGA-61-2087	8ec0082afd513caf72f8e60eb80c407e
eace20b1-8443-4100-bf82-6f3340c4a21f	TCGA-61-2087-11A-01-TS1.2483c393-e08f-4ee8-a8b1-bde3db19841f.svs	98403617	Tissue Slide	TCGA-61-2087	2f2e02bbdb573971c9a90416576dfc63
976106df-992b-465c-96aa-5223dcb5222c	TCGA-59-A5PD-01Z-00-DX1.0A4D38A2-7B15-4550-B00C-4276485A9613.svs	1598181501	Diagnostic Slide	TCGA-59-A5PD	7222ef4fda4c9158af5b7a56f71c247d
396fde31-4447-46f9-87e7-be551f80b5d1	TCGA-29-1704-01B-01-TS1.59dc9d30-cd69-40ef-bcde-8aae0130251d.svs	41451119	Tissue Slide	TCGA-29-1704	0e4f362a0df7cbf00eef421932bc1672
9553cd84-3d3b-4638-b123-aa173c488913	TCGA-59-A5PD-01A-01-TSA.AB7FBB47-0D01-4FDF-BFCF-42FCB4DACF4C.svs	175229315	Tissue Slide	TCGA-59-A5PD	7ee227358a8f6ce4c84d5f417b44ad3f
a74b0dad-bf27-4c14-80bf-194f91004c0a	TCGA-23-2079-01A-01-TS1.65b34f4d-192d-4878-9b63-2d2e59ef22fe.svs	80876375	Tissue Slide	TCGA-23-2079	3d643e2d8cae01b2eb36215fcd8e5b2a
4c00dfa1-a735-4473-b469-47b3f0825dfb	TCGA-25-2400-01Z-00-DX1.AAD20514-6FF7-47A5-89DB-8AA15DCC101B.svs	2987536558	Diagnostic Slide	TCGA-25-2400	8b3ec0f09e90dc33dce90bbfd78fe3f2
0b76e05a-4a84-475b-990e-2457b04f9733	TCGA-04-1338-01A-01-BS1.7f2ab5c1-f165-468c-a413-b45b4059bb6f.svs	218950223	Tissue Slide	TCGA-04-1338	2b07f79b9bf53b8d19f31d433a14ae1c
50996430-7d43-425e-957d-78f81ea61985	TCGA-25-2400-01A-01-BS1.bff6af4f-f392-43f9-bb3f-955ee0871789.svs	330084741	Tissue Slide	TCGA-25-2400	b4434399f54c865d60a4f54d6846f5fc
9de839b2-2293-41c0-9f1e-56ac00cbd5f6	TCGA-04-1338-01A-01-TS1.33f6254c-7df6-4570-b2df-1dde268a9d64.svs	210610659	Tissue Slide	TCGA-04-1338	804b8760f8f02ee34860ab020a3bbda8
f8ee4759-a239-4f50-9cfc-56aa36da4c01	TCGA-61-1725-01A-01-TS1.99fc6def-5952-425f-ac0f-393aac908d99.svs	206957545	Tissue Slide	TCGA-61-1725	60a6723012047977014d7df4f409fab1
f57a73f9-8749-47b7-97b5-aca72d75e521	TCGA-24-1546-01A-01-BS1.5c73ae2f-2e1b-4666-a9cb-c02eddcd874d.svs	102627051	Tissue Slide	TCGA-24-1546	2a6654f6166a546a38945a1068610654
18d3f0df-966a-4ebd-a38d-c4328a843fdd	TCGA-61-1918-11A-01-BS1.d042b625-6a0d-4f2c-a118-6bee5be240f6.svs	65487209	Tissue Slide	TCGA-61-1918	d77a54c7322f7d36cb50536b442a3c57
29e53b6e-37fd-46a0-acda-6c6f16b05756	TCGA-04-1536-01A-01-TS1.08041de2-b6e7-434e-af1a-d616e2e6bf36.svs	214186187	Tissue Slide	TCGA-04-1536	5fceaf5655e17011372b36ef79a2643c
a0cbb76b-2c0c-4c2d-8f82-befd1c4953c7	TCGA-31-1956-01A-01-BS1.5fafa924-13b2-4b34-9930-1810a3ac5022.svs	120221261	Tissue Slide	TCGA-31-1956	adc5db0e295688ed760c6d3dbabb0870
4560ee3f-ec08-4cf2-b17a-1dd1c9333907	TCGA-61-1737-11A-01-TS1.75e75318-4d1f-4a7b-8258-6c32f463cb43.svs	44384631	Tissue Slide	TCGA-61-1737	d06b99e70b7558c1bd735a967a497751
fdf828be-4889-425e-9d4d-b5ac1dfb5dcc	TCGA-61-1737-01A-01-TS1.bea088b8-a989-4ea3-9f43-3ea4138a8c40.svs	69200933	Tissue Slide	TCGA-61-1737	917bda1c56c6e0242a70b3a8a82a13b8
6147104c-9f1d-463e-bdae-eb056f6e0092	TCGA-61-1737-01A-01-BS1.495692fd-b4aa-44fd-8373-fd64d0a04e02.svs	65060501	Tissue Slide	TCGA-61-1737	b99c81c976e467efa466657c11b62702
a74aec75-5b89-45ce-b329-343dfec0e84d	TCGA-61-1995-01A-01-TS1.28ee27c5-9f6c-475f-8943-62896f6d3239.svs	478843669	Tissue Slide	TCGA-61-1995	5a62dc96234b505056cf66559d4c6efb
8598a5ef-66e9-453a-a44e-8936f87c1af3	TCGA-29-2427-01A-01-BS1.18e2a214-81fd-424b-9df8-79f5cb01a124.svs	443558867	Tissue Slide	TCGA-29-2427	f6d1cf452e48cadc4ff5cc5a3240b5f1
e47263d7-a450-4123-b711-00124303fd3d	TCGA-23-2645-01A-01-BS1.79c6609a-a34a-4622-a913-16e37383bacd.svs	204962407	Tissue Slide	TCGA-23-2645	bc45dc81cb64d93e9f27b8ae63e30ceb
3cdca7cc-4c8f-4301-9c27-c9ebf385438d	TCGA-61-2002-01A-01-TS1.7f64b50a-e622-4523-ac97-24023925caf1.svs	107334605	Tissue Slide	TCGA-61-2002	613c34b9f78fa9d5896ae3dfa652ad93
6abe343d-ca67-497a-b419-a21e41fc71d7	TCGA-61-2002-01A-01-BS1.0ac8e44a-e0cc-44e6-91b7-32686289b3da.svs	123348019	Tissue Slide	TCGA-61-2002	60caeb6cc9e121982863ba3f966566a6
676fb1c8-7e30-49bc-bb89-e6f8dcd5966b	TCGA-61-2002-11A-01-TS1.8e429b91-2ceb-47d7-b9af-abb1380b1469.svs	179479793	Tissue Slide	TCGA-61-2002	f14c0dc21268c9462fb9e2d52639d358
a897c7f3-dc3d-4598-be88-6f79f7f527f8	TCGA-29-1701-01A-01-BS1.d847a62d-bdbf-4972-b4f1-4d817ced7de5.svs	166895069	Tissue Slide	TCGA-29-1701	df6c12cf95464dd8832b9d27302c8353
3a63936f-f1c1-4c16-b46b-7a26a5d4fc26	TCGA-24-2267-01A-01-TS1.1c03b8f4-baa7-4a37-9672-2b91f3ca0f29.svs	335536761	Tissue Slide	TCGA-24-2267	11613d63d9f9dbb2fe6d74606b87c90c
480876ef-b4d4-47da-989c-0e22895243c8	TCGA-24-2267-01A-01-BS1.d7bddc1a-9847-4aa6-94eb-c21e45e820c0.svs	381695061	Tissue Slide	TCGA-24-2267	5a8ce0e42592546c3b12e2d068be19e8
1d753c35-3b99-4df4-9578-d7bd7b4ba890	TCGA-29-2434-01A-01-TS1.977b3c22-fcc4-4619-8a7d-9df157592d55.svs	72344017	Tissue Slide	TCGA-29-2434	f81b759a5ed2d3bf342174c8b8e904e7
64e68c7e-fb84-4891-a70c-1ff41e4e7b1b	TCGA-29-2434-01A-01-BS1.e525d1fd-f14e-4176-8f11-a047dce1fb7e.svs	158367947	Tissue Slide	TCGA-29-2434	fde65c4e47c264f7643979b2613975da
6d01a1a6-21f5-48c5-9bc5-04c0ee9e3c96	TCGA-13-1477-01A-01-BS1.5e469773-19c9-47e2-a141-a9023f02fb54.svs	271941531	Tissue Slide	TCGA-13-1477	7f3fe97c77244dfed785027b197b9b21
394e8833-ebb0-4ff8-b755-397b772521ae	TCGA-24-2295-01A-01-TS1.69364dba-a012-435b-9111-75be45cbb42c.svs	56250661	Tissue Slide	TCGA-24-2295	f3e032140705bddde596609601d37336
df5a34fb-1a82-4c2f-82eb-68009d069bcb	TCGA-29-1711-01A-01-TS1.abf41830-7901-443a-a734-4696c4bc7893.svs	292166745	Tissue Slide	TCGA-29-1711	aa69f5e543e530f61302b37531b57af3
be451d04-445b-40c8-8350-b9bf1aa7e184	TCGA-29-1711-01A-01-BS1.cee261be-39be-457f-8b61-31eca4d7e795.svs	336503553	Tissue Slide	TCGA-29-1711	56fe43bdcc65705af7baa6655ce7538b
1b7cb928-abfd-4a50-9773-12db6b85a0e7	TCGA-29-2432-01A-01-TS1.6dd178bd-4bfc-4aac-958d-5499d87be5f2.svs	172476763	Tissue Slide	TCGA-29-2432	13fbf8bdc62a73396a2e0f877e413b60
f6b6ac38-8c65-4866-af61-d98cbe803f80	TCGA-59-2372-01A-01-TS1.f9bb37dc-a6c8-432c-b628-25a83fef88b1.svs	63944523	Tissue Slide	TCGA-59-2372	432824c95160aa03081a5649b52de90c
4a7c705e-9936-4f52-9159-d1ba2e78a217	TCGA-09-2054-11A-01-TS1.a1fb5b8b-d351-42a9-a009-2f7fe0b0b342.svs	50796057	Tissue Slide	TCGA-09-2054	2cde66afbdccc30627a173a8566ba4b3
47aa2f20-1799-4fff-8458-3d2bf5de16aa	TCGA-61-1917-11A-01-TS1.741221d4-6234-4070-aa2d-272f5330e5c4.svs	51829819	Tissue Slide	TCGA-61-1917	5ca44d00e021d42737f9f28bdfbbe844
4742fe49-c605-4b1f-9ac2-a8deb2a74210	TCGA-24-1923-01A-01-BS1.2f93d2e1-4288-44cf-b6c0-1b8e4d964e75.svs	123228541	Tissue Slide	TCGA-24-1923	43c99fb868d54935a2ff86111f6832b4
2e2696ce-79e1-4ff3-8563-3dc8f9b6eb3f	TCGA-61-1917-01A-01-BS1.f2019c54-70c5-4120-8bf5-8ec49d415ab8.svs	115519099	Tissue Slide	TCGA-61-1917	0d2bf9f474319e8159f433ef517df985
d1c2a221-ea41-4ec9-ba49-d504bf0f6f9e	TCGA-24-1923-01A-01-TS1.efa7fe61-eeee-4f33-a76e-def9e1e4347b.svs	218394369	Tissue Slide	TCGA-24-1923	82ec62db31968e5efa1ca98e5e6d9c96
673dff02-516a-4d46-abcd-b87c54672d7c	TCGA-59-2348-01A-01-TS1.3d166d77-0129-481e-b769-22faa586c38e.svs	118493843	Tissue Slide	TCGA-59-2348	3c7ecb7ccabc55e2a3596cfd59e9daa2
22f086a4-3fa1-4012-93fe-79318c305781	TCGA-59-2348-01A-01-BS1.2dd39e8f-db2f-4d2c-9799-c289a6d6d505.svs	158457805	Tissue Slide	TCGA-59-2348	e296d64773ddd7e9b22f8486eaf21851
3158b032-2215-43ea-886c-ff6f6e417b82	TCGA-25-1326-01A-01-TS1.0fbff408-12f4-429e-9d63-c51e858c6971.svs	382175913	Tissue Slide	TCGA-25-1326	a11fdad2f1486d61627075e59178bd8d
b36deed1-0993-43f0-9c1b-a44ccc6b00f1	TCGA-30-1857-01A-01-BS1.392b4bb4-7991-4797-b75c-ffe3d94a4599.svs	145783267	Tissue Slide	TCGA-30-1857	9689bad21af89acfd1dbcef6ddc431aa
c0b18393-5687-42c5-9da3-57d1c9877588	TCGA-30-1857-01A-02-BS2.c7ade19c-60eb-4fee-b487-879801460374.svs	118191077	Tissue Slide	TCGA-30-1857	543d988908464be69d79e2950c26b35f
0578df11-eaf4-4f23-ab25-19395cd04bfc	TCGA-23-1027-01A-01-BS1.ae48dc7c-b645-4baf-8aa9-e4db50ad6c3d.svs	129657487	Tissue Slide	TCGA-23-1027	6dbd00e62b9f626f6e3f4f07ac228ca7
dd6b7bbe-dd2a-42fe-8d3c-18638654397c	TCGA-61-1911-01A-01-TS1.ea4d8814-16d0-4475-b259-f228f8803b76.svs	309158577	Tissue Slide	TCGA-61-1911	d4dd263a557db28650f9948f29bb1dee
bbb60d26-58a7-4d3e-95d0-c12e725b4bba	TCGA-23-1027-01A-02-BS2.08a84ac3-d0b4-4056-b4df-ef6fa85c9008.svs	83869265	Tissue Slide	TCGA-23-1027	bced20e41de67f65e3547a8513e01a11
3baf9fe6-2939-40d9-91f8-b11f9fe0689b	TCGA-13-0884-01B-01-BS1.48ab706e-f243-4f72-b7c5-8b4a5b5dbcc0.svs	245637407	Tissue Slide	TCGA-13-0884	ce5bc716b1f1656b8ec5370a98b5030f
16600a3c-0131-43c0-9f3c-4e5b2c449e08	TCGA-61-2611-11A-01-BS1.13c59f48-5d1e-426f-a36a-4840672476dd.svs	169531037	Tissue Slide	TCGA-61-2611	004569bce317a440cfbb0a931e03fa59
0aa4709a-345b-4478-9b25-9de8c4826422	TCGA-61-2611-02A-01-TS1.b2205ed4-39b1-4276-a974-edd03dd8cb45.svs	55275727	Tissue Slide	TCGA-61-2611	ac5193b3d5be5f84b6b51435af16cd92
c5d567db-7931-48e1-89a0-a45bdee9a335	TCGA-24-1426-01A-01-TS1.365230f5-c1b1-4124-9ba5-1b86ae87e12b.svs	215546235	Tissue Slide	TCGA-24-1426	e73ffe12695bb126caad48d702dc28d7
6b6d2c20-1842-4e57-8929-8332dd2465b8	TCGA-09-2053-01C-01-TS1.195c7a54-114f-4e7c-a4f6-d7283fc4704a.svs	25004241	Tissue Slide	TCGA-09-2053	12fd233d2894c5269026ec5fe6299a51
c9711025-b2c1-4d3b-9ac9-5e129c497db3	TCGA-24-2038-01A-01-TS1.a774211b-82e3-4362-a5bd-7a7f8367fc3a.svs	105827381	Tissue Slide	TCGA-24-2038	d9e04a13edc8d54a0c0a2eb152e76f67
ba09b7f2-a514-427e-93da-b415cbaced6c	TCGA-36-1580-01A-01-TS1.b317174e-d87f-4853-bb63-edcaa569f579.svs	210035233	Tissue Slide	TCGA-36-1580	bb135a0430352b3ea7954ead50eb94b1
8131b95c-453e-4a27-a6d7-0a544cba109f	TCGA-24-1417-01A-01-BS1.23ab8e32-3bc0-43ec-8434-3a1fb7f54ffc.svs	182834023	Tissue Slide	TCGA-24-1417	1ad2c46548e8cab8f1ef1727c9cb1a7e
562ac1bb-242c-4048-9c7c-0a37d68dd875	TCGA-25-2392-01A-01-TS1.e2bc74f8-5f1e-480a-9daa-91508a8c7a80.svs	209741801	Tissue Slide	TCGA-25-2392	0219af3fac02cb8474115c62f415defd
44027d6b-ff58-47e4-98da-a0b8c41cb3bd	TCGA-13-1498-01A-01-TS1.c1a533e4-aaec-4ffe-aa78-2f5d3887d768.svs	208500521	Tissue Slide	TCGA-13-1498	359acd81ec3140bca948a613d87f3c5d
2915a13c-2e75-485b-90a2-b46cef41b612	TCGA-24-1544-01A-01-TS1.5c0e797d-fd2e-4368-8b27-b77ad0cd4601.svs	86725405	Tissue Slide	TCGA-24-1544	4eb614424910ab6e658ca2954a595900
70e6cad6-1fb6-421e-8011-e8253d014989	TCGA-13-1498-01A-01-BS1.860b1710-d464-4027-b6be-02694c7027a3.svs	148189645	Tissue Slide	TCGA-13-1498	0eee03659fc7ba047a35a59811b73c38
fa2ae591-611c-4f2c-bfc9-a67264fe88dc	TCGA-04-1337-01A-01-TS1.fcf8e211-01f7-4937-b0b1-7a18fd936c09.svs	155923781	Tissue Slide	TCGA-04-1337	048135f9c4427895d8473c4f30263c3b
bf20b954-98ab-4665-acdf-f12145fac795	TCGA-25-1324-01A-01-TS1.710c2bcd-c909-44b9-bea2-37f173bd3d73.svs	157394653	Tissue Slide	TCGA-25-1324	a6443003139b57d9d9a49f30ab72cce2
651480b3-3821-431b-9271-5d3d5de89900	TCGA-23-1122-01A-01-TS1.3856005c-5450-450c-944e-a104156e84ec.svs	44762711	Tissue Slide	TCGA-23-1122	a31b1b8d7d3fec60c100b525e03183de
479341d8-2acd-4aa9-afe2-9d29e9b0f5ac	TCGA-25-1317-01Z-00-DX1.2E7A7AF9-4D04-4EBD-8C79-7117F76511D5.svs	3787847486	Diagnostic Slide	TCGA-25-1317	c571f7dbd227039cd2b40d6d2d3d3ea2
ae577a56-5778-45dd-9c81-410bdef30566	TCGA-30-1866-01A-01-BS1.9116a600-0030-448a-8405-827d06464235.svs	101152747	Tissue Slide	TCGA-30-1866	2cd53211e50a99c78ef59f6d0de0700d
72e40a30-b1b2-4345-9090-088339bb1473	TCGA-23-2643-01A-01-BS1.1b36de6d-a78d-4311-a2ce-11e412dbc86c.svs	115118935	Tissue Slide	TCGA-23-2643	98e07a16af3d629b64458fed32baedec
9918c888-31dc-4bb5-b2d1-43c846a2f449	TCGA-24-0970-01B-01-BS1.afff57a2-9f27-479f-bf64-47390dc616d9.svs	201368097	Tissue Slide	TCGA-24-0970	1ec25a51b22c45e0cc4c040754c1fa84
57a07243-f2eb-4795-bd09-d3bbe121de1b	TCGA-23-2643-01A-01-TS1.7bc41144-f447-46e5-9862-8d0005265800.svs	62089039	Tissue Slide	TCGA-23-2643	7633eacd565564006c5aba6c90493d6b
f293ee7e-2da7-4363-a35c-58b4c22b7abb	TCGA-30-1891-01A-01-TS1.621013a7-cdb9-4be7-aae2-fe8291645d1c.svs	64479367	Tissue Slide	TCGA-30-1891	41f4c88e36227845d967c7fe787a3fb1
d3455990-09f1-4e06-a42e-983df5c33a49	TCGA-13-1492-01A-01-BS1.8f143732-b6e9-4ce4-bc41-b2aa51955587.svs	481521613	Tissue Slide	TCGA-13-1492	f55a93aede1593417adeca0cdd6e8ccf
e441a051-f21c-431a-8666-ac177d3ed96b	TCGA-61-2104-01A-01-BS1.7b3ca402-80d0-4b8c-9bf0-5350be286ef8.svs	268958135	Tissue Slide	TCGA-61-2104	8d5d83a29c789eaa7d699462d942c6a6
69ef78c0-6d7e-4b3c-9b77-1acb9c70ec48	TCGA-13-1509-01A-01-BS1.031e3f43-6049-4cef-9b2b-b856aa268557.svs	521651747	Tissue Slide	TCGA-13-1509	39767242615304c18e71f11944d0a1d6
03be13cd-f8b3-43a6-ac80-886ee5caa2c6	TCGA-25-1316-01A-01-BS1.14e296ac-b3bd-43b1-b67d-0f0e6446f94c.svs	404792277	Tissue Slide	TCGA-25-1316	7c4a5c0762048a765c8e9832edeeada4
7f5a183a-4773-42e6-aa80-39826db508dd	TCGA-23-1124-01A-01-TS1.048e65b0-5b06-475d-8186-71e43eba8b12.svs	33655427	Tissue Slide	TCGA-23-1124	ab0c8df64b4949f153e8999c4c8d4d5f
a5bcf931-beb6-40a8-8f23-4ded682fdbd8	TCGA-61-2613-11A-01-TS1.b54ed4c7-429f-4f4a-bbef-6852316d1fd7.svs	37881623	Tissue Slide	TCGA-61-2613	59603642f75b70ab833f78d1cf77b1cd
d58b62cd-42ba-4889-b2a1-e47eecb65ce8	TCGA-24-1562-01A-01-TS1.f4b420b6-a2f3-4d03-96f4-a429c5d64b8d.svs	244818291	Tissue Slide	TCGA-24-1562	0b1b124d4ef1de3d8cece009c08d66b7
bbef8801-aab2-4a9d-bee3-3a7d30150b31	TCGA-04-1362-01A-01-TS1.4ebe1dd9-f87e-4fbc-bcba-25cf3d39d737.svs	194306403	Tissue Slide	TCGA-04-1362	95f6675371dafab626c799197efcd4c2
4314ef69-58e3-48c6-8bcf-c36dec14c675	TCGA-10-0931-01A-01-BS1.0d63b5df-9fa6-4bdf-bd67-69e60e710137.svs	140567667	Tissue Slide	TCGA-10-0931	047b1b5822f9cfb14715ff8063531782
8ef1b592-c003-42ae-b5fa-86f83692b7e7	TCGA-24-2030-01A-01-TS1.9cf6e7de-8654-4305-80c9-610c7df18d0a.svs	158009419	Tissue Slide	TCGA-24-2030	d5f75ba50bbe0a795ba455bcb38b51f0
0bab9ec4-282c-48e3-9b2d-8fcb63b96018	TCGA-25-1877-01A-01-BS1.244e6637-9bcf-4aea-ac10-8564d480884a.svs	169638089	Tissue Slide	TCGA-25-1877	d058e1a3db890ae0c8e1bb5e7067c627
f36fe1f7-1e60-49fd-9f54-45d5fd164b8f	TCGA-30-1853-01A-02-BS2.59402746-32fc-4ce7-ac6f-235da20da619.svs	113731437	Tissue Slide	TCGA-30-1853	72a6bad45c144c9d579941cdfe28c6e3
0de5362f-e6ba-4646-9603-ad54a55aa9bf	TCGA-61-1913-11A-01-BS1.2e3a6b2c-7b10-44fc-b006-7e12cc1762cc.svs	77754813	Tissue Slide	TCGA-61-1913	8818bdded71f2c91e5df195980d61aaa
91ef0310-3ae6-477b-a9ca-0d775e0437bf	TCGA-61-1913-01A-01-BS1.bdb05061-fa5d-4b83-b85f-fe65e677efcb.svs	227098469	Tissue Slide	TCGA-61-1913	3492e012fefd48708866642af92523f5
062d921f-b859-458a-a0e4-01146fe4b16f	TCGA-04-1336-01A-01-TS1.28940fae-d407-4772-ac59-1edcdde8669b.svs	201136189	Tissue Slide	TCGA-04-1336	29a182f492854ef49124fe31dd3f9ce2
b71463d0-0181-4942-9194-8cf4b8f460c2	TCGA-04-1336-01A-01-BS1.d029552a-1480-4083-846e-b214ac88f016.svs	135829969	Tissue Slide	TCGA-04-1336	df6b40627323237049a1c41f9d3be9e2
b0de2b86-ee83-4356-9385-f3b8732d34b2	TCGA-36-1569-01A-01-BS1.2db04a2a-1eb8-4a91-8876-32d02009cacb.svs	240880535	Tissue Slide	TCGA-36-1569	e5c8087f1adf4cb842d2609beeb86252
f87d79f6-48f1-4058-8dfc-59624a2f7417	TCGA-25-1323-01A-01-BS1.a400c51c-77e2-41e2-be66-b1c4cd67cf7a.svs	640619453	Tissue Slide	TCGA-25-1323	54a9e90c67ee0591af9db891f1c66548
d8bff1f3-87e1-4e5b-9858-3eb0fdf72022	TCGA-24-2297-11A-01-BS1.d7a72efc-8683-4fdb-9ee5-e4c40a073a2b.svs	117949463	Tissue Slide	TCGA-24-2297	3c38f2ed49fb8ba208a6775b8929893a
700d52bd-3a7f-47d9-878d-56324d000c60	TCGA-24-2297-11A-01-TS1.db542639-c174-4e08-befb-e19683a42aa6.svs	58410851	Tissue Slide	TCGA-24-2297	08365faf6cb25c45227a4b13ef9ca352
4952c1ea-6701-4e7d-9855-8c3362b9f85e	TCGA-36-1574-01A-01-BS1.f108ae98-b589-4ddc-91f4-15ab328fc6ba.svs	94262133	Tissue Slide	TCGA-36-1574	9f5a2f19a5cf05ac6142db29ccd3790c
0e33e3f7-dcaa-4fd2-b0fc-a6e2ce1b7902	TCGA-29-1776-01A-01-TS1.03055f59-cdd6-4ca9-8418-1736106b21df.svs	93780285	Tissue Slide	TCGA-29-1776	91dd83bd602dc0a6f9b1c2d4708a7dce
46ebacdf-dedf-45c1-a6a1-c80d9158cd14	TCGA-25-1319-01A-01-BS1.ad3a89ef-7efe-4a65-92de-1b4457cf6e84.svs	536247969	Tissue Slide	TCGA-25-1319	9cd05cbbcd2f9e2077bc79caa982d0fc
a2cd2db8-f88c-4018-8643-f6c716967242	TCGA-25-1319-01Z-00-DX1.71EFB946-ACAF-4BA6-8855-D336268D87F0.svs	2522265752	Diagnostic Slide	TCGA-25-1319	a58b94ce28dd951c8b516c5e048d37b9
c2ac59e5-2bea-44b6-a2ab-2c64b177e2c4	TCGA-23-1114-01B-01-BS1.e8ba0c6f-94e8-4ebb-86e4-882753640bbb.svs	79002021	Tissue Slide	TCGA-23-1114	f2b8de6d49222f69baf641dfa5ad8e0c
b8c203d2-6b25-4501-9c44-d2e75987dacd	TCGA-24-1557-01A-01-TS1.37ecb22e-99d5-46d8-b90f-34c35bb96139.svs	153053117	Tissue Slide	TCGA-24-1557	8f83fefe09156091144c4e6399ec9681
5f9bcef1-5279-47c6-91e4-1a00af2cd0dc	TCGA-24-0980-01A-01-BS1.d54cf826-90ec-476a-87b0-aaa09e54b1b7.svs	201689351	Tissue Slide	TCGA-24-0980	758f966c65cfe1cd1bad29d506e1c2cb
b9a2170c-32c7-4d85-adc0-a7cc5fef51fa	TCGA-24-0980-01A-01-TS1.7eb8d1c5-bb80-48b4-bd87-7374bff12101.svs	201693903	Tissue Slide	TCGA-24-0980	d57e48e4f15717fa8ad6421921272efb
e209e8ee-f78e-4d2b-92d3-62d7a414590b	TCGA-13-2061-01A-01-TS1.2c35ac7e-9d15-440b-95ff-c2e2d27d10d7.svs	616352457	Tissue Slide	TCGA-13-2061	949ed19071805c09955872a2a9061885
126e8df2-c600-4ed7-966d-06025d7c09ce	TCGA-23-1030-01A-01-BS1.d3ebeb41-5e90-4826-bda8-8a48f3669622.svs	47771423	Tissue Slide	TCGA-23-1030	fe52ee4d59fc89eecc13b77d80b71ec4
ec415aa0-9aaa-4d1c-9998-1f72f713050c	TCGA-23-1030-01A-02-BS2.b0ce8e47-ce2c-430e-82d7-dbb75c3d373c.svs	46777305	Tissue Slide	TCGA-23-1030	992c8fc824d796794dc533306f5834b4
a01182fe-8c28-45b0-b139-6d3240a09e54	TCGA-29-A5NZ-01A-01-TSA.F88DABEE-0B8B-4C80-990F-36467458EA03.svs	320236565	Tissue Slide	TCGA-29-A5NZ	44fd41f1ee41e58063dfc4724e9f3d2b
7718cb74-4903-49a8-97fb-4335714f87c1	TCGA-13-0768-01A-01-BS1.a3e6fc49-57bd-4ae6-ab13-bf5e86f13ccf.svs	71191269	Tissue Slide	TCGA-13-0768	77ef34547f767a09529e14fa09a74877
25ffaa7a-a849-45ff-8ebd-36864a521146	TCGA-13-0768-01A-01-TS1.209a6162-13a3-4fd1-8395-83488491ab9b.svs	296910693	Tissue Slide	TCGA-13-0768	6b8ed300afd958032899dcf0aec057b7
10fb2270-9ced-4d09-8c98-14ceeb05b72d	TCGA-61-2018-01A-01-BS1.3eab6a30-d841-403c-9af8-81c130065791.svs	127732305	Tissue Slide	TCGA-61-2018	c8d95bad36d969c33d9eabaca936d8e3
89e935d1-45f5-4336-acee-262bdfc3e17c	TCGA-36-2538-01A-01-BS1.7f6cfc89-51ce-4364-8ed0-8d6d310dba8c.svs	98657695	Tissue Slide	TCGA-36-2538	da6bd8c94ba6ca0f7cb6b26252a2e973
290b5797-79a0-407a-b763-cb2083df7148	TCGA-36-2538-01A-01-TS1.99c6cd6e-565d-4dd9-9642-e65728fd2b66.svs	507633495	Tissue Slide	TCGA-36-2538	8387263e75e37dba075a9e107d02e928
480c9945-2809-4b1f-affd-1fb534b2f910	TCGA-42-2582-01Z-00-DX1.891d6182-c96b-4709-abeb-314d6874856a.svs	194853649	Diagnostic Slide	TCGA-42-2582	0ba09e0f61d8b43ff6a95f86b3562fce
d5b3f282-e0cc-47da-8d9a-79a41661da9a	TCGA-23-1119-01A-01-BS1.69056588-dd6a-4365-9780-e3344697ae99.svs	119882267	Tissue Slide	TCGA-23-1119	8ecda5a899e1b2fca4b9c55239efa58e
cd846ffa-f894-4e10-9034-2a3a32756869	TCGA-59-2349-01A-01-BS1.31ee4c9e-681d-466e-8555-2c50d0365f5a.svs	97069267	Tissue Slide	TCGA-59-2349	fddad21ab825a10422b7ffc6e2d3ab20
9411ffc1-4f1c-4e5c-8d36-1b98c6f3b776	TCGA-24-2029-01A-01-BS1.a3e69252-9881-4483-a24e-01bc4c656ade.svs	150790959	Tissue Slide	TCGA-24-2029	8e0f68a2fbaca1c83db5012568642640
0c8fb1f0-6e69-4c2d-9f20-dee14f047edc	TCGA-59-2349-11A-01-BS1.5f2c82cb-69e9-4c51-b4ea-54b0e5b5a1cc.svs	261597341	Tissue Slide	TCGA-59-2349	aa1a0781225b0622f45c35f88ab5fef4
0fa1f9fe-cb89-40cd-a388-00843f9c5491	TCGA-59-2349-01A-01-TS1.f03b986b-d4b5-4754-bb13-1a5867b50f30.svs	95471227	Tissue Slide	TCGA-59-2349	fe788cbc30c18186ac209d8b1ccba9ed
67d78a66-e6a1-4c58-aac9-4cec4d90933a	TCGA-25-2398-01A-01-TS1.db9bffbb-cffb-48c6-9494-10677a3fc7aa.svs	366651551	Tissue Slide	TCGA-25-2398	5685d045d311cbb212e17222bd0e13f1
5485be59-c306-49ac-aec8-fce97b81a638	TCGA-25-2398-01Z-00-DX1.3F0E9A15-DBC8-43A0-8C94-20B02757CD10.svs	1951490878	Diagnostic Slide	TCGA-25-2398	7279557c5f03970ae4e3e70fb9919a35
50fccf2f-f589-47be-a5fb-9772a0083233	TCGA-13-1819-02A-01-TS1.7eae098f-5cba-43b6-8792-bc678f381c84.svs	320421695	Tissue Slide	TCGA-13-1819	fe84b4e1fe091981f53bd95325cf7158
ed75742e-3b77-4cbe-8431-a98c6db4cc64	TCGA-04-1335-01A-01-BS1.f975f9e8-817d-45d7-92ad-8304f5cff27d.svs	337317293	Tissue Slide	TCGA-04-1335	b8d68c0daf6ef42920062c0aca38f15e
ea476a90-c9ad-4793-863a-5deebd228f80	TCGA-61-2096-11A-01-BS1.3ccbb73b-5e26-4fdb-9469-c4e685dc1bd8.svs	41889225	Tissue Slide	TCGA-61-2096	0181be95f24e0a725fc19be866455c5e
98975291-bc8e-41b6-8054-b71f4506e92b	TCGA-61-2096-01A-01-TS1.f07317ea-ebc0-4e60-bf61-c592110f1985.svs	72172027	Tissue Slide	TCGA-61-2096	610d73064744898d0585723f54f58a4d
a4d80ab6-1b0a-4db4-a1fb-058c61a8e71e	TCGA-61-2096-11A-01-TS1.3f46f74e-bafc-4dfc-8ec4-8bd8240dab27.svs	59336995	Tissue Slide	TCGA-61-2096	a73e2eaaf5e31c99ce2d4de23a5a1f66
fe49af47-7cfc-4fc3-abea-04a2b20946c1	TCGA-30-1869-01A-01-TS1.2dc9a885-55ad-4abb-a0f3-66e0ffa61275.svs	104903421	Tissue Slide	TCGA-30-1869	09f5da6ca8fa60f9fdde1f60800234d7
88deb0c3-3cb2-4d51-8d05-d1290e721190	TCGA-30-1869-01A-01-BS1.973cce11-963d-418d-8ec0-d4fdfbc4f524.svs	236966783	Tissue Slide	TCGA-30-1869	83cd4bcdfae473d2192dd50b252335e1
4cbd00c1-57d5-4fed-953d-9df41f4a57aa	TCGA-24-2036-01A-01-BS1.b5e4a123-5f0d-459a-9ab3-7ba94d6f7244.svs	128149789	Tissue Slide	TCGA-24-2036	1b625e587897266a55a863f1fc38cfc9
e8588711-aefb-409f-bc64-dfd1aa034ca1	TCGA-36-2539-01A-01-TS1.2e02674c-32b0-45c5-b3e9-c3c28c5bb1b9.svs	423856593	Tissue Slide	TCGA-36-2539	73207e3148a0bbc266bab279f18d2b1a
2c71bb66-0f25-48d6-a351-b0fc611a30ab	TCGA-29-1705-02A-01-TS1.4d5e4d51-e4ba-4d62-925e-3a3c302c9195.svs	40182109	Tissue Slide	TCGA-29-1705	3f3a17918cd2bb1a91f32ac9b0f190bf
fe58629d-5fb1-4fec-94f0-08ec550b1eb6	TCGA-04-1530-01A-02-BS2.c78fa438-630d-4e54-bd7e-e914836f66bb.svs	71004919	Tissue Slide	TCGA-04-1530	3ced02432a991678a57e36a2e6973ccc
07f2509c-7db2-4057-98b7-2ee081c7179b	TCGA-04-1530-01A-01-BS1.8cb941db-9ee8-49cc-b0c2-211af61b347e.svs	97624299	Tissue Slide	TCGA-04-1530	c07a7e30bdb58bb2f9f9c39c7eda7854
2042f48a-26cc-499b-90bb-e5cc4856f63d	TCGA-29-1705-01A-01-BS1.febc5de5-d46e-4d34-a597-501782af363a.svs	408594059	Tissue Slide	TCGA-29-1705	14a0f871482a8c6f2dfff33ca8b93f86
a09ff8a5-1623-47e4-bfad-f267b1532e82	TCGA-25-1315-01A-01-BS1.2ea40aad-f13d-46af-89a6-0e04116a5d54.svs	815277423	Tissue Slide	TCGA-25-1315	d9126877ee375832dee2b2098cc6bcac
5f73ab06-37cd-4043-adb7-db1a53df34bb	TCGA-61-2097-11A-01-TS1.3396424e-d74e-4ff8-b2ba-2dd6a268c330.svs	83256427	Tissue Slide	TCGA-61-2097	87f38cb0b28b9a22773d2bf5c187e4fe
679e52bb-b876-493e-9588-df28924fa6d7	TCGA-61-2097-01A-01-BS1.0715c892-db1c-44ca-a67b-b73cdbf993b8.svs	207355023	Tissue Slide	TCGA-61-2097	3519b5eb16e0201cf5a35aa0937aceb3
91522b49-9232-46ff-99af-77fb17b19bb3	TCGA-61-2113-01A-01-BS1.25ef0623-cbe2-44b4-a956-5934342adc0d.svs	225470885	Tissue Slide	TCGA-61-2113	28c405264db7c1f208a6f8ea3376c52c
2ef2f5b9-d0b8-4085-a166-ce71451dffec	TCGA-31-1944-01A-01-TS1.b8440d12-6207-4950-9b2f-4b6c007c6220.svs	108367813	Tissue Slide	TCGA-31-1944	f3fc1bf503e46337672a54d50b7d8364
d9b4c173-2ee4-4db3-9642-b69152ca6806	TCGA-31-1944-01A-01-BS1.1a8b04f1-bcc9-49fc-931d-c973e12f26f6.svs	117529119	Tissue Slide	TCGA-31-1944	5797fae6fac4d3b3e1bcecc112cfd23c
8c188e81-ccfc-4358-9cb5-3ac6b3a4e53b	TCGA-04-1356-01A-01-BS1.5269e379-7422-4dfd-87fe-65f585209d21.svs	178379667	Tissue Slide	TCGA-04-1356	78a99f47099b8a00db7f8d21661b727a
d02971c7-e1b5-4a8f-a0d1-0d81bf325add	TCGA-24-2026-01A-01-BS1.b2af0e7d-797b-40c0-bd33-71426c55f66f.svs	181257927	Tissue Slide	TCGA-24-2026	f3e5ad920eabe9581a34905bc0e69d39
153d3bf6-f5a3-439a-9958-d6584b43d0a4	TCGA-24-0975-01B-01-BS1.09c6528e-6134-4629-bb8d-9bac00a59f07.svs	108730261	Tissue Slide	TCGA-24-0975	deadd32cd30b8ef02358badbd02bc7f8
5cfdb544-04f7-4e27-b8d6-96ad73854ad2	TCGA-24-2026-01A-01-TS1.9da284eb-d410-4006-9a8a-503b1e731363.svs	130668663	Tissue Slide	TCGA-24-2026	2f3f227d7111165e031ccae6e80581f0
5f8e1617-77c5-4b06-ac04-0ece44161aae	TCGA-13-0801-01A-01-BS1.88ab59cb-1d11-4a73-b3d8-5bdea41c8549.svs	191888665	Tissue Slide	TCGA-13-0801	22d5f39caee912f96eca047010ef4b6c
42a0f160-11fd-4c21-b5d6-870cce82536c	TCGA-61-1904-11A-01-BS1.4c1c7a79-176b-4169-8086-348fdc80e81b.svs	93070557	Tissue Slide	TCGA-61-1904	4e1e4aaa36d400de3d2babdd977878f6
720b3090-8440-4ceb-b165-6c40571f983a	TCGA-29-1783-01A-01-TS1.4cffe5bf-5305-4080-93ef-b9f7765612fd.svs	183518033	Tissue Slide	TCGA-29-1783	dab0e09c849662638423b0648a0948d2
70ff73ba-0d5f-40b4-9e10-3a31acea5d7f	TCGA-13-1494-01A-01-TS1.8c48501b-eb93-4ca6-85b4-5f1f50495934.svs	313730191	Tissue Slide	TCGA-13-1494	be21e0929a0ad3f9472598d2f05870d6
ae956365-2383-48a8-8c76-49ef2a0589ce	TCGA-61-2003-01A-01-TS1.4a075378-e3da-4b3b-abea-c75c6acfd895.svs	351366367	Tissue Slide	TCGA-61-2003	a5cd777e1a7bbd02dcee726a04d7a40b
9e14608b-5044-4ad0-afc9-98c7e9b8d3b0	TCGA-13-1510-01A-01-BS1.a9adcc98-382e-48ca-bd92-c7fdd1007305.svs	366101687	Tissue Slide	TCGA-13-1510	dbdfafb3b56ee372ca570d7d18ff7b51
7d301713-c214-4110-b294-183d1bb5b64a	TCGA-13-1510-01A-02-BS2.870506d6-ca79-4aa2-b3b0-86f7f49f6427.svs	347930643	Tissue Slide	TCGA-13-1510	83b8b8215e41bf289bf76f3d85016289
bd0e5994-2146-4eb9-aec9-676f5a1eef1a	TCGA-24-1844-01A-01-BS1.77eb1696-4cf6-4a2b-a225-52c0ee0f9082.svs	120953625	Tissue Slide	TCGA-24-1844	8fe8c2e3f7b299a249c768ac2b6a10ee
9f86eef3-9fd8-4fec-aa0b-e4a9f1636cde	TCGA-13-1499-01A-01-BS1.70245996-46ca-4e68-ab44-0fc043794b88.svs	201342801	Tissue Slide	TCGA-13-1499	5eec8edf81f163768d0ce85610855375
47eee8d2-9d40-4200-8ba3-10e8a98822ec	TCGA-13-2057-01A-01-BS1.363972c7-d0e3-4e93-859c-83f9d2250ae0.svs	634375569	Tissue Slide	TCGA-13-2057	5debb037479797839bf6cd27106de86e
0a74f969-5a4f-4ca9-8937-b864622cbacc	TCGA-13-0894-01B-01-BS1.0ced2778-9908-4b70-ad5e-45aaaabc1b39.svs	259927779	Tissue Slide	TCGA-13-0894	cbc2d5f997513f0368a9407c50ed29a8
1eb68219-5563-407d-a185-e7859c565ba1	TCGA-29-1762-01A-01-TS1.30a33cd4-4485-4a15-9eb6-2d2bb79ab844.svs	145095793	Tissue Slide	TCGA-29-1762	6e48befbc3a8c479f6676cfb27311eab
8e10cc72-a720-4bee-9336-767a5643a46b	TCGA-24-1425-01A-01-BS1.a98f855c-c0e6-4815-9a18-395d258e7621.svs	133036569	Tissue Slide	TCGA-24-1425	0320eac639255079c47d920783d860f1
d2249efb-2b69-466e-af07-369716398694	TCGA-20-1682-01A-01-TS1.8c825440-843e-42d1-bd0e-dd91a64b5d69.svs	38134489	Tissue Slide	TCGA-20-1682	eef44bc082b73baa1c1c5cb2c1571f52
2c64ebd2-12a2-4c5e-b48e-944fe21ceaa1	TCGA-29-1763-01A-02-BS2.13339452-2898-48c6-ba63-b39f8fd87e0c.svs	286595127	Tissue Slide	TCGA-29-1763	bda3c85df7e344d54a355ec4de598b92
01fd5b4d-772a-4adc-ad06-70fdb5550198	TCGA-23-1122-01A-01-BS1.e47c346e-2941-41b9-910b-713b18c0113d.svs	65192231	Tissue Slide	TCGA-23-1122	7861f0aad4a179c278798db2b5fdd0fb
904faceb-608d-43d0-ba9a-1f07e0d0ecfc	TCGA-61-2000-11A-01-TS1.c167826c-f86a-446e-811e-b5c3f59c33a1.svs	147977191	Tissue Slide	TCGA-61-2000	a796ccbc7b626fbfe1e33d1b72620c15
8341bc39-d77d-4538-8081-0bb5f68f3003	TCGA-25-1317-01A-01-BS1.7237ad91-a258-4544-a2c4-1fb411af658a.svs	171700211	Tissue Slide	TCGA-25-1317	7431d2e2c7e0ab796ab6d77825a96dac
ca674757-a366-48da-8e03-367b20731649	TCGA-30-1855-01A-01-BS1.aef422e1-e675-4917-a6a3-0a8aeed50cf2.svs	168300799	Tissue Slide	TCGA-30-1855	59795a493e095c0d2da1f65d5f8f5ea2
d71657a5-d4cb-41dc-b41b-e845adfdf87b	TCGA-30-1855-01A-01-TS1.1829cd37-82d6-4958-b2e3-15aa55f1ee99.svs	178495813	Tissue Slide	TCGA-30-1855	2d6e1d5bae49c15722aba5d3223f316f
c9715e87-f398-449e-b18d-7ed1d14df84f	TCGA-30-1891-01A-01-BS1.038ab98b-6a36-43b4-b37b-11775670647a.svs	207877235	Tissue Slide	TCGA-30-1891	8ccca19cc585f6c844971544b7b198c6
fbac71ac-da6f-41e4-aeaa-df224b4ae967	TCGA-61-2000-01A-01-BS1.9bfc0d2d-aa54-4bb7-9f81-d47995a829da.svs	119678891	Tissue Slide	TCGA-61-2000	2f2c07cbebfbe2e69abc701071801706
65dbcc63-08f3-4aeb-9222-a5a9fbbcde16	TCGA-25-1316-01A-01-TS1.050f7f9f-a802-4a8e-8467-e40a36e90503.svs	467836875	Tissue Slide	TCGA-25-1316	cdf65ee80b079c7d13c400c508334deb
c8b2dc4e-a8a8-4b03-9a4e-de65590fb0fb	TCGA-25-1316-01Z-00-DX1.A9B7F47C-5BDC-4B7D-BC9F-C4C9DBA663C8.svs	3883353140	Diagnostic Slide	TCGA-25-1316	ed1292b44b264a8973450532753f0703
382bb2ec-3a70-4081-b106-a24d633138d5	TCGA-57-1585-01A-01-TS1.7964fedc-0a0c-4908-95a8-a5a8be5d8023.svs	96834281	Tissue Slide	TCGA-57-1585	41a6259e166acdff75d214e30a24b423
bcd9eb97-4c64-417b-a570-0f61707e13b2	TCGA-24-1551-01A-01-TS1.681cb51e-c47d-4877-8041-54e92143e106.svs	98917765	Tissue Slide	TCGA-24-1551	d836689623401192097af74526d6c994
35e1e3cb-1511-4cbb-a2f1-34d58c770dc0	TCGA-61-2613-01A-01-BS1.a03e1b6b-eb1f-4956-8ed9-87326fbbe9fc.svs	139845765	Tissue Slide	TCGA-61-2613	afb6a448b6e089b1af0067b67b8788b3
2938a57f-a01f-481b-9a68-2fba2a0df37b	TCGA-04-1362-01A-01-BS1.852e1e87-7168-4688-9188-4de1d318423e.svs	169133209	Tissue Slide	TCGA-04-1362	89e48257429a386a79a94ca38e95a03e
01a84ba9-d148-4fb5-9758-2188780a6d8a	TCGA-23-1109-01A-01-TS1.97b03fed-53f2-4f0d-92f8-bd428a8727c9.svs	78817497	Tissue Slide	TCGA-23-1109	cff9a68a9efd0630d16d8b3c0a79d12b
13a4bc25-dba9-48e7-8ec1-cb169f605442	TCGA-10-0931-11A-01-TS1.56b4e806-d890-469b-9106-4f5ef4cedf06.svs	56631107	Tissue Slide	TCGA-10-0931	38ac6f87b3ed8bfaba7923db01660b1d
ae27d2bf-bbbd-4502-a24c-5b1c2f8f5089	TCGA-61-1913-11A-01-TS1.c0a8af63-8298-4fb2-80a6-c2412cbbad11.svs	124191321	Tissue Slide	TCGA-61-1913	f84dbb2cf96bf4767a4c21bc08e8269c
1742e2da-69b1-4965-b39c-f0d8ac0a3502	TCGA-04-1651-01A-01-BS1.62199560-a607-40f5-b030-80a174c8125e.svs	110754955	Tissue Slide	TCGA-04-1651	0629126a70dcdf6bb0f9f77ff4464500
c6b22357-960d-4753-b824-46703f194b0b	TCGA-36-1574-01A-01-TS1.0ebf58a0-dd01-40b2-9f37-5970f65cf9bb.svs	35077841	Tissue Slide	TCGA-36-1574	a6da4f318e6f3024fdc10e5d868ae533
2798ca84-95d2-413e-bbf9-728b0366808d	TCGA-04-1651-11A-01-TS1.d64e1066-8bdb-4eac-b686-941b77f1eeba.svs	103937917	Tissue Slide	TCGA-04-1651	e453d44f970f9fe6f78d5a0dbb35b0c8
ed03aeb4-5f43-466d-844d-fcddc03c5712	TCGA-04-1648-01A-01-TS1.c9581bd1-0449-4188-b93e-911c77a3f3ea.svs	43432173	Tissue Slide	TCGA-04-1648	83bfa92af7b4dcf65e6e66e146fae1f1
2d3f7d14-eafb-4666-9da6-d36dd829326b	TCGA-29-1688-01A-01-BS1.4b930846-2a6b-42e3-a986-1c74d92d95ae.svs	269022203	Tissue Slide	TCGA-29-1688	4eadeb89bf639413b6bd6d0740db3a1e
df179f4c-5842-43ec-8889-b8fa84b93097	TCGA-24-1557-01A-01-BS1.d09c8628-1498-4b56-8be4-82531a96b579.svs	188463179	Tissue Slide	TCGA-24-1557	2679732a127884f66669176087f755f3
32b235b9-f9eb-4d71-b8c0-a79346e7397d	TCGA-24-2280-01A-01-TS1.2dd90f1f-fe80-438f-bb4e-5d80716e6962.svs	105446929	Tissue Slide	TCGA-24-2280	6cbab3b8c746e0b6c12ed5b51e8c5b8d
fef82cf4-3321-4976-a087-4ec61720c900	TCGA-23-1023-01A-01-TS1.21cc6c1a-de09-47bb-817c-ce7c037efcdf.svs	52814699	Tissue Slide	TCGA-23-1023	74f9d20d2a679a5c50c01ef8c9abd568
947d878d-3e65-4542-a74b-bd94cfa0af2a	TCGA-23-1023-01R-01-TS1.2035b54d-e8ba-4435-92f1-62633ffdf99a.svs	37255681	Tissue Slide	TCGA-23-1023	b1d57b545f3b7378ae680203f230bae9
6d45f710-c222-4776-b537-9a6207798b3f	TCGA-29-2425-01A-01-BS1.219c877f-a1fc-4322-bc83-e1ab4e10f906.svs	276242865	Tissue Slide	TCGA-29-2425	365dd6ccfbb3992271b1e7143305b902
0f9424b1-0715-47d7-812f-5c11ed4c4002	TCGA-29-1710-01A-01-BS1.3c2c042d-eb31-43f1-96e2-206e9ddd3a64.svs	333947543	Tissue Slide	TCGA-29-1710	a3b50e60b85d7f1c7dc759250e785637
0f456c5d-7f48-49b5-8a8d-b6c22874d8ce	TCGA-29-1710-02A-01-BS1.4cdeb5db-f47d-4fd9-85c7-3e38412c0e80.svs	86978525	Tissue Slide	TCGA-29-1710	bc87dd4cbe872c9f67d3780f6f443aad
572f8e07-a1c8-413e-bd22-002dd35ad09b	TCGA-09-2056-01B-01-BS1.209a5c45-ac0b-4411-9cb1-7ec50c5f37ff.svs	196505857	Tissue Slide	TCGA-09-2056	de32ec3a337f5304d6fff2b044c60bd2
5d267c22-5277-4507-9484-9c764bc69dff	TCGA-29-1691-01A-01-TS1.cd851d1b-0bd5-4564-bbe0-4dc4aa293b37.svs	84630693	Tissue Slide	TCGA-29-1691	8272f6ad0434d5f2f3c687cb9a407527
540ed413-1054-4445-87f8-c6badb5376c7	TCGA-04-1360-01A-01-TS1.faa3ee9d-ddba-4592-b45a-bdee35da1633.svs	95888599	Tissue Slide	TCGA-04-1360	18e940e4869915ce8ef6f7592fd74d17
d520fb88-5842-44b8-a72b-c797b5e65cc2	TCGA-61-1916-02A-01-TS1.3018e5ef-435f-476a-bb42-d033100ee597.svs	379337941	Tissue Slide	TCGA-61-1916	d0e0b959303b575ec20c863dc083b39f
de9c7fd2-8346-4626-9ac0-6b1bee311e0e	TCGA-61-1916-01A-01-TS1.4cf04f73-80a9-4af6-bdfb-775f6c2123e8.svs	90790663	Tissue Slide	TCGA-61-1916	1cea8fde7b84c0debd89524fffca9988
a2cbb40d-ca53-498f-b116-8b3f0f51fb4b	TCGA-29-1692-01B-01-BS1.9a1ce4ab-a426-4162-89bb-870c054e3085.svs	42396983	Tissue Slide	TCGA-29-1692	d3149e9ad9aa833f6ca3cf0749dd934a
4c1890be-cd2f-45b6-9401-5c10dae42662	TCGA-57-1992-01A-01-BS1.dfdfe2c9-1f15-4547-8664-cb186d76a818.svs	75517389	Tissue Slide	TCGA-57-1992	9bee5a1497ec718316f212afc4122d7c
28e97eff-18d9-4c41-ad10-07805be09f15	TCGA-13-1489-02A-01-TS1.acc6b322-9319-4b2b-b0e5-4d54d649a56d.svs	209097259	Tissue Slide	TCGA-13-1489	7e0d1df91a65391f687d7f7ac0323ade
654964b5-5075-4f8a-9eb3-d7c3d376a597	TCGA-61-2095-01A-01-TS1.4b9d42fd-49cc-43ef-9ec3-6fc41e6ab132.svs	288836445	Tissue Slide	TCGA-61-2095	d56121a4aa7a89eb37b5926fb1864381
18ec5504-251a-41a2-9cac-dd44f2b1d2e4	TCGA-13-0913-01A-01-TS1.4ad93ffb-b838-4555-a664-fb3e41923260.svs	206612375	Tissue Slide	TCGA-13-0913	9de8f496588e6f2e6a4e80d7a4438c71
71bbd801-ca6e-4517-a2c9-cd6ec31c2552	TCGA-25-2390-01Z-00-DX1.BC83304E-747C-47EC-BD80-BA0B322C8630.svs	2482532976	Diagnostic Slide	TCGA-25-2390	7fa6c4b2389ab8273526f13ecd7afd21
26c17780-9bce-409b-9eaa-67fcf477d6c7	TCGA-29-2414-02A-01-BS1.d98dd76c-5162-4b4d-b0fa-0604d8a40117.svs	99911659	Tissue Slide	TCGA-29-2414	20aabcce5a3cc176d7a04cc83a10f48c
087ea774-310a-45af-9e61-50498a77b41d	TCGA-61-1721-11A-01-TS1.a2927d5b-923a-43cc-8d20-8adb5d71850b.svs	53395383	Tissue Slide	TCGA-61-1721	458e5e4ba841fbe78c5522ffc968b75e
f1d939b4-1c8c-4713-91d5-5d82b60df0c6	TCGA-23-1023-01A-01-BS1.f2260f08-0126-4fe9-bbb0-09e4fc2fb30e.svs	58487187	Tissue Slide	TCGA-23-1023	47884816431cdbf9b918d9ae3f7777ac
a622918c-71b0-4bb9-a6eb-4909e5e83158	TCGA-29-1707-02A-01-BS1.6b3cfbf5-060f-42a5-9887-e6fe885ee8d9.svs	246215309	Tissue Slide	TCGA-29-1707	620966a808cfabc86d441aa6163a6558
8d6af9e3-0093-4304-bbf6-7a2f9ac359d4	TCGA-61-2008-02A-01-BS1.80e74f58-026f-4665-bbe4-95b89bc2f6c7.svs	129131907	Tissue Slide	TCGA-61-2008	91cc8e6d8510033fdb16215ff090a0c6
525e99fd-2d3f-49b9-bf2f-bbacce843c16	TCGA-42-2588-01A-01-TS1.cc3b36dc-1ce9-4db3-998b-fa73058fe4fd.svs	116102537	Tissue Slide	TCGA-42-2588	9f04fbc5ce72fabcb0a1009372df12c5
4c90835a-125c-41a1-a2db-42d5a578c4f7	TCGA-25-1635-01A-01-TS1.e3fb13c5-3313-4116-9aff-2dd97b81cace.svs	438392073	Tissue Slide	TCGA-25-1635	c3ab37ec807838c15042be1d5822c4da
cb9e942d-95da-435c-9998-e852f93361b8	TCGA-20-1686-01A-01-TS1.228c3630-c8f7-40cc-8cb9-30fd3859f7d1.svs	94968713	Tissue Slide	TCGA-20-1686	1c54b3db0e0a49faf2faffcb5a3b76f7
b9d37a2f-898c-4a88-8f2b-83b4737f654a	TCGA-20-1686-01A-01-BS1.f7d1707d-5007-4774-8ca7-49c62b6dfc22.svs	142513429	Tissue Slide	TCGA-20-1686	a6318d9ee3951bf458111e0034936d95
a87db7da-9959-43c3-bb88-7122d3bc6af7	TCGA-23-2072-01A-01-BS1.60992d4e-c12d-4552-8f4d-bf8fdbb707bf.svs	130265611	Tissue Slide	TCGA-23-2072	b0bcaef430748907830fdc108ebf2f30
7006cfcb-cc1e-4d36-9507-e5b14a1c750e	TCGA-61-1722-01A-01-BS1.0bd0787f-83c1-42c4-b095-6aaacc6bdf78.svs	183052217	Tissue Slide	TCGA-61-1722	1b971fbdbb2e30da72b20bb7e2946460
e74046ef-65ae-4be2-b77b-f844eadc70de	TCGA-25-2409-01A-01-TS1.a28f0475-589d-4831-9186-6b955153f5bb.svs	314600741	Tissue Slide	TCGA-25-2409	75570bdf3f1e9689e6c7acab9ce16e31
0fb4f152-4168-4cff-8d27-dcf9a0cabec0	TCGA-61-1903-01A-01-TS1.f3b55bef-3516-4279-b475-4c9fe618fd5e.svs	173043599	Tissue Slide	TCGA-61-1903	da250cc1965f07e8bc9031662aa8966d
b273ff5e-4124-4d38-a5e8-2c759c3137bd	TCGA-57-1586-01Z-00-DX1.5C85A9B1-9ACC-4D62-BA09-91F8BDB2A058.svs	228797480	Diagnostic Slide	TCGA-57-1586	1458745c0396877003bec852ddfa4082
4db4fc32-3b72-4c80-9df6-084842751a47	TCGA-24-1603-01A-01-TS1.41cdbaf5-d3cc-43d2-91ce-9176ab694e1b.svs	188640669	Tissue Slide	TCGA-24-1603	bf6215c3b715690280d7f7810600bc98
5f186a89-ee1c-4e7a-ad7d-7d8a68094f58	TCGA-61-1903-11A-01-BS1.a7f2df8d-24f5-47f0-b89a-592533a82410.svs	56465315	Tissue Slide	TCGA-61-1903	580b176cc80c17a769a4793f08281574
3488aeb5-1a84-49a2-ba0e-c3f44610f861	TCGA-36-2534-01A-01-TS1.f6a986c9-b517-4c29-b525-b4f7f65191b7.svs	406231527	Tissue Slide	TCGA-36-2534	ebf86740b130ed0819fde8fee564190e
f407e2a3-8305-47fb-8a08-027bac95840a	TCGA-25-2396-01A-01-BS1.cfdcc756-47ed-4f58-a6b5-825c9eba0da5.svs	164067431	Tissue Slide	TCGA-25-2396	ed5f9f55479e3b2110fa373045ab2694
3177717d-5f4a-4658-9d6d-1dea3f310f51	TCGA-25-2396-01A-01-TS1.80e91a24-243b-410c-a9dc-790aa3b8f6ca.svs	135823603	Tissue Slide	TCGA-25-2396	7b3b269a5d01fb171974686ccd405f59
8573e04c-2614-4478-9dc6-5e3d2b5fda90	TCGA-36-2534-01A-01-BS1.2441e987-11cc-4f06-9341-6780a518e263.svs	185890763	Tissue Slide	TCGA-36-2534	153b755b7a6b947baffa9bd06239bfee
fd1aa4ac-1232-4a13-b449-bbc9da980f57	TCGA-13-0914-01A-01-BS1.a0add8db-b00e-4fd6-8b67-a8d8490e1026.svs	243481715	Tissue Slide	TCGA-13-0914	b739f64ca8e3cfb28db535d8be2c7ee9
99ce5f06-cc44-4f43-a327-be75b2428c23	TCGA-13-2065-01A-01-TS1.a414f601-5b89-48d3-a292-010ff3ac1751.svs	405670513	Tissue Slide	TCGA-13-2065	bbd87cb9623b8e0c1de3130a297f3628
5ca62c74-f61e-4eba-b440-886b80f10247	TCGA-WR-A838-01A-01-TS1.E8CA96CD-A253-4090-86BA-60E7192B72FD.svs	118505981	Tissue Slide	TCGA-WR-A838	ee0e4031528a8ef3254baa8c63cbafc3
c686cf0f-8197-4537-b8e8-b9a0bbeb5631	TCGA-61-2017-01A-01-TS1.5e073a09-80b5-4ee1-a2b9-58523c4cdf87.svs	103136131	Tissue Slide	TCGA-61-2017	b646e9029111ae3a3944fb1021d250e4
4fee25f0-6a99-4c14-906e-379113262cf0	TCGA-31-1953-01A-01-TS1.d23dcd07-a0b5-4eb2-9773-4ab7ffb396ff.svs	277489449	Tissue Slide	TCGA-31-1953	187afbbf03ce35864b65ed0cdaa10965
56b00278-6b74-4dd2-9eec-3cb642a69021	TCGA-31-1951-01A-01-BS1.e4569bfa-757f-4f1e-85a2-8b17bfad7876.svs	87648289	Tissue Slide	TCGA-31-1951	2a3f2fd9b125639a6ca1d7076f5e3ffa
2d378c59-9b16-413c-8087-c76434a2c607	TCGA-30-1714-01A-01-BS1.d9272491-1098-49d2-9bec-c1dfa452548d.svs	108307149	Tissue Slide	TCGA-30-1714	ed369f0e7a0f8e1691fdea14b9075d51
f95398ce-d26d-4ca9-9a23-248bd2ecb780	TCGA-30-1714-01A-02-BS2.d261005c-31b3-4a48-9530-3e24454a3d98.svs	92711135	Tissue Slide	TCGA-30-1714	746e180dcee93b92840f3d3fa6dbb679
71fae2f3-9dbe-45e8-bef9-d15f44c02cbc	TCGA-04-1347-01A-01-BS1.f281f888-c433-4fa6-8957-3ace3e9e4f6c.svs	189328907	Tissue Slide	TCGA-04-1347	c774951b1fe04306767d3fd3f53eb110
73b73ada-2a18-4078-99f2-9676787e2ac8	TCGA-09-1673-01A-01-BS1.6984ccd0-0e27-4549-98fe-c8b864b7c087.svs	414160657	Tissue Slide	TCGA-09-1673	5ef09cd973a4872592c4b71ec9e405db
344ffb99-1cb6-4dd6-9ab9-e523cad78bbe	TCGA-OY-A56P-01Z-00-DX1.59CA76B0-5613-48CB-ACE7-6F808B8A9423.svs	1003142300	Diagnostic Slide	TCGA-OY-A56P	581150a0d20753cf5089b4e3740c7720
ac546418-000f-4590-9e32-9720b2158418	TCGA-42-2591-01A-01-BS1.ec344280-3f61-4c24-8cfa-f9327e993190.svs	159602651	Tissue Slide	TCGA-42-2591	ea0e1144084c63f6af48a38b906e2e54
4c5da5b3-b4c9-4a1f-969e-b7836d0fa9eb	TCGA-13-1491-01A-01-TS1.20c890d9-734c-49d1-a3b6-23350454f978.svs	410141035	Tissue Slide	TCGA-13-1491	713a5d3fef673984ac01d19f808bf47e
02e6707c-2fa0-472f-82b5-c7e862691eda	TCGA-61-1906-01A-01-TS1.75cbeff3-7cc1-40fc-ab7c-94130056b58e.svs	110973977	Tissue Slide	TCGA-61-1906	e268aef7aaf14f4fe3abfdca7e784c18
7ebf1deb-4084-429e-b7d2-582d62e5857d	TCGA-61-1899-01A-01-BS1.e4e00076-dee1-41e4-a355-d905b923aff7.svs	202207165	Tissue Slide	TCGA-61-1899	b8404ff1b0501bb599e499c432bb0dcf
911a7d13-030e-416f-a6a9-feb6653da017	TCGA-61-1736-11A-01-TS1.c31f1365-8ee3-464d-8e45-f1e2f76a32df.svs	116963793	Tissue Slide	TCGA-61-1736	fa0b5590ea1bebefb1f93ae2f4c98df2
ff01c115-7593-4b80-9ecf-d0304b79ff6d	TCGA-13-0893-01B-01-BS1.8fa39d98-59e4-4957-857e-06d9db47e419.svs	140136133	Tissue Slide	TCGA-13-0893	a0497a97546f5584d2c0288131d75d13
eec6364a-8e60-477e-863f-9edc22fbf4a6	TCGA-24-1558-01A-01-BS1.64a012b1-90d0-4df7-8b7b-9c3f0ca584b9.svs	296603165	Tissue Slide	TCGA-24-1558	c9b94522178d10a6291399f789696f39
7e48b211-8b81-4cb4-8b04-f15b96558cde	TCGA-25-2399-01Z-00-DX1.B9A34CB0-9EBB-4435-8EDE-E4B9078565B1.svs	3652997604	Diagnostic Slide	TCGA-25-2399	95c59804a2aef1dc9657cea6eabaa2f3
bd402423-01cd-4b96-a30d-c4a08151636e	TCGA-25-1326-01Z-00-DX1.686E3548-8891-42ED-ABBA-BE3DA6D4CAAB.svs	1643178148	Diagnostic Slide	TCGA-25-1326	5d0558be6811c2617fa2fec9fb2aed9c
9f8e5ba2-8f27-41d4-ba88-2f5aa101c877	TCGA-25-1326-01A-01-BS1.04f4d76d-fa58-4f40-97d0-c67616253bfb.svs	632655815	Tissue Slide	TCGA-25-1326	d64033fdcdd6e83cb5902c14beeb673c
01d0a276-40be-4a9a-a20d-663320c33373	TCGA-24-1545-01A-01-TS1.bb95934d-79b6-4172-8dd1-a849daf1c4c3.svs	228745505	Tissue Slide	TCGA-24-1545	be5cc7d1b452626523fe7f021281b6c4
fb3d295c-1834-4756-a44b-a994edfd5f6e	TCGA-25-1634-01A-01-TS1.4345be84-2118-4725-8b31-1f16902d64b7.svs	252954409	Tissue Slide	TCGA-25-1634	3680c603854584c043505ca005142043
73eba505-0972-475e-994f-89e5b5a63915	TCGA-25-1634-01A-01-BS1.d2bf3a3f-c51b-40a9-956d-2f77195d7a69.svs	127525551	Tissue Slide	TCGA-25-1634	29ebbc333bc1087fe31568ae8172e7f4
3e961f40-bb49-41b4-9412-537a83c09e05	TCGA-61-1911-11A-01-TS1.f5b48114-4b3f-452b-8785-015879035630.svs	131244989	Tissue Slide	TCGA-61-1911	be3addc441be2d982ab2fbc6dd53f6ff
0b37b5dc-3706-423b-921a-e553f62c9fe9	TCGA-24-1103-01A-01-TS1.626b516a-0522-4cf6-ac17-458fb9b39297.svs	442077629	Tissue Slide	TCGA-24-1103	0387d76edf9076ac361816dc23046497
7d32ffbc-a515-4e39-8391-653b31aafaee	TCGA-24-1474-01A-01-BS1.c53d2d22-c2c3-4620-91f7-42162f8ba3d5.svs	108270235	Tissue Slide	TCGA-24-1474	70fff47820cff6cd3e12646762af8d64
688f94cd-9770-4875-933e-f7ded55aa26f	TCGA-24-1426-01A-01-BS1.df3cb40f-130c-42db-886a-10e298f9a0ce.svs	47931653	Tissue Slide	TCGA-24-1426	f7b92829415e104ebdbcc325217c68b7
fdffbd19-c45c-47e9-8aa1-585e034de949	TCGA-09-1667-01C-01-TS1.0a437844-e107-4238-9bf7-3200ff7da548.svs	66688435	Tissue Slide	TCGA-09-1667	d473752ee0a7b418c37b5ff129aa789f
efde0cdc-6951-4d88-8066-4afcbda851fd	TCGA-09-1667-01C-01-BS1.162cb788-9ff3-4ebb-a5e3-8e476026a4db.svs	105922857	Tissue Slide	TCGA-09-1667	5adc79d2b18d4511e3af785f914127b0
627f2a22-7387-454d-ab50-0f3ba04fa4a4	TCGA-24-2038-01A-01-BS1.bfb2b2d1-9854-418f-b254-834554b1f0aa.svs	102016699	Tissue Slide	TCGA-24-2038	1ae616f1f943a936e06ce14726582176
29239c31-3e51-46a0-905e-c7071bb20175	TCGA-29-2432-01A-01-BS1.f56667b4-2458-4d1f-8a23-d1f9fc6b6aea.svs	448370241	Tissue Slide	TCGA-29-2432	7d524c55e5b636c9637b60965bce189b
6afa09a1-51ff-459b-8bad-bf6a925c48c2	TCGA-24-1417-01A-01-TS1.a1bfa913-5f8b-4f4c-8379-0edee9daad87.svs	232769021	Tissue Slide	TCGA-24-1417	dae174a49b156269003d74cec97774bd
abfd40e1-9639-4d11-8b6a-5051d29b25da	TCGA-29-1766-01A-01-BS1.6edc8a3d-a3a8-44b5-8c3e-ed9021de767b.svs	257893369	Tissue Slide	TCGA-29-1766	09caa44376b7e863ad0bc3d40edf6486
06a6e1ec-b8cc-4b0c-9aed-f1ef74039192	TCGA-24-0982-01A-01-BS1.86d455fe-9855-4106-b487-ef4cde3c86de.svs	115473467	Tissue Slide	TCGA-24-0982	8925b3de55c91d8947fdbf661cd61771
eb29e7be-308c-434a-83f3-995f7616d246	TCGA-23-1022-01A-01-TS1.8e55f9a0-4044-4413-a4f8-e30004575fc3.svs	76925255	Tissue Slide	TCGA-23-1022	981feea8b247fac3a5e7001c33a8f21d
f2d2434d-68f9-4cc7-8f5d-658ddbfbc58c	TCGA-13-0802-01A-01-TS1.f68ca53f-ee25-4804-be4c-081eee227a92.svs	424155841	Tissue Slide	TCGA-13-0802	beaf0c3086cf379062e05e88d0e350ac
0112596f-c8a3-4498-b34b-e258c0389af8	TCGA-24-1467-01A-01-BS1.2a7d2b3c-a015-48eb-9ca7-da9e52c29a19.svs	246331813	Tissue Slide	TCGA-24-1467	1c1693df705ad3faaec3df95c5409395
5a8c0203-6eff-4104-bcc1-711e2a53cd1f	TCGA-13-0919-01A-01-TS1.3e391512-1c28-4566-badd-6fa329771dac.svs	203021971	Tissue Slide	TCGA-13-0919	04e57cdc001760cca676e9cf3add4055
94162e1f-b51f-4ced-b74f-1787bdec9422	TCGA-23-1029-01B-01-BS1.f0bd82cb-50ca-4cf3-bd28-c28ff2a7cde8.svs	109008271	Tissue Slide	TCGA-23-1029	576fb86f46c9852226123a42c64f9597
4dab86c6-7921-4577-8e1b-d5e2577452fa	TCGA-25-1632-01Z-00-DX1.B911E6FF-D6A9-4AC7-873C-58B2059DE7E6.svs	2805842892	Diagnostic Slide	TCGA-25-1632	e2ee08a80fd3d1dd750f9b3934970e1e
8f451f4c-d7b7-4bc2-bc01-60473c7bd57e	TCGA-25-1632-01A-01-TS1.441ffc0c-d1a4-4154-ac77-a247fdd66727.svs	292204093	Tissue Slide	TCGA-25-1632	2f8de3266dbd763cbbbea93d929632d6
aca15b62-7708-4921-a47b-8dba0c25dbf9	TCGA-10-0935-01A-01-TS1.4c722f9c-5c74-4fa3-a5db-83777e788280.svs	54512077	Tissue Slide	TCGA-10-0935	b3c446c1886a0ceeadfcb770bd1efbc0
745c7947-2b1e-4d6f-997f-6ff0025c0015	TCGA-10-0935-01A-01-BS1.c189cb52-4472-44b6-8c4c-399aa04aecf2.svs	85066977	Tissue Slide	TCGA-10-0935	c4b10d5a5063a2a88499b38e59a03021
12b94893-0c56-4c79-b184-0b85f449f130	TCGA-13-0912-01A-01-TS1.736e083a-e666-4cd2-a6ea-81488dee1f63.svs	179524385	Tissue Slide	TCGA-13-0912	2719bcd6d4f6f6463363f65ea62452a0
7895bdc3-5eee-4bdf-bb2a-b26ed05c7f73	TCGA-24-1467-01A-01-TS1.8d52fd5c-4233-4756-9250-e1e9da4cd119.svs	271394397	Tissue Slide	TCGA-24-1467	d857b9b63561cf6cff74fcce1d6c546e
51cf773b-b807-4547-adcf-209478c66fc7	TCGA-24-1604-01A-01-TS1.6d8ad821-149e-41cc-9926-71b32c12469c.svs	284366569	Tissue Slide	TCGA-24-1604	fb1533ece241d0ceeb406823eb2dbaca
39f25e7b-365e-4648-a1c7-e8b8736d3a47	TCGA-13-1485-01A-01-BS1.2db443ac-fdab-4759-8e64-eb343b89aa91.svs	413042979	Tissue Slide	TCGA-13-1485	037b7646597cf7b2c7c91e04cd23a14e
19e55659-383b-4a66-b098-cf992bb2d1d7	TCGA-30-1862-01A-02-BS2.223b3dda-6e14-404e-9301-85e97e8a8e65.svs	106854557	Tissue Slide	TCGA-30-1862	f4f8b60e593eaaab25da9a04d553c21a
ffc602f9-cdc3-4094-af69-50c62286f434	TCGA-09-1670-01A-01-BS1.add0cb07-6946-4e37-ac37-5bf786c99bc8.svs	102302889	Tissue Slide	TCGA-09-1670	0d8bb75e0b6836f4e143c53027492980
9c0f7570-5ebb-4b08-8771-85161c147b08	TCGA-10-0934-01A-01-TS1.b10fc6a4-5db0-444a-9aee-dfba6b1fdd62.svs	49411725	Tissue Slide	TCGA-10-0934	3e04a7efa404660910c4b51dd8366189
aab8d857-8c23-478f-a93c-4b6a10c1ac61	TCGA-29-1690-01A-01-BS1.93d3d15e-ec2b-4359-ba33-8bc7e19384eb.svs	296218051	Tissue Slide	TCGA-29-1690	507fc277470ec87e37db6b2d300ad846
a763a07c-3721-4242-8193-53ef2954eaa8	TCGA-25-2397-01Z-00-DX1.B6FDE9A3-6A51-4A79-82CB-51ED37945A54.svs	2358953486	Diagnostic Slide	TCGA-25-2397	f8e18de1544d9bf55f1b2834a19981e3
346b2eda-b93d-48c0-868a-39e15c0fd012	TCGA-61-2016-01A-01-BS1.1fb11083-ac0e-479c-b1e6-be6413fd67c8.svs	56168977	Tissue Slide	TCGA-61-2016	442a9d55930bd1195f55eaebd7ca936a
326f2bab-610d-4579-acec-df9156f869e2	TCGA-24-1616-01A-01-TS1.8b605a9a-3f71-4af6-b7eb-1bb33efa45ed.svs	146666401	Tissue Slide	TCGA-24-1616	70fafd7ff942ed0063d2ec08fd1876b6
ec92e19f-588a-4e63-9600-fce684a7fc50	TCGA-09-1672-01A-01-TS1.487d9b50-0496-4252-b80d-3849cf769fb5.svs	55795911	Tissue Slide	TCGA-09-1672	d8a2af6f66c60da1ebd65471df9e71d2
60411a3d-b6db-4ba6-b8db-7cd27a702ad2	TCGA-25-1328-01A-01-TS1.7302303f-6917-4ca2-9547-8a657c7274e5.svs	216543203	Tissue Slide	TCGA-25-1328	e603eef6a2a0938f4935dac09dfba63a
31a522ba-d5a5-4b63-a5cc-2df6eebac1ee	TCGA-24-2033-01A-01-TS1.88804778-148e-4bc9-9ea2-958f6e212d0c.svs	157124701	Tissue Slide	TCGA-24-2033	d8ef9757c33d7c31de1f8fc61ee1e287
7dd3d563-c853-4436-afb3-066f900fccf8	TCGA-23-1110-01Z-00-DX1.61C2DBB8-7F5C-4878-BEDC-6AE061A2D7D4.svs	1992524927	Diagnostic Slide	TCGA-23-1110	f4f6ce515208b0bbf8a2d09335cb4178
5b8b8ffd-ec53-44b7-92e7-f78fc5e6b0c6	TCGA-36-2549-01A-01-TS1.820fa56b-250e-4fc1-a213-d4dc7cb5e901.svs	1043609595	Tissue Slide	TCGA-36-2549	7259e75bfdb25bfc6642e5efbc9bac3e
0ce4bfc3-b0c2-46e1-b852-d6b47001de61	TCGA-29-2431-01A-01-BS1.d2999484-a99a-4beb-aa23-7b01911d4244.svs	76354627	Tissue Slide	TCGA-29-2431	c740985a74eea7d928503e39c321a188
0addd6e4-05c8-46d5-b1ea-a7cf0db4d177	TCGA-24-1845-01A-01-TS1.c7917780-aa0a-4784-8a61-222bb9edf646.svs	214344469	Tissue Slide	TCGA-24-1845	63780a29878a749bc298d9a99bf2be1b
c263af25-46d6-4828-bc5a-117ba955d4eb	TCGA-24-1560-01A-01-BS1.f5e67453-b8d9-4f8d-84be-05608fca2722.svs	161596393	Tissue Slide	TCGA-24-1560	bd5cd4fdcd6b1fda1a3f85faa51bccdd
f1c676e0-e5ea-4644-bc7f-81f44e421c09	TCGA-13-0903-01A-01-TS1.d9ac6de0-abdb-4688-8575-f65dc38eb933.svs	190218269	Tissue Slide	TCGA-13-0903	58cb3bcaf6e53ec83c646dd787115ef9
2903e996-7e2c-4330-b868-d770082f1245	TCGA-10-0930-01A-01-BS1.24152907-d723-4056-8ee7-2c90090b97ea.svs	42960549	Tissue Slide	TCGA-10-0930	fa2a4f5b8bddbf1180e7d9574749b887
4e4902ce-3286-4ab2-8278-b29322d08212	TCGA-13-1488-01A-01-BS1.783d5d20-6ac1-4777-9bf8-dc82d203c7d6.svs	256074203	Tissue Slide	TCGA-13-1488	06a4a44d6a479ea00207fabbb7adee89
d2f1340b-ff13-487f-9abe-a6234d8acdab	TCGA-61-2110-01A-01-BS1.e42d96bc-a002-4f4c-817b-d3a5b1af1172.svs	44025927	Tissue Slide	TCGA-61-2110	fa05eab03085ba1e14c844002fffda5a
203462bb-edad-49b6-994a-2bf9b0b664e7	TCGA-23-1117-01Z-00-DX1.783914B6-B079-4828-B77B-4C6306FAE4C1.svs	2214439179	Diagnostic Slide	TCGA-23-1117	043d7734bc01e4371195da79cc50eb5e
d8ed94d4-d3dd-4877-81cb-b74404c3fd08	TCGA-29-1696-01A-01-BS1.5ba62db5-014b-4d13-89d9-10a481d6a10b.svs	150470901	Tissue Slide	TCGA-29-1696	5d5dc729ce31ba3dbc5554fdf1766fc7
6e1f77f7-db6d-4fab-99a3-6daa94f7fa7b	TCGA-61-2094-01A-01-TS1.411172e6-1e22-4ba7-869b-1af9867c4d4b.svs	299715057	Tissue Slide	TCGA-61-2094	8a0ebb10bf780f249e55697bd307809d
4f69cf13-24c3-494e-8a5f-09541e2222de	TCGA-36-2530-01A-01-TS1.1cb4c073-569c-450a-bef8-e25d07f58097.svs	603116061	Tissue Slide	TCGA-36-2530	6f6d0ecfd26bd9a3fb678a3787b6183e
2ea3a77e-7f8e-4801-8dcd-8052b19c1193	TCGA-04-1341-01A-01-TS1.c8420eb8-4f42-4b9a-a00e-2e18e43303f8.svs	99027427	Tissue Slide	TCGA-04-1341	b85eb668b34772ebc948f7af77cdb604
a6b72d76-a6ba-4f9b-8942-4747ed7240b6	TCGA-23-1117-01A-01-BS1.07e61daa-26ba-4954-94a0-6a06d08b2c21.svs	92952639	Tissue Slide	TCGA-23-1117	ca4654d8956cd72695a8917628cf70e7
4c752ade-b276-4903-8286-073771504821	TCGA-23-1024-01A-02-BS2.abbe97b3-ccf4-417e-b838-715a487e2595.svs	47117385	Tissue Slide	TCGA-23-1024	fb668efe30ce27bb1cd4945f5d798d9a
254a635e-03b7-46c8-ab6b-e97798b12b9f	TCGA-13-0724-01A-01-TS1.bb70ca78-9511-406f-b555-917d69bbdddf.svs	211701365	Tissue Slide	TCGA-13-0724	19bd1cab87759daaf35969dafd0d1fac
3ea31a58-1c02-4403-8dd1-ff020584e953	TCGA-25-2393-01A-01-BS1.57857d1a-37a7-4981-805a-609817bcbe0e.svs	194568285	Tissue Slide	TCGA-25-2393	4c889d763e88be4477695f6caf569e3b
948ada13-6124-4974-b335-6c242b4d2c90	TCGA-13-0900-01B-01-TS1.bd003171-83a0-4ad5-a012-58abfa9d00de.svs	291821673	Tissue Slide	TCGA-13-0900	c9fcf64b8501a3a2b136a14346b058bc
ac3d4e76-5812-499b-be36-f0912e79d9a3	TCGA-23-2649-01A-01-BS1.eaec24d8-522d-463b-84ff-808b9a5fcf3a.svs	143371549	Tissue Slide	TCGA-23-2649	65fae2d12fa631c0f4d3b532bca1fccc
f133e61c-ab61-4f38-b9ba-a1883f533edd	TCGA-24-1843-01A-01-BS1.67b22c44-f74a-4da1-b048-b733fa840f44.svs	97183691	Tissue Slide	TCGA-24-1843	f94ae1812419a7df69eb0858eadeac4c
a0b86857-cfd5-404c-8143-aa3f681fc5de	TCGA-29-1774-01A-01-TS1.fc56e04c-830f-4e84-ab7f-4a942bcfdfa6.svs	173694681	Tissue Slide	TCGA-29-1774	edfc1a53a62585316168eaa98c667a36
ce4339fa-223a-4677-939d-d56db44bb123	TCGA-04-1638-11A-01-TS1.ef1a4f8c-c14e-45e2-9297-c8e0d80a9bf0.svs	67506545	Tissue Slide	TCGA-04-1638	a13dc40536f1f9661dca01a745fb7cd6
a985008d-73d1-4437-a662-7d4566a6dd33	TCGA-61-2612-11A-01-BS1.471ed8ea-a82f-4ee4-b6ba-0e8cc3f0634d.svs	156988921	Tissue Slide	TCGA-61-2612	a94e4fb214d25ff238b786fc8e08158c
481ed757-dfc4-4add-812a-60d8562db1fe	TCGA-04-1638-01A-01-TS1.a7f3aa80-6c02-473d-b311-fbcbb66161f8.svs	94215041	Tissue Slide	TCGA-04-1638	f8442222f3572cf021879032b1fa83dc
9799d512-14f4-4e24-b142-8d2355d4298a	TCGA-36-1577-01A-01-BS1.68b0e766-085f-40d9-a3ba-2163f81f8af5.svs	135694661	Tissue Slide	TCGA-36-1577	4277ae8122d278b343833627e2015115
f11060e6-8fd1-4b72-a546-e4d4d2718547	TCGA-24-2261-01A-01-TS1.be1df9a9-9cb9-43e5-a447-56368f965041.svs	257226819	Tissue Slide	TCGA-24-2261	3a7b18d9b4125f22028de2ae34efa38c
85c02d0b-cebd-43f6-babd-c6d890d20c9c	TCGA-20-0990-01A-01-BS1.f2fbd6ad-c3a2-4d10-a8ea-7abd8f94721a.svs	210766937	Tissue Slide	TCGA-20-0990	8b765d41cc46505b120a29acc523d996
b9b7fe7b-f83e-4bc6-82f0-2f81ff0c34c7	TCGA-59-2354-11A-01-TS1.e597d6fa-9435-4056-8081-5b9e1defb618.svs	57069143	Tissue Slide	TCGA-59-2354	fd35bdb7780f50c206ef986df6b7607d
a720a19d-a6eb-4b3d-a664-629993a202cf	TCGA-13-1487-01A-01-BS1.a695ac28-7c81-420e-9940-f4cc99483200.svs	265207921	Tissue Slide	TCGA-13-1487	ae5cd23ce03b30822bef7480dd3f1aa9
d1752586-e4e6-4d46-bfaf-a53d9cbd9c73	TCGA-30-1867-01A-01-TS1.d765a6d5-cce5-4218-b21c-7835e7638557.svs	34161453	Tissue Slide	TCGA-30-1867	4fc5d73015137522cc16eff6ebec43ee
8e8b70e3-c8a3-42d4-93de-7fc88dd99121	TCGA-20-0996-01A-02-BS2.e9680579-c575-4dc8-89f0-516b4fa93225.svs	410060165	Tissue Slide	TCGA-20-0996	891f8b3dbbeec979ed85df3eaf5e21ea
ac2162c9-5ff7-41a4-b5ae-0532ef13fc01	TCGA-13-0924-01A-01-TS1.c61ffb1a-c4d3-463d-93ec-1ea5bb9ace24.svs	267606217	Tissue Slide	TCGA-13-0924	d90da618e53c607556ee6951936b79c9
e7c04e51-f881-4d4c-85d2-d005f2aa8ff2	TCGA-04-1353-11B-01-TS1.bd1f6544-80ab-4e86-9ddc-c8040f03a53a.svs	53364353	Tissue Slide	TCGA-04-1353	65828f04b4ac8305ba75697e3e3df236
1d132e6c-d0b8-423d-abdc-2c14f51a7bc4	TCGA-61-1919-11A-01-TS1.f5245653-fd05-42e6-b386-f9fe533fa07e.svs	57719615	Tissue Slide	TCGA-61-1919	3be1b89fccb9a35c091240e10ff005f1
8d879f25-d881-4aa9-bfb5-7477bf39abb5	TCGA-25-2408-01A-01-TS1.2330ccd4-cc94-4100-96cc-d87283169e70.svs	247429017	Tissue Slide	TCGA-25-2408	fe1988d160f6466418b2d91bc661c3b7
64519ca4-6aa8-454e-b6c9-c10120fb1427	TCGA-10-0926-01A-01-TS1.81702be2-0c3a-4469-9a63-c74a08cc04f5.svs	44703535	Tissue Slide	TCGA-10-0926	45e2b7ab823e56455299c643b2a82efa
9ef5680b-7a2b-4d6e-8122-4e9044598a36	TCGA-23-1120-01Z-00-DX1.59367B12-17F1-41AA-A6FB-8D940365176A.svs	1682446983	Diagnostic Slide	TCGA-23-1120	f4607c440eb0778eb07ff5fa1d4e88ee
dcba802f-1209-46be-9c99-22e36d322d3a	TCGA-36-2545-01A-01-BS1.87de6cb1-68aa-4834-9329-f0ad4cd88ce2.svs	307087293	Tissue Slide	TCGA-36-2545	3a6c2f88b2c1fc3854d0a0bb32072818
2eb28a22-16c5-423c-9b42-b5dcc3c2a94a	TCGA-04-1357-01A-01-BS1.96386ac1-65c6-413e-8c0e-f3ede77e195d.svs	157030929	Tissue Slide	TCGA-04-1357	57b5c84d1900d36b0b9567205d5b3155
6ae33662-7ac1-4d6b-b57e-fb0f75f4902a	TCGA-61-2109-01A-01-TS1.031075e9-b603-438c-89cb-a22f24f0da61.svs	258770901	Tissue Slide	TCGA-61-2109	4e4d89b74e61ed33feb1e8e7f226a519
121a14ac-5131-4ac1-ba5e-4e9678dd7a6c	TCGA-04-1646-01A-01-TS1.8a683627-5337-4f49-9007-87731c07cd59.svs	80820897	Tissue Slide	TCGA-04-1646	c5c5f3258a2b62c48a5a404668445fdf
d02fead1-a9d8-4856-816a-3b56d7ad42e4	TCGA-13-1484-01A-01-TS1.c6df9072-78a4-40f9-a081-b0ca35de65e3.svs	259753453	Tissue Slide	TCGA-13-1484	13df95ed00679942cae7f4d5ba02f567
c4f77660-5a5c-456d-af08-8976fc54dd67	TCGA-04-1346-01A-01-BS1.58c3c750-b9bd-45fe-a02f-7795b74d97fc.svs	119884747	Tissue Slide	TCGA-04-1346	4c1f4d1778f2a2823a47bd983a184997
3d4db2e4-eed3-4d2f-965a-bb8c6a679801	TCGA-24-0975-01A-02-BS2.3defbb5a-45f4-4e55-8ed1-c968b4ff2ced.svs	467792479	Tissue Slide	TCGA-24-0975	9e529d3fa63b6bcd26a8b905c9e9e004
16dba97b-8141-49f1-a2bb-9720e925c0f6	TCGA-36-2547-01A-01-BS1.42a7ba3c-1588-4850-9089-358aab260738.svs	180005117	Tissue Slide	TCGA-36-2547	f6df24f7f3b298e761ebcd8704ba5503
97b5b455-9691-4bed-8a7b-2f6e9c122cd6	TCGA-13-1494-01A-01-BS1.cab96c45-52ab-4584-98c5-372e9f850dd7.svs	259888099	Tissue Slide	TCGA-13-1494	1c1f8ddbf901750c576f38122ad49e7b
0da48840-c58e-4f73-9abb-3bfac4884b93	TCGA-61-1904-01A-01-BS1.227162b6-38f4-45ad-b750-5a2a958d45e1.svs	76495575	Tissue Slide	TCGA-61-1904	54c6933488db4bdc11d502dc8a220d1d
25cfcf70-ed1b-4e2f-91c2-494355c1875d	TCGA-61-2003-01A-01-BS1.a8771b76-02b4-418e-b9a6-2282807606e4.svs	286113051	Tissue Slide	TCGA-61-2003	4fa1d01d81514c0f01ea8596c3e64a20
1026b52b-baef-4f3e-ae9e-a088fa2cf246	TCGA-23-1107-01Z-00-DX1.5B9C1283-62B5-4329-873D-009FA939CA69.svs	2264299355	Diagnostic Slide	TCGA-23-1107	cbbbd7653915cd0c33921090368cdea3
5cb772b5-748c-48d9-aedd-4c8b120760c0	TCGA-61-1907-11A-01-BS1.160bdeb0-a66b-4c64-b493-d71f0945da54.svs	166957343	Tissue Slide	TCGA-61-1907	04fe0b3ce4ce6de197b5b80ccd285d21
593977e3-d99d-4f7a-9cde-1dfdd5d201d2	TCGA-23-1809-01A-01-TS1.ee5e78ba-2887-4eab-ad57-edb5efb61942.svs	142974231	Tissue Slide	TCGA-23-1809	572eb2ed38188b0e09c45bad67998830
65d45e5e-463b-4d07-a392-bc50e3a0d605	TCGA-61-1907-01A-01-BS1.525f99b8-8596-4e25-b42a-4832e9dcb408.svs	318884173	Tissue Slide	TCGA-61-1907	1a5013fb61c51185c8d911fb44731d17
261a95f3-1ec4-48ee-9b63-efe8faa8b6b1	TCGA-42-2589-01Z-00-DX1.c3abd56a-7d75-4972-982f-3d86da96ad1b.svs	180705935	Diagnostic Slide	TCGA-42-2589	627d146d42eda1de53e767274675d553
6f43781f-a927-4e23-8b2c-a6e2debd452a	TCGA-13-2057-01A-02-BS2.b0057743-ee70-41c3-9bca-e8c28a8b3461.svs	643168943	Tissue Slide	TCGA-13-2057	6e969f040d544c0e9964399c7546500d
cc61f245-259e-45e8-8c82-06dc46465fc3	TCGA-13-1499-01A-01-TS1.116d81fb-17b7-46f8-abb6-e1fb37fbbfc9.svs	303752277	Tissue Slide	TCGA-13-1499	b64c7aefefa32362becc1ac0da6aad60
2235d26a-520b-43c1-9579-d2162403da5e	TCGA-13-1504-01A-01-BS1.8b60e9fd-1119-4e92-a606-881b1daecbf6.svs	306778405	Tissue Slide	TCGA-13-1504	bb957ac29e9580a42ebd5bc00a7b1672
1958405e-a5a7-42f4-a248-8debc85ae4e6	TCGA-09-1665-11B-01-TS1.e95b25fc-7d09-4d09-b384-4a4000c0833f.svs	80390141	Tissue Slide	TCGA-09-1665	2486932156ea0396436ef6fa4818677e
291ce8a9-1950-4b60-bff7-3187b67ca7d2	TCGA-29-1693-01A-01-TS1.4e3372ca-7a0e-4716-882e-2513dcdcbf14.svs	84673575	Tissue Slide	TCGA-29-1693	6787ba34b24dbd89ee8d0f2bb1d73c15
f8a8c943-628e-4310-9d3d-a7a5ee441937	TCGA-30-1861-01A-01-BS1.30a7078c-aeeb-4c9d-b0d8-8d66163299cd.svs	132543471	Tissue Slide	TCGA-30-1861	b0c823d6e12093164c0391ae9a000ec5
2cc5c93d-0c29-45de-a041-82e6729f0880	TCGA-30-1861-01A-01-TS1.a7c5de2f-252d-44e2-b5fa-9beef553a8d6.svs	78528443	Tissue Slide	TCGA-30-1861	903adf93c11e4a1dd5e6773f62d51b5b
286ae192-4204-4dba-8da8-9618583f2765	TCGA-13-1500-01A-01-BS1.4e76ec10-d855-4a1e-904c-2670ce67f144.svs	361253163	Tissue Slide	TCGA-13-1500	76da293fe7bfed313ea0444ce6ca0a28
9f75e2d5-aba1-44d0-813b-ab97ebb5b7c0	TCGA-04-1649-01A-01-BS1.159f5035-741e-4b41-b825-dc56a18524cd.svs	137572303	Tissue Slide	TCGA-04-1649	fb5b1ea057567b342fbb08df86d4d9ed
4031ad6f-f307-4922-b431-8f4182336408	TCGA-23-2647-01Z-00-DX1.21E5D0D8-6BA8-4D49-BA70-EC228CF10387.svs	1932863803	Diagnostic Slide	TCGA-23-2647	f65f6b0c355652effe1f9fa9c914727f
44035aec-8d4d-4528-a079-34a24562c779	TCGA-13-A5FT-01A-01-TSA.85EAEFA5-9F54-4A1A-B907-393CA55B627D.svs	95479775	Tissue Slide	TCGA-13-A5FT	af0d1baf860205f91ad834c5fdcb2752
c35ead43-cf8a-475a-b836-a133f354d739	TCGA-24-1105-01A-01-TS1.b1eba572-c739-453d-8612-b5e33a50bbac.svs	232184597	Tissue Slide	TCGA-24-1105	5574a66e8eb04ff247c58709c29fdb5a
73a20a65-9e11-490a-a71e-976109aa9091	TCGA-61-2000-11A-01-BS1.8cada73e-b1e6-40d6-8245-0de3684ef0eb.svs	87675181	Tissue Slide	TCGA-61-2000	29629611434b12175a19d3204fa4d0f5
5b04c790-30b6-40c7-a91b-e962c880bb6a	TCGA-24-1105-01A-01-BS1.6aefaf25-f9ca-4d2e-8fe1-c76af069cfb9.svs	242633373	Tissue Slide	TCGA-24-1105	7607cf9f9cdcfcf3b4b2f2c9bb30e610
68ef381a-73c3-4b28-b606-b5b0804ca12c	TCGA-61-2000-01A-01-TS1.1ae6e2bd-7e0d-42e1-a0f3-c13499f536a6.svs	104916535	Tissue Slide	TCGA-61-2000	98c28b6549b0c82eaa3df8691bc44c42
d922479a-2e0f-4655-9f65-042abdc736a9	TCGA-23-2643-01Z-00-DX1.E60DF03D-326E-4182-84DA-77263C4C52B3.svs	875878857	Diagnostic Slide	TCGA-23-2643	811a1db6c6c8258e7d9e8a93145aa440
b5cd8cae-f1ad-47b8-b4b6-5b8d28cd0fbb	TCGA-30-1866-01A-02-BS2.c7539c9f-48aa-4af8-a182-233f4b6d3068.svs	144925423	Tissue Slide	TCGA-30-1866	343c041673f969568fdd04d8a122d5e1
56349d4b-c2fd-4613-a415-d43295eb8d6b	TCGA-25-2404-01Z-00-DX1.7193B185-31C3-41D0-9194-86DEDF15F096.svs	1999509800	Diagnostic Slide	TCGA-25-2404	848c40ff83cb566701f4fd68e37ccc73
9bf2e364-c36c-462c-b73a-8ccc9c8823ef	TCGA-61-2104-01A-01-TS1.fed6e808-15d3-4922-ab69-e3650d4243d1.svs	141054977	Tissue Slide	TCGA-61-2104	85eb2267591dd778f92f77cfea77b91a
11f542ec-2673-4288-95b7-78f2add160ea	TCGA-13-1509-01A-01-TS1.c55b2176-151c-4d47-a9ce-e219fcf78418.svs	648712803	Tissue Slide	TCGA-13-1509	97b940aa4c1b409883ec50d14e51c45f
6c86bd92-30c3-4e69-9cb6-cb4fff6d5f7d	TCGA-04-1349-01A-01-TS1.acb74f2f-8270-45d9-90e6-f2032d17b4c9.svs	128755293	Tissue Slide	TCGA-04-1349	6cca3436f55f8ddc705b41a23cb7ff9f
f0d58e94-3209-4b3f-930a-ba29a5f5aa09	TCGA-57-1585-01Z-00-DX1.934E0F30-F804-4CFA-92D5-41576DA6C367.svs	234287190	Diagnostic Slide	TCGA-57-1585	87dfde96ca0cc8092f7674d9db153577
6ecafdb6-ffa8-407a-b0c5-8d0e5a11e804	TCGA-04-1542-01A-01-BS1.ab989ce3-156d-40d7-96ff-88a9f77206d2.svs	49156713	Tissue Slide	TCGA-04-1542	01d6f9ed929bb36fbd095f6a9e559aaf
69d9de74-c8ba-4d18-be90-1eb749a2548c	TCGA-61-2613-11A-01-BS1.aedb39af-5376-46bc-8cbd-0b8ecbc09da3.svs	41494723	Tissue Slide	TCGA-61-2613	27dd7cf166e5b6a07bfacccba0e63139
d0417312-e803-4748-9b35-0137f904ef28	TCGA-24-1551-01A-01-BS1.41335e52-92cb-47c1-b5d6-cfaf07041b09.svs	119708583	Tissue Slide	TCGA-24-1551	333f3b58d9b39ea4443c0395cbd54bfe
788ae7e2-1bf5-4504-a178-8b05b450daf4	TCGA-23-1118-01A-01-BS1.8d624207-a194-492d-b84f-da0a617d2fc2.svs	162941109	Tissue Slide	TCGA-23-1118	915b6a91a76020626b0cbf6becf69d82
e152cd27-3fee-484c-b288-bdd80bbc6dda	TCGA-23-1118-01A-01-TS1.fbcfe18d-548d-4c26-8ed8-c13545b48e49.svs	84796245	Tissue Slide	TCGA-23-1118	0abebc430f1cfe5ad4e770146f5a2d55
082f3c57-854e-48ad-9d0d-3279c9608881	TCGA-10-0931-11A-01-BS1.c669b00e-ae1d-4186-924e-2e8ff2643be9.svs	65975669	Tissue Slide	TCGA-10-0931	419b38b50ae19268b30a03526021c334
208aa2c0-2231-4ff6-b5df-3258eda1fa3a	TCGA-13-0800-01A-01-TS1.b12d32bb-aeed-4d6d-8ee6-f76bc9fb8d76.svs	278287083	Tissue Slide	TCGA-13-0800	2fb0fdfc860f46b1b19b23fa7fd06601
511167e5-6e53-4253-ae54-8e749fb70b0c	TCGA-20-0987-01A-01-BS1.5bd6ee19-dc60-48ab-bdb1-b28ed0c70f4c.svs	259394937	Tissue Slide	TCGA-20-0987	7e867334ab6185b1d6759b4fd197f989
8ae5894b-4fad-48af-8f65-285611f69ea3	TCGA-25-1877-01A-01-TS1.5ee23474-2d31-4fb3-b0cd-5c105aa8e6d9.svs	120846605	Tissue Slide	TCGA-25-1877	fc7bc75283383715e72ff8cc73a4a99f
f74f15c7-01dc-4889-9406-0c8ed4e855f4	TCGA-30-1853-01A-01-BS1.97d7d1f1-3b08-47ed-84d2-9c7439d1720c.svs	174717569	Tissue Slide	TCGA-30-1853	cdc23e4b86be236df8477451999be692
b2ab1950-506e-40f2-86a4-7231052f7b67	TCGA-25-1319-01A-01-TS1.4d68fbd5-1e16-4050-aeae-c6ca6c0a34f6.svs	363009367	Tissue Slide	TCGA-25-1319	a2839cb0a19a3a59e923828e68328f8f
b694d003-a5b4-43c5-ba9d-730ca7d419f1	TCGA-13-2061-01A-01-BS1.ccc816a8-70f3-44d8-9fc5-cf3d4b30a3a0.svs	475857903	Tissue Slide	TCGA-13-2061	1af6ac6cb78204323da7689710013b18
26a2ec96-cdf1-419e-b0b3-55d2a2db0fd2	TCGA-23-1114-01Z-00-DX1.26CCA42E-4947-4318-A983-D3B31603482E.svs	2334571527	Diagnostic Slide	TCGA-23-1114	e34d7e64d5cba3cdc57dc8863e6ffecd
fa44b754-a99e-4302-9437-064679211faf	TCGA-61-1730-01A-01-TS1.dada7986-15ba-47aa-996b-84b27e87722b.svs	132922395	Tissue Slide	TCGA-61-1730	e7b1d1f48294f304412f6b2394b43e66
369b50a8-a7de-476a-a3a0-09aa908164cd	TCGA-29-1692-02A-01-TS1.12ef0a5c-c802-4294-bb0f-5d2f3c1b69b9.svs	55987937	Tissue Slide	TCGA-29-1692	a2b2dae52605c13af5ae83d935bf7f71
c736ddb9-5da9-4ad9-996e-8ba17da2443f	TCGA-29-1692-01B-01-TS1.2f5a7806-6d45-4669-81be-06a732632f54.svs	28246813	Tissue Slide	TCGA-29-1692	929a445a6108706a7bd72612a963beb5
0828c298-2fe1-476b-a33f-a554069e4363	TCGA-61-1916-01A-01-BS1.e0ac51f5-9ca5-4151-8570-d806e5190527.svs	178242937	Tissue Slide	TCGA-61-1916	a0b37e978b3dc2a87b8aecbace151a41
09b50b6b-7094-4014-b17b-a6e6ba80df3b	TCGA-24-2293-01A-01-BS1.96b19260-6a66-40bb-b472-749fb3caea6e.svs	141232989	Tissue Slide	TCGA-24-2293	e334346312fabd2afab943ee63dc1cd5
197413bb-4473-435e-bba8-ab46b320c501	TCGA-29-1692-02A-01-BS1.74a30586-0bc3-46b0-8618-a80f9569e533.svs	290748691	Tissue Slide	TCGA-29-1692	4ff82a5324cf2118ece4d949de0747cb
ca1a59a5-204a-47bb-84ac-9a5ebf46e931	TCGA-13-1489-02A-01-BS1.a3a8a1e6-ffaa-4156-b54f-0fadcd0371aa.svs	243547669	Tissue Slide	TCGA-13-1489	9adc6cf0a7b9e316d1823169723c7caa
521218c2-70bb-463e-b0c8-c191606a6610	TCGA-09-1675-01B-01-TS1.abb69f20-0248-4a86-9b1f-37a952f80b32.svs	94863309	Tissue Slide	TCGA-09-1675	29f082acdbf6690063d0f14a77a5650f
15b07a23-6b4b-4a48-a7a9-e8626756c464	TCGA-09-1675-01B-01-BS1.4759f445-41ca-4ca0-bbca-e70ac0a5173f.svs	65872651	Tissue Slide	TCGA-09-1675	d4e7119239c9f598740f16b42ca47ff5
d2aab2e3-08d5-4f54-92cd-7632da41873d	TCGA-57-1992-01Z-00-DX1.1022B1ED-3DC1-4F71-8635-0F8B28138B8C.svs	900700524	Diagnostic Slide	TCGA-57-1992	5ae6f22aa16d7119f85fefaff3044dcd
efbb8556-c569-4aef-a92c-79398ec7a260	TCGA-13-2065-01A-01-BS1.a6b0e158-c6da-4fb1-bf2f-e485b01c5010.svs	258345465	Tissue Slide	TCGA-13-2065	1703f9c6f9db19ae7123c06b8382881e
cd27bb01-a0b4-424a-9e54-c5d41cfb226f	TCGA-24-2293-01A-01-TS1.bbb53d55-4e3b-46a6-aa7a-98b79d7b6591.svs	170264615	Tissue Slide	TCGA-24-2293	12f656ed30fdd529f4b9b18eb6201ceb
6283d60e-9725-4d3a-9578-c82de226a0cb	TCGA-61-2095-01A-01-BS1.813c48d7-f747-4a93-b238-4fa77a1a54a5.svs	423855837	Tissue Slide	TCGA-61-2095	aef4df780d06c87af51b1ef4b3f1278f
7526049a-8070-4bba-9730-195ed4bd71f0	TCGA-61-2095-02A-01-BS1.e45770a4-6cbf-4500-a21d-6ca8b8c6a44f.svs	45631381	Tissue Slide	TCGA-61-2095	81d10d4d11ac73a93f9da7909a0cb448
ae065587-355b-4f3d-a3f8-3edf721dc200	TCGA-13-0913-02A-01-TS1.6b3e1267-f670-4836-9e04-012d1b63f14a.svs	205325225	Tissue Slide	TCGA-13-0913	62dc71f7e4e833edeb5630f1eea89980
2ab5b619-dfc8-48a3-b83c-a0d52da61cd0	TCGA-24-2298-01A-01-BS1.3257628a-82df-49ba-ba4c-5ab509434c97.svs	95770897	Tissue Slide	TCGA-24-2298	939af02d5ecd2fb32de0263fef4fcdda
309b2c63-02bb-443b-aab9-a51f3a4f0908	TCGA-61-2095-11A-01-BS1.bf371520-600a-4644-8f73-792b4bbbefb9.svs	41427477	Tissue Slide	TCGA-61-2095	08ace9af726a11c7b5dae596ef58d072
82d6cadb-467c-4e40-a18d-d85e45e7e9f0	TCGA-24-1928-01A-01-BS1.909bd06c-69c4-4de3-a83f-8f84522e9594.svs	52433307	Tissue Slide	TCGA-24-1928	c5c8647fe85176dbf837896302d8103d
06afb48c-cb12-4d04-8cf5-433b34b7ecc5	TCGA-61-1727-01A-01-BS1.5238c8a1-ed50-43f0-920d-528d5b1bec01.svs	203153649	Tissue Slide	TCGA-61-1727	6eac1aadf92ac9fd5d62dd63b0726619
5c4756fe-0d23-4dc8-ac79-7151e8cf8e80	TCGA-29-2428-01A-01-TS1.3667d0cf-166c-4f28-85ee-a86aaf1c5667.svs	228378561	Tissue Slide	TCGA-29-2428	a5416a4671cf5377ba4d86db646e99c9
ec5afebf-3042-4f1e-9a61-7c4a7635eba4	TCGA-31-1953-01A-01-BS1.f0a27d64-d7c9-438e-9ef0-636ee0881eb0.svs	108190331	Tissue Slide	TCGA-31-1953	9e54fd3ddc12a40187690f4aca952dfc
f65e450e-4883-439a-93a1-e4d506c8c73a	TCGA-36-2543-01A-01-TS1.5bff4f4d-fbb4-47a2-a1cd-1de842a19b50.svs	652339173	Tissue Slide	TCGA-36-2543	f4991493d6ca03b9176ed1db5dfe8700
adfc7bae-6299-4949-b9c7-377a09558898	TCGA-25-1878-01A-01-BS1.ed331319-86b3-4231-b58d-248b0063b8a9.svs	96064465	Tissue Slide	TCGA-25-1878	28b8683a973158016a82d7b0a1182a6f
24f75996-ef61-4071-9902-d3dc4405cba9	TCGA-31-1951-01A-01-TS1.5fe1fa05-31a4-478f-9008-bdb07e1b677f.svs	53241771	Tissue Slide	TCGA-31-1951	3b20b32e07084f8cc5d377929a0f25ed
c8d71080-7dc2-42d7-8880-9012c77bc467	TCGA-04-1351-01A-01-TS1.22068141-7bbe-4f0e-9b33-0856a213e4a0.svs	132208487	Tissue Slide	TCGA-04-1351	e86edff21ca0a814834cbab10a285d9b
6976e0ad-b77a-44dc-9be1-85b0c19bd6d9	TCGA-24-1104-01A-01-BS1.c0b24512-3855-4e5f-9214-1823828394ef.svs	247003693	Tissue Slide	TCGA-24-1104	e2849e1508cf621c7981257e1f08edf9
595dc5fb-f722-4765-8202-18ce715d8c88	TCGA-42-2591-01A-01-TS1.c445bb62-5dec-46f6-9f43-6d5bd90da0d8.svs	153833727	Tissue Slide	TCGA-42-2591	d9b3fef276aa1d2ef81dd30dcbe7611f
870922a0-0208-4337-b2a4-cec75ff0eaaf	TCGA-61-1743-01A-01-BS1.0361c2a0-1d49-4d4c-923d-1556c6da5b1a.svs	167240287	Tissue Slide	TCGA-61-1743	4d5885609c98bcb0b7afbe874455a5a2
317a26bf-0a79-43f6-b1f4-4417edfd714a	TCGA-09-1659-01B-01-TS1.8a082fbd-7649-4b19-8cb6-24f30dc4b2ba.svs	113588093	Tissue Slide	TCGA-09-1659	5fb9af38a4edcc15be56d63923827fb0
f959d500-b057-4fd5-bb1a-c1c2959e3ac4	TCGA-04-1652-11A-01-TS1.81c245cd-bc76-46f2-85e3-9cae2c80803c.svs	77204975	Tissue Slide	TCGA-04-1652	f183812541db64f2ad904dc6e5468a83
e7cccb35-bfda-4381-aca0-e7b59d5f3d27	TCGA-61-2611-11A-01-TS1.1e7c1593-3fc9-4ee1-880d-3197457bca52.svs	134721233	Tissue Slide	TCGA-61-2611	ef9c2804eb7721a29f895594247ba9c7
1bcb8923-4ac6-4c05-9e89-b66b0b9236a1	TCGA-24-1469-01A-01-TS1.9a49f54b-0127-4b14-a85e-269e6d785d26.svs	130300907	Tissue Slide	TCGA-24-1469	511ee5f7cfd003abb46a4cd57d598a2e
45e17b09-f1b2-41ee-8b4e-25bd124a3968	TCGA-24-1469-01A-01-BS1.6fc1655c-f6dc-440c-991f-999d34bec42b.svs	146819293	Tissue Slide	TCGA-24-1469	207b5d79d0db5f736cfcd66bd9bbaa8b
d76e7dc7-a4a7-4f6a-bad1-038c33151559	TCGA-36-1580-01A-01-BS1.2d7f0952-5f56-477d-9dde-9526e5a71b6e.svs	271372339	Tissue Slide	TCGA-36-1580	f1ab46d4c097d3c7cdcac487757f3c06
e8b09b9f-3995-4ceb-81f7-6d1e5fe77b71	TCGA-25-1312-01Z-00-DX1.733EC7A7-0FC8-4DDC-B366-DF5A45D6BB4E.svs	2547376292	Diagnostic Slide	TCGA-25-1312	696dc8419625424510f7832cba786273
283d45fc-5305-41a3-87fa-ccacee80b47f	TCGA-04-1337-01A-01-BS1.e91fb11f-2366-47ab-96f3-e92e78c85602.svs	71545237	Tissue Slide	TCGA-04-1337	169a4d6f16cfdf20d07d81cd961c623d
37a9833d-14d5-449d-9dfa-fe4ae6af4882	TCGA-24-1844-01A-01-TS1.de22faa4-e6c3-4f51-a17d-d450ee2ee1eb.svs	91973577	Tissue Slide	TCGA-24-1844	719f0e5d4158a64efcf9c10feefefe98
50f85b88-8668-4168-b02c-915d5ba0dce1	TCGA-61-1907-11A-01-TS1.baee25e5-c218-43f2-9914-ec605b1421b1.svs	111069939	Tissue Slide	TCGA-61-1907	1c056e869357e6e3489928a4b9581eb3
c4845306-3246-4ed7-97a6-9f6874ea4bcd	TCGA-42-2589-01A-01-TS1.9779d469-d4c7-4a4c-9c7c-cfaaa5eb1677.svs	36136539	Tissue Slide	TCGA-42-2589	077b40d3917a68f595f3e502dc0e6978
02e243bd-a14e-422b-8c9a-81a7de2bb411	TCGA-42-2589-01A-01-BS1.fd87f6a7-2a56-463b-8d05-ab6dc0cd7ee3.svs	136896349	Tissue Slide	TCGA-42-2589	384eb547f2b4f05700ca46aac41dbfce
799c5e27-eb73-47e3-9489-58b82a6c8d93	TCGA-25-2391-01Z-00-DX1.3930615C-785B-48D4-BD69-FD87932A518A.svs	2179256044	Diagnostic Slide	TCGA-25-2391	13306e189e3be5d557848b8889491846
407e4aeb-d9ba-4cb4-9d3c-7a015944796b	TCGA-23-1021-01B-01-TS1.80c2d0cc-5647-4f11-973d-7ef404254284.svs	67363749	Tissue Slide	TCGA-23-1021	4175e94b4f8f767728811d560cdb4969
699fe6f6-05b1-4ba5-b1f0-93c44ddfe48b	TCGA-13-1504-01A-01-TS1.2224d488-a25a-4d13-bf62-6b8518cc67d4.svs	423275281	Tissue Slide	TCGA-13-1504	dfcf62172f09bf93862781a11c81797a
6f6ec4b7-d473-4b58-969e-e534e1effd3f	TCGA-25-2391-01A-01-BS1.36d1284c-605f-4346-b6c6-048f71df6393.svs	303857241	Tissue Slide	TCGA-25-2391	de22367511aa6273cc23141ed894b07d
78cbeb4f-f757-41a2-a593-9097a4a88ea9	TCGA-36-1570-01A-01-BS1.b44d5ee7-7e05-4e8c-b2f3-03761aa43052.svs	179779583	Tissue Slide	TCGA-36-1570	d8755ae8eacc946e1d19c5e448fd289c
14209c89-408d-48bf-aec5-a6ec633190a2	TCGA-04-1649-01A-01-TS1.9f3fb886-8bf4-4b83-8d0f-16de98d84652.svs	97706107	Tissue Slide	TCGA-04-1649	0614f36d441dfbe1f0e457d695750847
47b4922b-e25b-4a1a-98bc-6ff1afefc985	TCGA-13-1500-01A-01-TS1.95e6bd03-3d90-44bd-a889-64466383d9fc.svs	514723167	Tissue Slide	TCGA-13-1500	d057f66c84ef082d2b93bff9d48649c9
37493ad3-9a70-4632-a884-cbffb26e070e	TCGA-23-2647-01A-01-BS1.6b554f23-4ac8-4798-9444-29bc3508bd9e.svs	76307071	Tissue Slide	TCGA-23-2647	d5b6c39aa075c640b8805b22d481c681
4d224914-9f8d-44e4-b743-481aeb510ba6	TCGA-23-2647-01A-01-TS1.f5ed26cd-8b2f-465a-8b2e-026afeba8522.svs	98218717	Tissue Slide	TCGA-23-2647	250a2311c2e473f3e1af102159126759
33c5654b-71f4-450e-99db-c284eb80865c	TCGA-04-1649-11A-01-TS1.df3ab761-f262-42c2-96ad-799a426c338d.svs	63030669	Tissue Slide	TCGA-04-1649	369fc28516b3e957de130aba4a45e8b9
877ab00f-2431-4a99-86a7-53f39e233426	TCGA-13-A5FT-01Z-00-DX1.2B292DC8-7336-4CD9-AB1A-F6F482E6151A.svs	691602559	Diagnostic Slide	TCGA-13-A5FT	d36f53fd99c0e57fe175408cb2f3de58
9053c192-b854-402f-8ff0-11ac8de3bd41	TCGA-29-1763-01A-01-BS1.0e52583c-5792-4c59-ac2f-8eb42cc26eba.svs	269529651	Tissue Slide	TCGA-29-1763	07a4b222c0b55d251457811a56c1ec49
65a02081-c13b-4ee6-ac06-f6a7bdeb8113	TCGA-23-1122-01Z-00-DX1.991C230C-E3B4-4DAC-9DCC-69E9FA7DF772.svs	2368635901	Diagnostic Slide	TCGA-23-1122	aeff9b67741589b6aeea045d90220f3f
dcb87a9d-248f-473d-b75f-0efcc9dc34d4	TCGA-25-1324-01Z-00-DX1.37D77658-1D25-49B2-8CDE-FC092EAA4CDF.svs	2753444494	Diagnostic Slide	TCGA-25-1324	2b10868ee50b760da81198af7c5a2362
96b4d5d4-e9fe-4db0-9df6-065959b7ec77	TCGA-25-1317-01A-01-TS1.c33273aa-4977-48d6-ac62-00d1f61260c8.svs	205825499	Tissue Slide	TCGA-25-1317	5073c457c8b515246681d3c92e2fcfb5
247cc1a3-d334-4a6e-bdca-216a9d583096	TCGA-25-2404-01A-01-BS1.08aa7e79-0ec6-475e-90bd-4ee3feaf12d1.svs	285634385	Tissue Slide	TCGA-25-2404	0dd4fe2abb7962f3e6d4f36d392029ef
b5f95096-9c2a-4559-9ae4-0fb18a42da61	TCGA-24-0970-01B-01-TS1.97d1c7d0-939c-4b4d-900a-32bde4406a8b.svs	489777359	Tissue Slide	TCGA-24-0970	15c82f915daf91c5773b17a170da530f
186c2e7b-9bc8-4a5a-a9f7-c48d8c641deb	TCGA-57-1585-11A-01-TS1.1497c983-dc07-400e-aa0c-f4fa7bf3bcfd.svs	19795639	Tissue Slide	TCGA-57-1585	c6ab4322ce0857fdfade287c06364aa0
0e703219-cf2e-44e5-a523-1d89d0859d8d	TCGA-13-0899-01A-01-TS1.2685cda5-6261-4f47-b643-cbb7d9a70dd6.svs	307049073	Tissue Slide	TCGA-13-0899	ef935a67cf642925460a89ee2394c404
ab5a086e-dc28-4abc-8326-dea7ff045a85	TCGA-13-0899-01A-01-BS1.038bf72a-ce13-4f12-886b-4add8942d1f6.svs	238688823	Tissue Slide	TCGA-13-0899	17f25600c393b4994728f8c45cc75aea
0e21fe2c-b814-4cdd-a2f8-0b1776ab6b3d	TCGA-57-1585-01A-01-BS1.dc0fc133-7b19-49c1-a568-3b1372306ae0.svs	110416099	Tissue Slide	TCGA-57-1585	a3453c556fad55e6507182cb85c16479
c9b0d65f-d512-4636-bd88-955e4577a9da	TCGA-13-1412-01A-01-TS1.9d28a08f-9f58-41bf-9a9d-71f2eb9e50c9.svs	311738301	Tissue Slide	TCGA-13-1412	286c8241ffe184725b23dc7d93745e7b
e774a68d-2976-4ecf-8f31-7edd07b0a708	TCGA-61-2613-01A-01-TS1.6aeea3ef-442f-444f-ae40-95243d2f8c60.svs	129496551	Tissue Slide	TCGA-61-2613	185bc4d98df4379c56389ba8510ef899
6ef921cf-b2dc-425e-8b92-cda4549d2594	TCGA-23-1123-01A-01-TS1.9d6036ea-f3bb-4e32-b1b1-51d0a4363b3a.svs	84340167	Tissue Slide	TCGA-23-1123	b29a4ca071a20407c57a634c57604703
666e8f69-ebc4-4369-a3ed-e49efd1ff7d4	TCGA-23-1109-01Z-00-DX1.FB0886B9-8108-4A74-8A29-FEA4381AD69C.svs	2129352197	Diagnostic Slide	TCGA-23-1109	a7b04181f0977bbfd2550464f2eb8ca0
18ab0062-67f2-46c8-a6b2-130443d753f8	TCGA-24-1562-01A-01-BS1.7a3a55d0-2158-442e-a14c-89627c590101.svs	105629125	Tissue Slide	TCGA-24-1562	ce7363854d36a2bbb8f89f5501edc399
d2b34006-09d3-4767-91f2-7c3eebf998e3	TCGA-24-2030-01A-01-BS1.6bd48551-d5db-4925-b29f-ab9077e53bc5.svs	159716541	Tissue Slide	TCGA-24-2030	3f242726d5bfebbb825936e3889c7fe2
16842d77-f2e4-4acf-9b63-201a8e2fd068	TCGA-61-1913-01A-01-TS1.d372f142-bc5f-4def-9d80-ed5f02900b57.svs	100272429	Tissue Slide	TCGA-61-1913	ec1ab4df6cacb8cf687ac3444fe48b50
bded561b-b36f-48e7-848b-fd954aea3ae1	TCGA-25-1877-01Z-00-DX1.ECD98484-514C-4E9A-913B-F7EC55D6A8FE.svs	4221998982	Diagnostic Slide	TCGA-25-1877	ad4dc4d61711979b818697d7a9139228
2047648c-198b-4dd7-97c6-a15a6d43f7cb	TCGA-36-1569-01A-01-TS1.f47a78ac-7858-487d-9012-24c5c39db80d.svs	184240449	Tissue Slide	TCGA-36-1569	7f0443ee3819fae9afde007498fe43f4
1de9f421-2396-4f47-89a0-202342ee8984	TCGA-25-2404-01A-01-TS1.cc560f7f-9491-4242-80ac-74f2ff537b1b.svs	224618573	Tissue Slide	TCGA-25-2404	78225b25ab5be6d8a139ef89e2a9a9f5
14b1e6f5-0253-4b9c-9240-1fe8b2a5d707	TCGA-04-1648-01A-01-BS1.6cecc6c4-6af7-4db1-85c1-e9f88751d7a3.svs	81157473	Tissue Slide	TCGA-04-1648	fb59888f57cc8dfbcf364afd6c074aac
447b3e47-a3c8-42e1-be99-9a4d02cc5844	TCGA-29-1776-01A-01-BS1.0b7528ff-07cf-4940-88be-d12a3191aaef.svs	226105483	Tissue Slide	TCGA-29-1776	cd20d225a87f9fc6683e4a58afc1a4e7
